cart_position,pole_angle,cart_velocity,pole_angular_velocity,action,reward,next_cart_position,next_pole_angle,next_cart_velocity,next_pole_angular_velocity,terminated
0.003064275317292313,-0.008781659225993289,-0.007401245529464333,-0.0026573951641451154,-0.5781266,1,-0.0010611467039503557,-0.0001696111535098792,-0.19836525550493747,0.428911110022321,False
-0.0010611467039503557,-0.0001696111535098792,-0.19836525550493747,0.428911110022321,-2.5592606,1,-0.025952634869553213,0.05575126306289627,-1.0439505672936518,2.349954591708147,False
-0.025952634869553213,0.05575126306289627,-1.0439505672936518,2.349954591708147,-2.3403518,1,-0.0829194057667536,0.18343034565348612,-1.8009682169766388,4.023625902290222,False
-0.0829194057667536,0.18343034565348612,-1.8009682169766388,4.023625902290222,-2.8818715,0,-0.1730509875201662,0.38421725475317786,-2.693177783598919,5.977538448075762,True
-0.00819707899538948,0.007906295620636015,-0.006526220957496707,0.0061559629594739864,-1.8956147,1,-0.021086642835731962,0.037484927826349664,-0.6361719698391853,1.4578800032159591,False
-0.021086642835731962,0.037484927826349664,-0.6361719698391853,1.4578800032159591,1.9660772,1,-0.03332830839355741,0.06461797559555274,0.02102259231664403,-0.07355552627058962,False
-0.03332830839355741,0.06461797559555274,0.02102259231664403,-0.07355552627058962,2.3458905,1,-0.01705604236464523,0.02737062825324168,0.7908911242403538,-1.7734313499175896,False
-0.01705604236464523,0.02737062825324168,0.7908911242403538,-1.7734313499175896,-1.318979,1,0.005472128107239429,-0.02026112546755926,0.3381058371368492,-0.6333906696025825,False
0.005472128107239429,-0.02026112546755926,0.3381058371368492,-0.6333906696025825,0.11300491,1,0.01968838780553516,-0.04690798811873577,0.3730961917444029,-0.7032212918066286,False
0.01968838780553516,-0.04690798811873577,0.3730961917444029,-0.7032212918066286,-2.9024565,1,0.015307448701109392,-0.03062508330873483,-0.5891632152037168,1.4903108132387959,False
0.015307448701109392,-0.03062508330873483,-0.5891632152037168,1.4903108132387959,1.2800769,1,0.0005416053432398248,0.006670748355084318,-0.15146568845824704,0.39702203843359046,False
0.0005416053432398248,0.006670748355084318,-0.15146568845824704,0.39702203843359046,2.2694106,1,0.009618954026783842,-0.012646950752694019,0.6030017878333389,-1.3423173779137623,False
0.009618954026783842,-0.012646950752694019,0.6030017878333389,-1.3423173779137623,-0.2689703,1,0.03176561735031088,-0.06066117195593012,0.5056458873826264,-1.0717337129158921,False
0.03176561735031088,-0.06066117195593012,0.5056458873826264,-1.0717337129158921,-1.3638935,1,0.04289587019845589,-0.08258690884924003,0.05300989774268384,-0.043905832735821514,False
0.04289587019845589,-0.08258690884924003,0.05300989774268384,-0.043905832735821514,-1.1740816,1,0.03739322517745628,-0.06821269047497676,-0.327236917003496,0.7545550646628072,False
0.03739322517745628,-0.06821269047497676,-0.327236917003496,0.7545550646628072,1.0181108,1,0.03133270440213257,-0.056185079463846654,0.02267161119119686,-0.1385255987671773,False
0.03133270440213257,-0.056185079463846654,0.02267161119119686,-0.1385255987671773,1.3927491,1,0.04159698374995445,-0.08415101941112392,0.48918307764092833,-1.2489821188027204,False
0.04159698374995445,-0.08415101941112392,0.48918307764092833,-1.2489821188027204,-2.0418057,1,0.047611093815657306,-0.10320766040418691,-0.1855385695799832,0.2700854950025312,False
0.047611093815657306,-0.10320766040418691,-0.1855385695799832,0.2700854950025312,0.33332157,1,0.042673862332675554,-0.10021765813224055,-0.06193998473335918,-0.11469739982155198,False
0.042673862332675554,-0.10021765813224055,-0.06193998473335918,-0.11469739982155198,-2.3887901,1,0.024555367877372315,-0.07051110557005812,-0.8422571562315042,1.583654972060623,False
0.024555367877372315,-0.07051110557005812,-0.8422571562315042,1.583654972060623,0.42385128,1,-0.0059213774765321785,-0.017384134214367932,-0.6831745453897455,1.0895964127529518,False
-0.0059213774765321785,-0.017384134214367932,-0.6831745453897455,1.0895964127529518,-0.6479372,1,-0.037342606168939786,0.03429815799979447,-0.8881455934754111,1.4987724959747402,False
-0.037342606168939786,0.03429815799979447,-0.8881455934754111,1.4987724959747402,2.5294054,1,-0.05588886141825339,0.05425532681719469,-0.042745701418185754,-0.468663497605347,False
-0.05588886141825339,0.05425532681719469,-0.042745701418185754,-0.468663497605347,2.9083438,1,-0.03843946820086207,-0.0072258680848451265,0.9132614844105966,-2.5888677696415963,False
-0.03843946820086207,-0.0072258680848451265,0.9132614844105966,-2.5888677696415963,-1.3265347,1,-0.01111084498801646,-0.08709668041736192,0.45654846043934805,-1.4375169232716198,False
-0.01111084498801646,-0.08709668041736192,0.45654846043934805,-1.4375169232716198,2.8923655,1,0.026244305941213446,-0.18853877480294165,1.4067574730843644,-3.612072666499236,False
0.026244305941213446,-0.18853877480294165,1.4067574730843644,-3.612072666499236,0.20535032,0,0.08343625002475846,-0.33487915952287733,1.4533540856681093,-3.7259657308806466,True
-0.009471299182583182,0.002973108095039796,0.005733573846292062,0.006972432008107688,-2.9472973,1,-0.02885418168168748,0.04862292892950314,-0.9719951789019771,2.2520000319154287,False
-0.02885418168168748,0.04862292892950314,-0.9719951789019771,2.2520000319154287,2.207292,1,-0.05282819356895144,0.10306644169989021,-0.23097070158954933,0.5079168084572243,False
-0.05282819356895144,0.10306644169989021,-0.23097070158954933,0.5079168084572243,1.6509049,1,-0.05127842016026488,0.10000300269943545,0.3067518717204407,-0.6456384425041022,False
-0.05127842016026488,0.10000300269943545,0.3067518717204407,-0.6456384425041022,0.17032963,1,-0.03820259118166301,0.07480053425265891,0.34752585040215295,-0.6197856209018324,False
-0.03820259118166301,0.07480053425265891,0.34752585040215295,-0.6197856209018324,2.2424765,1,-0.009666175912955233,0.018269623722868424,1.0781940374712047,-2.197271287747895,False
-0.009666175912955233,0.018269623722868424,1.0781940374712047,-2.197271287747895,2.417608,1,0.049133789716172924,-0.1032775800676285,1.8598744415048938,-3.875352561464208,False
0.049133789716172924,-0.1032775800676285,1.8598744415048938,-3.875352561464208,2.0636024,0,0.1364786764092253,-0.28581632238563515,2.5015116663607304,-5.24272368427124,True
-0.0026425663070791527,0.0011297330510960336,0.004504470834435992,-0.0047494567094816965,2.3185794,1,0.012952745557724677,-0.03460870199129441,0.7731186726134066,-1.7642018703370181,False
0.012952745557724677,-0.03460870199129441,0.7731186726134066,-1.7642018703370181,-1.4435753,1,0.0340797468817986,-0.08143927806003304,0.28612426955622505,-0.6038876031528259,False
0.0340797468817986,-0.08143927806003304,0.28612426955622505,-0.6038876031528259,-2.565701,1,0.028575506261578374,-0.06742615576844352,-0.558839026324984,1.2815862281883796,False
0.028575506261578374,-0.06742615576844352,-0.558839026324984,1.2815862281883796,-2.1274567,1,-0.007589134723070271,0.013248660091146221,-1.2486369296554265,2.7481262699254905,False
-0.007589134723070271,0.013248660091146221,-1.2486369296554265,2.7481262699254905,-1.0296154,1,-0.06393999389262554,0.13550495687956954,-1.5687895951293531,3.3754688674740727,False
-0.06393999389262554,0.13550495687956954,-1.5687895951293531,3.3754688674740727,-1.0457486,0,-0.13313021188340107,0.28427601041401257,-1.888892140815054,4.070115633430134,True
0.005363534849172453,-0.0036601458510327925,0.0018371185102910715,0.002814088360878195,-0.70064086,1,0.0007811079327325686,0.00716743299934085,-0.23034139055255629,0.5332591789124621,False
0.0007811079327325686,0.00716743299934085,-0.23034139055255629,0.5332591789124621,-1.3705739,1,-0.017485442908659676,0.049037964644200314,-0.6820628453698613,1.553709414740014,False
-0.017485442908659676,0.049037964644200314,-0.6820628453698613,1.553709414740014,-0.6039301,1,-0.04863588460247657,0.11948348823462562,-0.8757527229176691,1.9751998349771105,False
-0.04863588460247657,0.11948348823462562,-0.8757527229176691,1.9751998349771105,-0.55071336,0,-0.08721057905193545,0.2068270354266403,-1.0531248863046732,2.400137097865918,True
-0.001948809730832437,0.008386737775073849,0.008400261803199865,0.008323683893991988,1.8914769,1,0.010946739319156837,-0.020114661281038088,0.6346849138843721,-1.4189409079724218,False
0.010946739319156837,-0.020114661281038088,0.6346849138843721,-1.4189409079724218,2.416745,1,0.05220287940410851,-0.11241987424447498,1.4258563653476524,-3.185034506082127,False
0.05220287940410851,-0.11241987424447498,1.4258563653476524,-3.185034506082127,-1.7705753,0,0.09719575672087148,-0.21118368282494063,0.8290658012206046,-1.7985210082755168,True
0.009079288433034996,0.009551776197487913,-0.006181570075820903,-0.001836822100513853,2.4870958,1,0.025350356736196546,-0.028468027445575486,0.8174790590413397,-1.8801055050125153,False
0.025350356736196546,-0.028468027445575486,0.8174790590413397,-1.8801055050125153,-1.68585,1,0.04660914642305347,-0.07591412213578222,0.24868563060728008,-0.5217363698130824,False
0.04660914642305347,-0.07591412213578222,0.24868563060728008,-0.5217363698130824,2.0642421,1,0.0703325024406596,-0.12931088910015004,0.9352263832027222,-2.132827609558519,False
0.0703325024406596,-0.12931088910015004,0.9352263832027222,-2.132827609558519,-0.7840858,0,0.10246810143851658,-0.20279231589104574,0.6741706884724299,-1.5655818205242789,True
0.002854276442908288,-0.004156070929725988,-0.007176484702386001,0.003652313144989352,-2.216249,1,-0.012167964841896204,0.02997473855599307,-0.7418943061374101,1.6857278807749905,False
-0.012167964841896204,0.02997473855599307,-0.7418943061374101,1.6857278807749905,-2.001477,1,-0.05492576337439209,0.12647321763145028,-1.394188779068552,3.1327887779392634,False
-0.05492576337439209,0.12647321763145028,-1.394188779068552,3.1327887779392634,-0.59073395,0,-0.1142213520243819,0.25903205952191866,-1.5704516342269337,3.5091380245269557,True
-0.007274651938503895,-0.0045014599246469,0.008032226955205788,-0.0013758290528751217,-1.2725548,1,-0.01541258125205227,0.014931919814839692,-0.41379157413346906,0.963309009589846,False
-0.01541258125205227,0.014931919814839692,-0.41379157413346906,0.963309009589846,2.188464,1,-0.01729977259363725,0.01895539143181512,0.316708474853746,-0.7374053535698994,False
-0.01729977259363725,0.01895539143181512,0.316708474853746,-0.7374053535698994,2.62123,1,0.012644119855452843,-0.0493385477258996,1.178494426757131,-2.662846501314263,False
0.012644119855452843,-0.0493385477258996,1.178494426757131,-2.662846501314263,2.2594666,1,0.07437996202639584,-0.18765620130372906,1.904941252940143,-4.245377567774054,False
0.07437996202639584,-0.18765620130372906,1.904941252940143,-4.245377567774054,0.994895,0,0.1563787099241654,-0.36960328761373945,2.1917537013864425,-4.85959747941528,True
0.0011952407222951566,0.0002828988220086659,0.0064084586912586915,0.009644275974770392,1.7453746,1,0.013057826846125149,-0.026112437807264143,0.585131001082783,-1.3158916192758066,False
0.013057826846125149,-0.026112437807264143,0.585131001082783,-1.3158916192758066,2.2230496,1,0.051074233230906436,-0.11159904693860012,1.3136832661117064,-2.948295863055244,False
0.051074233230906436,-0.11159904693860012,1.3136832661117064,-2.948295863055244,2.7191486,0,0.12116321890331512,-0.2686080241991771,2.184014174773364,-4.8803510127175915,True
0.009987221911212778,-0.004746183634043417,0.0007504500654274637,0.008542335299973416,1.497823,1,0.019988325204171313,-0.02749854646310972,0.4979334471137695,-1.1344909723172556,False
0.019988325204171313,-0.02749854646310972,0.4979334471137695,-1.1344909723172556,0.76073116,1,0.04484106500851736,-0.0836173837180376,0.7447110891937014,-1.6741792895578909,False
0.04484106500851736,-0.0836173837180376,0.7447110891937014,-1.6741792895578909,0.36152035,1,0.07692368531824367,-0.15568691606581728,0.8599999428833782,-1.9385168900217373,False
0.07692368531824367,-0.15568691606581728,0.8599999428833782,-1.9385168900217373,1.0889517,0,0.11845497219540264,-0.25028488556958634,1.2152709203050982,-2.791167116648286,True
-0.0037665669978932306,-0.0024346906164139214,0.003934347591453822,-0.00032508939677911686,-1.1947055,1,-0.011554824163737586,0.015890871446786945,-0.392277140353935,0.9074439516308167,False
-0.011554824163737586,0.015890871446786945,-0.392277140353935,0.9074439516308167,-2.3308105,1,-0.04263529573172878,0.08713205075027425,-1.1596869252713875,2.6416047201936026,False
-0.04263529573172878,0.08713205075027425,-1.1596869252713875,2.6416047201936026,2.732227,1,-0.07067752882988877,0.1497220514212337,-0.24804747851476966,0.5352157904361188,False
-0.07067752882988877,0.1497220514212337,-0.24804747851476966,0.5352157904361188,-2.02993,0,-0.09422949517829463,0.20439086031256531,-0.9266956249313884,2.180234776538975,True
0.0030740542108181135,-0.009924550239010508,0.005532527262928812,0.0074701307576368085,-0.82046545,1,-0.0021430602066780766,0.002778268621163717,-0.26567867177320414,0.6215723584551208,False
-0.0021430602066780766,0.002778268621163717,-0.26567867177320414,0.6215723584551208,2.6100395,1,0.0046758218843590904,-0.01318499682449527,0.6037957350197948,-1.3945768092582687,False
0.0046758218843590904,-0.01318499682449527,0.6037957350197948,-1.3945768092582687,-1.890363,1,0.016067785794331508,-0.03834205552451439,-0.031317057500719774,0.11027299260357852,False
0.016067785794331508,-0.03834205552451439,-0.031317057500719774,0.11027299260357852,-1.5427767,1,0.004653529424252269,-0.01124569492859534,-0.5382158648906695,1.2343801044126637,False
0.004653529424252269,-0.01124569492859534,-0.5382158648906695,1.2343801044126637,0.4083269,1,-0.013948915030309835,0.029982417059763886,-0.39327832356764575,0.8407067628217584,False
-0.013948915030309835,0.029982417059763886,-0.39327832356764575,0.8407067628217584,1.6048884,1,-0.018950089826915498,0.0385918648348209,0.14111113052714697,-0.3910811602254858,False
-0.018950089826915498,0.0385918648348209,0.14111113052714697,-0.3910811602254858,1.8874724,1,-0.0009006230079991929,-0.0045747377026416,0.760117540728845,-1.7569719895952494,False
-0.0009006230079991929,-0.0045747377026416,0.760117540728845,-1.7569719895952494,-2.8302355,1,0.010417665302543028,-0.029101402903134684,-0.19018537203718588,0.493844142300763,False
0.010417665302543028,-0.029101402903134684,-0.19018537203718588,0.493844142300763,0.35495403,1,0.005306430378839142,-0.01609515797551647,-0.0661211940016644,0.16363816218173996,False
0.005306430378839142,-0.01609515797551647,-0.0661211940016644,0.16363816218173996,1.4551356,1,0.012397466385584347,-0.03245656755129887,0.419198742928291,-0.9689149965435792,False
0.012397466385584347,-0.03245656755129887,0.419198742928291,-0.9689149965435792,-2.5245786,1,0.012300167051013845,-0.03188998268110613,-0.4210708876515663,0.9701426079881396,False
0.012300167051013845,-0.03188998268110613,-0.4210708876515663,0.9701426079881396,0.78776354,1,0.0009117018002180563,-0.007182598471092561,-0.14985319661405072,0.27968765831794923,False
0.0009117018002180563,-0.007182598471092561,-0.14985319661405072,0.27968765831794923,0.63206714,1,-0.0008209798524803704,-0.006213175359727592,0.062422328778890396,-0.2239570101406793,False
-0.0008209798524803704,-0.006213175359727592,0.062422328778890396,-0.2239570101406793,1.3660203,1,0.010740238992165314,-0.035967942025903345,0.5145485371728885,-1.2549757101233137,False
0.010740238992165314,-0.035967942025903345,0.5145485371728885,-1.2549757101233137,-0.58802515,1,0.0272968909896342,-0.07626731252350703,0.31485305279784287,-0.7750239163418284,False
0.0272968909896342,-0.07626731252350703,0.31485305279784287,-0.7750239163418284,-1.02087,1,0.03316331088040334,-0.09236957106908887,-0.020003214644247175,-0.04391580479527207,False
0.03316331088040334,-0.09236957106908887,-0.020003214644247175,-0.04391580479527207,-1.0396222,1,0.025663060479175066,-0.08031067958574509,-0.35422368328249026,0.6398912021162166,False
0.025663060479175066,-0.08031067958574509,-0.35422368328249026,0.6398912021162166,2.1957302,1,0.026353731019183466,-0.09099118308205661,0.38608423962804633,-1.1504173385928054,False
0.026353731019183466,-0.09099118308205661,0.38608423962804633,-1.1504173385928054,2.4150777,1,0.057798527821721034,-0.17421559017108915,1.1829414490319117,-2.9935170705038208,False
0.057798527821721034,-0.17421559017108915,1.1829414490319117,-2.9935170705038208,-0.9004026,0,0.0989866681742355,-0.28026539622236313,0.8800630881367998,-2.3426773937695975,True
-0.0032510569309705884,-0.009390825424764418,0.007173604964748119,0.0018776007973607856,-1.7013881,1,-0.014264304115891455,0.016642419346908275,-0.5563192667025222,1.2868394453432896,False
-0.014264304115891455,0.016642419346908275,-0.5563192667025222,1.2868394453432896,1.2494645,1,-0.028051623775828753,0.04763870239169524,-0.13526649978641547,0.2835652586790967,False
-0.028051623775828753,0.04763870239169524,-0.13526649978641547,0.2835652586790967,-2.7668078,1,-0.051905871196821704,0.10211461908093486,-1.0543735138706993,2.4177542494557254,False
-0.051905871196821704,0.10211461908093486,-1.0543735138706993,2.4177542494557254,1.7123992,1,-0.08256512049088194,0.17195398446903148,-0.48279308257925346,1.11041257738362,False
-0.08256512049088194,0.17195398446903148,-0.48279308257925346,1.11041257738362,1.5103132,1,-0.09213212951987508,0.1962823396285127,0.002096806245666842,0.12619020453405758,False
-0.09213212951987508,0.1962823396285127,0.002096806245666842,0.12619020453405758,1.2690828,1,-0.08411605076479875,0.1868044712317147,0.3978655277082198,-0.5923839284650583,False
-0.08411605076479875,0.1868044712317147,0.3978655277082198,-0.5923839284650583,0.35353255,1,-0.06637719830817697,0.1629458855081611,0.48946858938085763,-0.6050789200293654,False
-0.06637719830817697,0.1629458855081611,0.48946858938085763,-0.6050789200293654,-2.4336615,1,-0.06332955361872106,0.17998203285802503,-0.3338541219466545,1.4298787633543768,False
-0.06332955361872106,0.17998203285802503,-0.3338541219466545,1.4298787633543768,-1.9699148,0,-0.08974978316484081,0.26857011766203676,-0.9835835728511998,2.9834613791788573,True
0.009669381673155278,-0.00474886489273165,-0.009653023920084505,-0.00639627657462027,-0.9829199,1,0.002751747760193656,0.010031738815812674,-0.335352584220873,0.7378922826412754,False
0.002751747760193656,0.010031738815812674,-0.335352584220873,0.7378922826412754,-1.2282172,1,-0.018740873354769337,0.05768558831287314,-0.738607240233198,1.6408947870288475,False
-0.018740873354769337,0.05768558831287314,-0.738607240233198,1.6408947870288475,-1.3336143,1,-0.05698598793622168,0.1428007070577397,-1.172736016811288,2.6141685080264545,False
-0.05698598793622168,0.1428007070577397,-1.172736016811288,2.6141685080264545,-1.6158441,0,-0.11429531727510149,0.27100057978494707,-1.689646132874968,3.7904585400920934,True
0.003646659183142265,-0.002253304073797424,-0.009328198562230518,-0.009914354959905794,2.509371,1,0.019965097920878198,-0.04120170835492458,0.8228880363010571,-1.9178846900694453,False
0.019965097920878198,-0.04120170835492458,0.8228880363010571,-1.9178846900694453,1.7329216,1,0.06414814453861123,-0.14269981974358667,1.3847827760268874,-3.154260970826009,False
0.06414814453861123,-0.14269981974358667,1.3847827760268874,-3.154260970826009,2.9931777,0,0.13877732766629866,-0.311898373914532,2.3374689891757825,-5.274023939526222,True
-0.001157337397858067,-7.217946769968675e-05,0.007477960586808707,-0.006174930486679318,-2.7833207,1,-0.019375622307655185,0.04248294857309209,-0.9157180500432707,2.1118640184829003,False
-0.019375622307655185,0.04248294857309209,-0.9157180500432707,2.1118640184829003,-0.67812425,1,-0.06024877971706778,0.13545161950130846,-1.1282987406860001,2.546419936481339,False
-0.06024877971706778,0.13545161950130846,-1.1282987406860001,2.546419936481339,-2.062609,0,-0.11872733704101127,0.26760505343266094,-1.7912883622720754,4.048700811331662,True
0.007254649056577121,0.0048958791238981544,0.007046183821322467,-0.0014300189803286912,-1.6846828,1,-0.003684636352114632,0.030875023023721096,-0.5524501609090519,1.2872116297528409,False
-0.003684636352114632,0.030875023023721096,-0.5524501609090519,1.2872116297528409,1.2653947,1,-0.01724513883879599,0.061988279602878775,-0.12782709888033858,0.2891511464884829,False
-0.01724513883879599,0.061988279602878775,-0.12782709888033858,0.2891511464884829,2.6834064,1,-0.0046252990082179,0.033540558680009804,0.7565147426377733,-1.690431638319628,False
-0.0046252990082179,0.033540558680009804,0.7565147426377733,-1.690431638319628,-0.25191307,1,0.023625142379425854,-0.027132440682834148,0.6575445325307122,-1.3595848827910684,False
0.023625142379425854,-0.027132440682834148,0.6575445325307122,-1.3595848827910684,-2.8585906,1,0.03076340607192481,-0.03640551419503919,-0.29695816279500475,0.8626506462185638,False
0.03076340607192481,-0.03640551419503919,-0.29695816279500475,0.8626506462185638,-1.5286504,1,0.008920575274311731,0.019630917747243955,-0.7945296471380449,1.9351841076264202,False
0.008920575274311731,0.019630917747243955,-0.7945296471380449,1.9351841076264202,-0.15307258,1,-0.023617705692830306,0.09726513681911582,-0.8335617143306393,1.960856454481657,False
-0.023617705692830306,0.09726513681911582,-0.8335617143306393,1.960856454481657,1.0968314,1,-0.049589195534967226,0.15866039657348419,-0.4678779835852099,1.1346764053021305,False
-0.049589195534967226,0.15866039657348419,-0.4678779835852099,1.1346764053021305,1.699508,1,-0.057269401952402134,0.18070811797684772,0.08132454760400955,-0.010341720389408454,False
-0.057269401952402134,0.18070811797684772,0.08132454760400955,-0.010341720389408454,-1.4873282,0,-0.06421399247949154,0.20673484580992893,-0.4265502089351783,1.2963934791192095,True
-0.0018538186650290034,0.009406523507003392,0.00771330932991722,-0.0028908069039624883,2.9080095,1,0.017771812939024228,-0.035120934805252566,0.9708809442085198,-2.201026424587275,False
0.017771812939024228,-0.035120934805252566,0.9708809442085198,-2.201026424587275,-2.5830295,1,0.03916945738057126,-0.08139092602994018,0.10345385872117184,-0.15226979111481737,False
0.03916945738057126,-0.08139092602994018,0.10345385872117184,-0.15226979111481737,-0.26092282,1,0.04172938424407055,-0.08514211300169816,0.024810924372011774,-0.03769396992203259,False
0.04172938424407055,-0.08514211300169816,0.024810924372011774,-0.03769396992203259,-1.7977196,1,0.030965517366981946,-0.061056729915310644,-0.561667715388992,1.2297489586917318,False
0.030965517366981946,-0.061056729915310644,-0.561667715388992,1.2297489586917318,0.8502636,1,0.014469675982770554,-0.027929841421436185,-0.2648480438703874,0.44374573957955527,False
0.014469675982770554,-0.027929841421436185,-0.2648480438703874,0.44374573957955527,-1.2182761,1,-0.004096313006845973,0.007317213855306715,-0.6627728811402431,1.3134394025241165,False
-0.004096313006845973,0.007317213855306715,-0.6627728811402431,1.3134394025241165,-2.2293835,1,-0.04523153878943223,0.09247942315923963,-1.3921819745560804,2.9354455900118377,False
-0.04523153878943223,0.09247942315923963,-1.3921819745560804,2.9354455900118377,2.6870203,1,-0.08282789358456953,0.1672619206298467,-0.4937316513479364,0.8544461538141624,False
-0.08282789358456953,0.1672619206298467,-0.4937316513479364,0.8544461538141624,2.5111232,1,-0.0862502163867017,0.16650609817781128,0.31999236807689785,-0.868407450484396,False
-0.0862502163867017,0.16650609817781128,0.31999236807689785,-0.868407450484396,2.0901365,1,-0.06011253934944428,0.10521298569292331,0.9868228798580861,-2.1938632519839465,False
-0.06011253934944428,0.10521298569292331,0.9868228798580861,-2.1938632519839465,1.632505,1,-0.010330334367301732,-0.0021852575956039073,1.5026290186258133,-3.184211039283358,False
-0.010330334367301732,-0.0021852575956039073,1.5026290186258133,-3.184211039283358,0.13407108,1,0.05013393196611972,-0.12725572485615033,1.5221078051937609,-3.092945103282743,False
0.05013393196611972,-0.12725572485615033,1.5221078051937609,-3.092945103282743,-0.74532694,0,0.10576989436887906,-0.2382359165299824,1.2629594852611221,-2.488706821201098,True
0.009428896277901382,0.006612690058703577,0.005594540540283668,-0.006259692119666565,-1.0438409,1,0.0026895134396402484,0.022600591540530606,-0.3416072010203663,0.797472172494094,False
0.0026895134396402484,0.022600591540530606,-0.3416072010203663,0.797472172494094,0.97160006,1,-0.004446803686649953,0.03908433860664898,-0.016730902226507936,0.040763577564244445,False
-0.004446803686649953,0.03908433860664898,-0.016730902226507936,0.040763577564244445,-2.1687462,1,-0.019616360063017823,0.0748670507790024,-0.7395074791847459,1.730469055116782,False
-0.019616360063017823,0.0748670507790024,-0.7395074791847459,1.730469055116782,1.8750756,1,-0.03665269146726643,0.11492518562700627,-0.11571112721145985,0.30233934613231456,False
-0.03665269146726643,0.11492518562700627,-0.11571112721145985,0.30233934613231456,0.67166156,1,-0.03704749851399773,0.11912035323138687,0.09525334438487458,-0.08618483774051437,False
-0.03704749851399773,0.11912035323138687,0.09525334438487458,-0.08618483774051437,-1.5629873,1,-0.043872393778027874,0.14231630014540353,-0.43460427538496144,1.2307793483822453,False
-0.043872393778027874,0.14231630014540353,-0.43460427538496144,1.2307793483822453,1.9020882,1,-0.04882250214690409,0.16456357684700834,0.18425382513725444,-0.09381669717044275,False
-0.04882250214690409,0.16456357684700834,0.18425382513725444,-0.09381669717044275,0.20633046,1,-0.04048139152120059,0.16169076784566522,0.2328833369087433,-0.05090382588576005,False
-0.04048139152120059,0.16169076784566522,0.2328833369087433,-0.05090382588576005,1.451861,1,-0.02195910936237026,0.14165843100463124,0.6924404445702403,-0.9431973436019272,False
-0.02195910936237026,0.14165843100463124,0.6924404445702403,-0.9431973436019272,-1.5723884,1,-0.0051415122112539804,0.13234890238628483,0.1505760227956797,0.457029055073671,False
-0.0051415122112539804,0.13234890238628483,0.1505760227956797,0.457029055073671,-0.47612068,1,-0.0025145466017201116,0.1603659704203892,-0.018866134250478193,0.9419263751212645,False
-0.0025145466017201116,0.1603659704203892,-0.018866134250478193,0.9419263751212645,-2.8334513,0,-0.022120637540018646,0.24284847155132455,-0.9563218328407178,3.1538304366011327,True
0.0023801507368388687,-0.0015142585811023302,-0.0075621208001654195,0.0009464818253912944,-2.5680108,1,-0.015002963796587965,0.03797504996843547,-0.8591682349260149,1.9533652523096876,False
-0.015002963796587965,0.03797504996843547,-0.8591682349260149,1.9533652523096876,1.0230019,1,-0.04234877195812264,0.09872164690302014,-0.5107672536539818,1.1088510512838312,False
-0.04234877195812264,0.09872164690302014,-0.5107672536539818,1.1088510512838312,2.0750666,1,-0.04907493079328555,0.1123375941349585,0.17167134341609816,-0.4033376388143438,False
-0.04907493079328555,0.1123375941349585,0.17167134341609816,-0.4033376388143438,-0.53952944,1,-0.04610006820840291,0.10759821039140206,-0.02202602253987569,0.15774074771595156,False
-0.04610006820840291,0.10759821039140206,-0.02202602253987569,0.15774074771595156,-0.6472231,1,-0.05149299781630303,0.12608299555114827,-0.2469550679174138,0.7612979091721597,False
-0.05149299781630303,0.12608299555114827,-0.2469550679174138,0.7612979091721597,-0.3775105,1,-0.06403303371496344,0.1641813165308928,-0.3799977099159485,1.1450161433483153,False
-0.06403303371496344,0.1641813165308928,-0.3799977099159485,1.1450161433483153,2.5853863,1,-0.062379041306308836,0.1735114726470217,0.4595195053388011,-0.6505427774470914,False
-0.062379041306308836,0.1735114726470217,0.4595195053388011,-0.6505427774470914,-0.58688724,1,-0.04836280902428586,0.16122869009527482,0.24239708383626954,0.02512790553083085,False
-0.04836280902428586,0.16122869009527482,0.24239708383626954,0.02512790553083085,2.429752,1,-0.02298647045637222,0.12938206167899627,1.0251267986416193,-1.6038156812388422,False
-0.02298647045637222,0.12938206167899627,1.0251267986416193,-1.6038156812388422,-2.6876829,1,-0.0003337780019838033,0.11127507642344793,0.11088494010176314,0.6649763821496472,False
-0.0003337780019838033,0.11127507642344793,0.11088494010176314,0.6649763821496472,1.9670877,1,0.01695775533850179,0.10977091969680068,0.7515868942557781,-0.7211297604603879,False
0.01695775533850179,0.10977091969680068,0.7515868942557781,-0.7211297604603879,2.1018505,1,0.060589564060551396,0.05246293766336383,1.4293645137323707,-2.1381076201314935,False
0.060589564060551396,0.05246293766336383,1.4293645137323707,-2.1381076201314935,2.2377472,1,0.13217356917762077,-0.06323921424801963,2.148835130405728,-3.6466949827476824,False
0.13217356917762077,-0.06323921424801963,2.148835130405728,-3.6466949827476824,1.8818758,0,0.2299462818595078,-0.2337266128176783,2.735927640599548,-4.87615774454289,True
0.0009558433304790448,-0.00584141353976708,-0.004721708027688485,-0.0019412033340437396,0.77943754,1,0.005961235443332622,-0.01798994722931,0.25429211742087243,-0.5994830378089565,False
0.005961235443332622,-0.01798994722931,0.25429211742087243,-0.5994830378089565,-2.769166,1,-0.0023400636122570826,0.0009862360544962826,-0.6664533817603011,1.522390186499656,False
-0.0023400636122570826,0.0009862360544962826,-0.6664533817603011,1.522390186499656,-2.6870148,1,-0.046620301716336535,0.10110565987622316,-1.545064140161118,3.471125258346439,False
-0.046620301716336535,0.10110565987622316,-1.545064140161118,3.471125258346439,2.363178,0,-0.09239215861958203,0.20174739809272152,-0.7500880327652818,1.6156318084170218,True
-0.005504582290007938,0.007255060117777538,0.0032545836487287527,0.004845854083192867,1.2359635,1,0.0028273011984814374,-0.01133749971391348,0.41224962262135917,-0.9251013970331143,False
0.0028273011984814374,-0.01133749971391348,0.41224962262135917,-0.9251013970331143,1.7588052,1,0.030888165589199334,-0.07431987041693633,0.989585874328587,-2.2168623964399776,False
0.030888165589199334,-0.07431987041693633,0.989585874328587,-2.2168623964399776,1.2920758,1,0.07879443036188664,-0.18123582060252566,1.404667550836842,-3.1310951721851312,False
0.07879443036188664,-0.18123582060252566,1.404667550836842,-3.1310951721851312,0.9625194,0,0.14096599539197505,-0.3200881382889799,1.70210603153159,-3.816992554577859,True
-0.007242658765713312,-0.008556618370834976,-0.008245423587253317,0.002522664275684263,-0.63736254,1,-0.011795704185785625,0.0011713213814307343,-0.21885368688249293,0.47911472913434866,False
-0.011795704185785625,0.0011713213814307343,-0.21885368688249293,0.47911472913434866,-0.78582406,1,-0.025709109005478306,0.03183121925543282,-0.4764740737589881,1.0517771181391176,False
-0.025709109005478306,0.03183121925543282,-0.4764740737589881,1.0517771181391176,-0.09444237,1,-0.04530522426573834,0.07471292743192134,-0.5040282560892496,1.0999955410820839,False
-0.04530522426573834,0.07471292743192134,-0.5040282560892496,1.0999955410820839,-2.8204339,1,-0.08413887425985145,0.16192348405835716,-1.4338197383968772,3.238962458204276,False
-0.08413887425985145,0.16192348405835716,-1.4338197383968772,3.238962458204276,-1.1242266,0,-0.1484944162125736,0.3070405998702681,-1.7816661368474973,4.020616129506476,True
0.0092337696557356,-0.006862534773688371,0.00732527702528559,-0.0051117482753148535,0.49663547,1,0.012841017694326379,-0.014811008021428004,0.1725939645052278,-0.388500040316695,False
0.012841017694326379,-0.014811008021428004,0.1725939645052278,-0.388500040316695,-1.2191273,1,0.011606057002714045,-0.011410662249149592,-0.23296050227236484,0.546080390039766,False
0.011606057002714045,-0.011410662249149592,-0.23296050227236484,0.546080390039766,-0.33004054,1,0.00019709201063813455,0.014546876605262927,-0.3376487292401686,0.753998333429891,False
0.00019709201063813455,0.014546876605262927,-0.3376487292401686,0.753998333429891,-2.3709598,1,-0.02898816583182977,0.08045082157306786,-1.1195020903584398,2.526987610024561,False
-0.02898816583182977,0.08045082157306786,-1.1195020903584398,2.526987610024561,-2.136329,0,-0.08759828395373959,0.2122204122907275,-1.8074677426512424,4.052300133768258,True
0.007441988792883525,-0.005588494502964188,-0.0013593730563577489,-0.0029360027881612316,-0.96861154,1,0.0009530548414465564,0.009087944705754435,-0.32222853262153056,0.7293747333928022,False
0.0009530548414465564,0.009087944705754435,-0.32222853262153056,0.7293747333928022,-2.752562,1,-0.030145678382196915,0.07977842008989021,-1.230131421535367,2.787479142426231,False
-0.030145678382196915,0.07977842008989021,-1.230131421535367,2.787479142426231,-2.328608,0,-0.09438064783443056,0.22443097704495885,-1.9771794718056275,4.433340160134125,True
0.0001008329406912778,0.0021881047308148593,0.007547529050954531,0.004086180158983774,-2.616485,1,-0.01700866983708467,0.042629537351406864,-0.8605169572539435,1.9972988689845954,False
-0.01700866983708467,0.042629537351406864,-0.8605169572539435,1.9972988689845954,-2.2237866,1,-0.06593724932647023,0.15475728570409378,-1.5833165091138557,3.6003994193568256,False
-0.06593724932647023,0.15475728570409378,-1.5833165091138557,3.6003994193568256,1.3754445,0,-0.1198306511797352,0.2766818906224842,-1.1165506665035971,2.541877667427461,True
-0.005735765993979789,-0.005088905866154481,-0.007883543284118496,0.008641176163594421,1.4387293,1,0.0035282743892534195,-0.026938912433898524,0.4697692373566597,-1.0899292622586323,False
0.0035282743892534195,-0.026938912433898524,0.4697692373566597,-1.0899292622586323,-2.3557785,1,0.006544173709085733,-0.03350614723241835,-0.31599155084748404,0.7345141026430086,False
0.006544173709085733,-0.03350614723241835,-0.31599155084748404,0.7345141026430086,-2.4391963,1,-0.022136711207082355,0.03161698590953044,-1.1163959157128591,2.5093467572103796,False
-0.022136711207082355,0.03161698590953044,-1.1163959157128591,2.5093467572103796,1.3696146,1,-0.05735960314040791,0.10838213704103296,-0.648267764006325,1.3618919050677902,False
-0.05735960314040791,0.10838213704103296,-0.648267764006325,1.3618919050677902,0.03251401,1,-0.08308839737149486,0.16304277723143148,-0.6390934590931672,1.3814290234999362,False
-0.08308839737149486,0.16304277723143148,-0.6390934590931672,1.3814290234999362,-0.15714058,0,-0.10980263971384115,0.22251875461856568,-0.6971090632333712,1.5999347735709002,True
0.00038815849162859406,-0.003972465666392797,0.0012682987250093424,0.0006773501067332743,-2.0077755,1,-0.012911074880078695,0.026846381905107734,-0.6643934980201476,1.5247505911951051,False
-0.012911074880078695,0.026846381905107734,-0.6643934980201476,1.5247505911951051,0.7496757,1,-0.03432846518494954,0.07495124693326681,-0.40843686754430353,0.8992402468004761,False
-0.03432846518494954,0.07495124693326681,-0.40843686754430353,0.8992402468004761,-0.86713284,1,-0.05644320863462284,0.12471001405922152,-0.6968433674079906,1.5875156952551954,False
-0.05644320863462284,0.12471001405922152,-0.6968433674079906,1.5875156952551954,1.6647829,1,-0.07333030187317614,0.1638152436269482,-0.15063179806450552,0.3945816940737367,False
-0.07333030187317614,0.1638152436269482,-0.15063179806450552,0.3945816940737367,-1.5115933,0,-0.08961626676117594,0.20552939404437714,-0.6616772409831096,1.6779528634797467,True
-0.0021140485982419624,0.0028770873847595493,0.005932631293507398,0.008596590849685368,1.0708889,1,0.0052371381677335195,-0.013136251708573559,0.36067246877113307,-0.801056461103546,False
0.0052371381677335195,-0.013136251708573559,0.36067246877113307,-0.801056461103546,-1.752834,1,0.007908228766688785,-0.01744925017769349,-0.22491119834862253,0.5653313698704936,False
0.007908228766688785,-0.01744925017769349,-0.22491119834862253,0.5653313698704936,-1.7415512,1,-0.012551980186279075,0.03079808715883774,-0.7969460785698123,1.8384326865991207,False
-0.012551980186279075,0.03079808715883774,-0.7969460785698123,1.8384326865991207,-1.3176469,1,-0.05294923656682958,0.12275073060710014,-1.2222701437331867,2.7609985994334107,False
-0.05294923656682958,0.12275073060710014,-1.2222701437331867,2.7609985994334107,2.2016575,1,-0.08708481995387943,0.19905256113481848,-0.489963954093679,1.0991848910976385,False
-0.08708481995387943,0.19905256113481848,-0.489963954093679,1.0991848910976385,1.054161,0,-0.10001706428709382,0.2304987391620091,-0.15851974971663121,0.4893595492683924,True
-0.006269749843921133,-0.0009229989734604182,-0.004961592360460252,-0.00256103779298821,2.9090576,1,0.012879106413283497,-0.04569381719556891,0.9596163087725358,-2.213018722581556,False
0.012879106413283497,-0.04569381719556891,0.9596163087725358,-2.213018722581556,1.9695855,1,0.06404222036960272,-0.16224602684004547,1.5963648067367513,-3.6098985308321123,False
0.06404222036960272,-0.16224602684004547,1.5963648067367513,-3.6098985308321123,2.7259076,0,0.14519882188102426,-0.34497407032950345,2.451764075849748,-5.496987860304732,True
-0.007682628582536584,-0.0014138694267826902,0.008126768690556013,0.00988385829277302,-1.3671303,1,-0.016451378576567012,0.01998033921389591,-0.44533867338349736,1.0493879607208427,False
-0.016451378576567012,0.01998033921389591,-0.44533867338349736,1.0493879607208427,1.4087327,1,-0.02478562101143558,0.039431866603535023,0.02648558556997021,-0.05716660970184312,False
-0.02478562101143558,0.039431866603535023,0.02648558556997021,-0.05716660970184312,-2.556889,1,-0.04082197306671468,0.07738784686490954,-0.8255547749925907,1.9329248949792595,False
-0.04082197306671468,0.07738784686490954,-0.8255547749925907,1.9329248949792595,0.4551452,1,-0.07067947776738612,0.14696179524864725,-0.6692743503452815,1.5652643508294348,False
-0.07067947776738612,0.14696179524864725,-0.6692743503452815,1.5652643508294348,-0.3964052,0,-0.10011187171660553,0.2167670007451154,-0.8025511825748963,1.9315459855511252,True
-0.006604340165671805,0.00421006492109067,0.0015494620806698835,0.009014088908953008,-1.6635971,1,-0.017620085943097552,0.030253211675070602,-0.5508068067485504,1.2802345417217689,False
-0.017620085943097552,0.030253211675070602,-0.5508068067485504,1.2802345417217689,1.672046,1,-0.028411376540131657,0.05484329985441061,0.008633421860680694,-0.02698456803544025,False
-0.028411376540131657,0.05484329985441061,0.008633421860680694,-0.02698456803544025,-2.0667064,1,-0.04192726297883065,0.08676822707071113,-0.6821967756999758,1.605315601035275,False
-0.04192726297883065,0.08676822707071113,-0.6821967756999758,1.605315601035275,2.9521105,1,-0.04958443861002987,0.10589653048089757,0.29519748207456725,-0.612490159628792,False
-0.04958443861002987,0.10589653048089757,0.29519748207456725,-0.612490159628792,1.287174,1,-0.029566261611894056,0.0650723853469685,0.7054243131640066,-1.4264096425072323,False
-0.029566261611894056,0.0650723853469685,0.7054243131640066,-1.4264096425072323,1.579473,1,0.008789684647007988,-0.012762451944780151,1.2121842591858152,-2.466482466479828,False
0.008789684647007988,-0.012762451944780151,1.2121842591858152,-2.466482466479828,2.670565,1,0.07460744137235657,-0.1491526905975519,2.0753556259262638,-4.343061665217652,False
0.07460744137235657,-0.1491526905975519,2.0753556259262638,-4.343061665217652,-1.0243367,0,0.1502364726962176,-0.3045453623611139,1.7107621208975665,-3.4745129046381673,True
0.008484688250671975,-0.005419904731954845,-0.009346744932921258,0.006995801667147856,-2.3194706,1,-0.00730754168070519,0.03039637182421501,-0.7781289965072062,1.7658907148911576,False
-0.00730754168070519,0.03039637182421501,-0.7781289965072062,1.7658907148911576,-2.273455,1,-0.0533028500580729,0.13414620039774378,-1.5192788870422071,3.412403783465634,False
-0.0533028500580729,0.13414620039774378,-1.5192788870422071,3.412403783465634,0.53870255,0,-0.11012733851692283,0.2607599499853487,-1.3248768548421397,2.9508055740415355,True
-0.005910054822679532,0.007365592378032701,-0.007788293086630212,-0.002378985375878393,0.4890216,1,-0.002988920307469381,-2.9886327712719413e-05,0.1534258099429457,-0.3637901500762202,False
-0.002988920307469381,-2.9886327712719413e-05,0.1534258099429457,-0.3637901500762202,1.1660972,1,0.010845595014059156,-0.03197212726384382,0.5375227522299254,-1.2273605312070672,False
0.010845595014059156,-0.03197212726384382,0.5375227522299254,-1.2273605312070672,-2.8499715,1,0.013277028442192484,-0.036396150824985186,-0.4124273232101519,0.9742484000975689,False
0.013277028442192484,-0.036396150824985186,-0.4124273232101519,0.9742484000975689,0.1022283,1,-0.002315887001612853,-0.0011025901813259589,-0.36812341283501493,0.7997833527343536,False
-0.002315887001612853,-0.0011025901813259589,-0.36812341283501493,0.7997833527343536,1.4574862,1,-0.007223918310132415,0.007437898555395344,0.12076729171992712,-0.35483291424233826,False
-0.007223918310132415,0.007437898555395344,0.12076729171992712,-0.35483291424233826,-2.4288528,1,-0.018621297878043036,0.031238928728102855,-0.6881027421890222,1.5229253298655767,False
-0.018621297878043036,0.031238928728102855,-0.6881027421890222,1.5229253298655767,-2.1700613,1,-0.060377329396443,0.12406076708453175,-1.3976187139772438,3.1090434838401766,False
-0.060377329396443,0.12406076708453175,-1.3976187139772438,3.1090434838401766,0.38261876,0,-0.11342243839516214,0.2411133951856768,-1.25708200592997,2.771600961675414,True
-0.007234041961921931,-0.007549126195412739,0.005530312810282008,-0.0096429096845424,-2.6554692,1,-0.024664265519716518,0.03273687735627967,-0.8745664794558946,2.003234778974764,False
-0.024664265519716518,0.03273687735627967,-0.8745664794558946,2.003234778974764,-2.357419,1,-0.07502837411487281,0.1469523199556664,-1.6409251286231394,3.698006881594712,False
-0.07502837411487281,0.1469523199556664,-1.6409251286231394,3.698006881594712,0.26616856,0,-0.1384397692529052,0.2888614671411491,-1.5318486705364103,3.4279019011404444,True
-0.00555097098437825,-0.00022817409347897,0.0016232440497543732,0.001892083025792426,-2.4145098,1,-0.021549087470908498,0.036971005866818694,-0.7992569863071466,1.839139874640553,False
-0.021549087470908498,0.036971005866818694,-0.7992569863071466,1.839139874640553,-2.5714538,1,-0.07035710464803385,0.14820968431539858,-1.6380083742543712,3.7097029419396206,False
-0.07035710464803385,0.14820968431539858,-1.6380083742543712,3.7097029419396206,0.39411458,0,-0.13281399293016236,0.28870229678278375,-1.487425594466425,3.347494602205353,True
0.0028147614458175906,-0.00286904598561073,0.007560472651454602,0.007719562736002514,-1.9738718,1,-0.01000925277905079,0.027728159593219108,-0.6469568623464085,1.506920256674775,False
-0.01000925277905079,0.027728159593219108,-0.6469568623464085,1.506920256674775,0.3516934,1,-0.03337877232490068,0.0812665782874081,-0.5230387228554323,1.1852724706334625,False
-0.03337877232490068,0.0812665782874081,-0.5230387228554323,1.1852724706334625,-2.7225726,1,-0.07231389974382148,0.17037602804817475,-1.4199242514676296,3.2496035856563528,False
-0.07231389974382148,0.17037602804817475,-1.4199242514676296,3.2496035856563528,0.65015185,0,-0.1245393040069559,0.2899327600336122,-1.1944986634022352,2.760824038744474,True
0.008029226933646272,0.0024048414949686993,-0.004273723521676174,0.004129411582402196,2.6946354,1,0.025773356268964168,-0.038737807604112176,0.8889518111760255,-2.0401957980348313,False
0.025773356268964168,-0.038737807604112176,0.8889518111760255,-2.0401957980348313,1.1565332,1,0.06875020251404516,-0.13610048029113833,1.2594715631597186,-2.832430684717779,False
0.06875020251404516,-0.13610048029113833,1.2594715631597186,-2.832430684717779,-1.5595363,0,0.1086153976830512,-0.2250949236680513,0.7384243196600929,-1.6569485439151093,True
-0.0007436931541183967,-0.0033269477313727647,0.008729160220333352,0.002889887735519503,-2.3585484,1,-0.016079072594777383,0.03298157887828961,-0.7733060273600372,1.7941862057853142,False
-0.016079072594777383,0.03298157887828961,-0.7733060273600372,1.7941862057853142,2.9488525,1,-0.027211017420124786,0.05793744509434847,0.21244513760139822,-0.508119036044159,False
-0.027211017420124786,0.05793744509434847,0.21244513760139822,-0.508119036044159,-0.52344745,1,-0.02240293602648626,0.047702429838792984,0.028883483577729196,-0.01248786293578948,False
-0.02240293602648626,0.047702429838792984,0.028883483577729196,-0.01248786293578948,2.8625793,1,-0.002328539868400794,0.004451858139228151,0.9725537923892829,-2.129808014247629,False
-0.002328539868400794,0.004451858139228151,0.9725537923892829,-2.129808014247629,0.445667,1,0.03918507544059101,-0.0845615218994632,1.1040675773355895,-2.334432085654797,False
0.03918507544059101,-0.0845615218994632,1.1040675773355895,-2.334432085654797,0.2127593,1,0.0845212822792596,-0.17983002645023635,1.1637990026852758,-2.444530793486129,False
0.0845212822792596,-0.17983002645023635,1.1637990026852758,-2.444530793486129,0.6081487,0,0.13494312479572318,-0.28713856850671254,1.3569273960564943,-2.9292094390939254,True
-0.00654442207617709,0.0058813359667630105,-0.0096393238934624,-0.00039801169029284543,-0.3073309,1,-0.008990850420426473,0.010762499178596924,-0.11240063976216849,0.24202162147735226,False
-0.008990850420426473,0.010762499178596924,-0.11240063976216849,0.24202162147735226,1.1611897,1,-0.005753835766505972,0.0025705471003739638,0.2730433465444278,-0.6408689460101291,False
-0.005753835766505972,0.0025705471003739638,0.2730433465444278,-0.6408689460101291,-0.73946357,1,0.00014224739340818832,-0.010748689303717545,0.022950755529398376,-0.0362296187190329,False
0.00014224739340818832,-0.010748689303717545,0.022950755529398376,-0.0362296187190329,-0.18986458,1,-0.00018805900016153888,-0.009443621883584982,-0.039278514819042175,0.09982794599354274,False
-0.00018805900016153888,-0.009443621883584982,-0.039278514819042175,0.09982794599354274,-1.7319973,1,-0.013247622432200339,0.020844961701551104,-0.6122225656237377,1.4022048199569244,False
-0.013247622432200339,0.020844961701551104,-0.6122225656237377,1.4022048199569244,-2.986866,1,-0.05739789728968632,0.12130793611839433,-1.5919303150968416,3.602923552323146,False
-0.05739789728968632,0.12130793611839433,-1.5919303150968416,3.602923552323146,2.9061453,0,-0.10149782355251698,0.2194895237672028,-0.6209347605134835,1.3689739353793857,True
0.0008545822144091741,0.005559766461954674,0.0065847379866273495,0.004551368575212433,0.57031584,1,0.004895420110425863,-0.0028564314428825145,0.19495807013335933,-0.4210574592065661,False
0.004895420110425863,-0.0028564314428825145,0.19495807013335933,-0.4210574592065661,-1.1114367,1,0.005238309341973255,-0.002085832073985433,-0.17648345451008546,0.4475459951303862,False
0.005238309341973255,-0.002085832073985433,-0.17648345451008546,0.4475459951303862,-1.9534093,1,-0.014744774802596812,0.045215153844777325,-0.821128387264118,1.9057338601372875,False
-0.014744774802596812,0.045215153844777325,-0.821128387264118,1.9057338601372875,0.70045054,1,-0.0427350962285957,0.10923264241669584,-0.5806266859978474,1.316797550390781,False
-0.0427350962285957,0.10923264241669584,-0.5806266859978474,1.316797550390781,2.2168415,1,-0.0513181913092298,0.12904961528692724,0.14827629775106038,-0.2979852219247979,False
-0.0513181913092298,0.12904961528692724,0.14827629775106038,-0.2979852219247979,-1.8685254,1,-0.05808964091440082,0.14886961029359722,-0.4844890322285398,1.2695265630972707,False
-0.05808964091440082,0.14886961029359722,-0.4844890322285398,1.2695265630972707,-0.9917653,0,-0.08411702577624201,0.21624511060098606,-0.8159016353956987,2.0969712314448357,True
-0.0017946479233734091,-0.0006383996502138633,0.0010944260022027752,0.006243225468122424,-2.9599178,1,-0.02143936749301382,0.04509539323143293,-0.9804693045592334,2.256992375359511,False
-0.02143936749301382,0.04509539323143293,-0.9804693045592334,2.256992375359511,2.6463847,1,-0.042826887139508496,0.09291805843421032,-0.09357174487280209,0.1752865527221882,False
-0.042826887139508496,0.09291805843421032,-0.09357174487280209,0.1752865527221882,0.8896864,1,-0.04085185677784688,0.08832154685050415,0.19152782493216763,-0.3980394840241325,False
-0.04085185677784688,0.08832154685050415,0.19152782493216763,-0.3980394840241325,2.4382415,1,-0.01725768228349332,0.037736381537225624,0.9868835734435932,-2.1191023129566195,False
-0.01725768228349332,0.037736381537225624,0.9868835734435932,-2.1191023129566195,-0.33768284,1,0.019561332518063867,-0.03809343382081516,0.8559318459201521,-1.692852446310784,False
0.019561332518063867,-0.03809343382081516,0.8559318459201521,-1.692852446310784,-1.0609518,1,0.046554802164154786,-0.08809699475588031,0.496187415357177,-0.8301467008892652,False
0.046554802164154786,-0.08809699475588031,0.496187415357177,-0.8301467008892652,-2.7226212,1,0.04839203236777383,-0.0806219796366855,-0.4014599597614825,1.1776809642794523,False
0.04839203236777383,-0.0806219796366855,-0.4014599597614825,1.1776809642794523,2.2951686,1,0.04792559117616457,-0.07202963164611122,0.37516505653321675,-0.7202198290447722,False
0.04792559117616457,-0.07202963164611122,0.37516505653321675,-0.7202198290447722,-1.2270561,1,0.05482760659287143,-0.08273948719894103,-0.028412183287810273,0.16982793116054987,False
0.05482760659287143,-0.08273948719894103,-0.028412183287810273,0.16982793116054987,1.7385613,1,0.065436290499557,-0.10461450490900005,0.5568547166822122,-1.2470781453556763,False
0.065436290499557,-0.10461450490900005,0.5568547166822122,-1.2470781453556763,2.0675876,1,0.10139899516413776,-0.18649469318311557,1.2385700186359703,-2.833505918386813,False
0.10139899516413776,-0.18649469318311557,1.2385700186359703,-2.833505918386813,-2.5779424,0,0.13389948000362556,-0.261924452944693,0.3929690286391878,-0.9889666263033482,True
0.009281318465046486,-0.004420544990812363,0.004325789921703156,-0.006136354004785372,1.9257581,1,0.022268837288967912,-0.034306550459034905,0.6432729289784981,-1.473208672940405,False
0.022268837288967912,-0.034306550459034905,0.6432729289784981,-1.473208672940405,1.0663875,1,0.05491908457827754,-0.10833106728733055,0.9889389531810053,-2.230102983801094,False
0.05491908457827754,-0.10833106728733055,0.9889389531810053,-2.230102983801094,-0.1631396,1,0.09323483000902472,-0.1944236186483453,0.9284927164555016,-2.0931523175870748,False
0.09323483000902472,-0.1944236186483453,0.9284927164555016,-2.0931523175870748,-0.57176125,0,0.12664722488981353,-0.2711490762368657,0.7443089610471176,-1.764274874701605,True
-0.006985511289993296,0.00719900219290041,-0.003839300079838186,-0.009207772758146411,0.8856481,1,-0.0012687883712902985,-0.006558059323164876,0.2889104042148266,-0.672072311006217,False
-0.0012687883712902985,-0.006558059323164876,0.2889104042148266,-0.672072311006217,-0.08874512,1,0.009605875730357382,-0.0312935037627999,0.25544787455200285,-0.5710259900032808,False
0.009605875730357382,-0.0312935037627999,0.25544787455200285,-0.5710259900032808,-2.6110077,1,0.0024392995811318547,-0.013974602930055476,-0.6110907324032138,1.4128341757543323,False
0.0024392995811318547,-0.013974602930055476,-0.6110907324032138,1.4128341757543323,0.60706294,1,-0.01772331271154767,0.031037505780479806,-0.3987337132451747,0.8545173415508949,False
-0.01772331271154767,0.031037505780479806,-0.3987337132451747,0.8545173415508949,-1.8485218,1,-0.04589210946080052,0.09315682011267444,-1.008164922353886,2.242020428581415,False
-0.04589210946080052,0.09315682011267444,-1.008164922353886,2.242020428581415,2.1276488,1,-0.07196243291953397,0.14965271856832704,-0.29976787334203603,0.6205151817732888,False
-0.07196243291953397,0.14965271856832704,-0.29976787334203603,0.6205151817732888,0.9755988,1,-0.07774682126088335,0.1624362710927012,0.009276060466635507,0.02994120976750396,False
-0.07774682126088335,0.1624362710927012,0.009276060466635507,0.02994120976750396,-0.4921606,1,-0.08098247142491369,0.17478065654704644,-0.17039176370686432,0.5817174403532708,False
-0.08098247142491369,0.17478065654704644,-0.17039176370686432,0.5817174403532708,1.0490621,1,-0.08118926485706439,0.18564461953849082,0.1587864274357118,-0.027364047499555334,False
-0.08118926485706439,0.18564461953849082,0.1587864274357118,-0.027364047499555334,2.1844652,1,-0.06086277844250167,0.15620983487852025,0.8565045291087134,-1.433222707460746,False
-0.06086277844250167,0.15620983487852025,0.8565045291087134,-1.433222707460746,-2.1586897,1,-0.04144472496296927,0.1370643173050641,0.11715402029563014,0.447853581580152,False
-0.04144472496296927,0.1370643173050641,0.11715402029563014,0.447853581580152,-1.2186798,1,-0.04506532277161392,0.17601761423202353,-0.2967929976388231,1.4906642088567232,False
-0.04506532277161392,0.17601761423202353,-0.2967929976388231,1.4906642088567232,-2.7430897,0,-0.07504804655873913,0.2783177338880825,-1.1965116734076409,3.596361753130592,True
-0.008082218697989339,0.003973261606618613,-0.008982633699332433,0.006719653251394531,-2.0469944,1,-0.02206813566125475,0.03580900006428186,-0.6883990040664762,1.5690526130172382,False
-0.02206813566125475,0.03580900006428186,-0.6883990040664762,1.5690526130172382,2.331894,1,-0.033945822765829144,0.0615892826246837,0.09101567857987071,-0.2485465016362472,False
-0.033945822765829144,0.0615892826246837,0.09101567857987071,-0.2485465016362472,0.8700596,1,-0.024701699883359875,0.04011738558543824,0.3707510138243371,-0.8214793126366193,False
-0.024701699883359875,0.04011738558543824,0.3707510138243371,-0.8214793126366193,0.28905112,1,-0.008167754477685132,0.004890572826195651,0.4564051894985028,-0.9450944029400717,False
-0.008167754477685132,0.004890572826195651,0.4564051894985028,-0.9450944029400717,2.2402987,1,0.024823065754554903,-0.06589070569402743,1.1914850190044899,-2.583395733276429,False
0.024823065754554903,-0.06589070569402743,1.1914850190044899,-2.583395733276429,-1.1337129,1,0.06466385845263586,-0.14987136166129902,0.8039679329461095,-1.6475443740614704,False
0.06466385845263586,-0.14987136166129902,0.8039679329461095,-1.6475443740614704,0.54827213,0,0.10045802050974449,-0.22509381691638453,0.9856840526352748,-2.1189219209676122,True
-0.0041753808510316135,0.0014921480852683833,-0.0013833688539238898,0.0018490991625391563,2.021263,1,0.009207395919477583,-0.02941631975641139,0.6686753069465627,-1.5316551570337342,False
0.009207395919477583,-0.02941631975641139,0.6686753069465627,-1.5316551570337342,-2.4908626,1,0.01922009336060255,-0.05106001001074122,-0.16447478754930744,0.4172098504979389,False
0.01922009336060255,-0.05106001001074122,-0.16447478754930744,0.4172098504979389,2.376295,1,0.02860932038088966,-0.0725127393554558,0.63123844628328,-1.4668315370267884,False
0.02860932038088966,-0.0725127393554558,0.63123844628328,-1.4668315370267884,-2.18239,1,0.03930207774388126,-0.09752365141303009,-0.09327962968288706,0.18687214201860172,False
0.03930207774388126,-0.09752365141303009,-0.09327962968288706,0.18687214201860172,2.529269,1,0.052586064860613915,-0.1310693624084427,0.7543666156967365,-1.8397170387739434,False
0.052586064860613915,-0.1310693624084427,0.7543666156967365,-1.8397170387739434,2.8504293,0,0.10147681165948237,-0.24783292761006914,1.6844371211065292,-3.9728904608112394,True
-0.00036419518326735734,-0.007887380044795158,0.0038579821059643595,0.008426787124783479,-0.9687575,1,-0.006639134137120471,0.0071783854841068525,-0.3167596696139047,0.7376063444000082,False
-0.006639134137120471,0.0071783854841068525,-0.3167596696139047,0.7376063444000082,1.5276277,1,-0.00905625226398584,0.01243709697147894,0.1939463586763864,-0.45682585267574133,False
-0.00905625226398584,0.01243709697147894,0.1939463586763864,-0.45682585267574133,-1.4850286,1,-0.011277496608711733,0.017916841241885754,-0.303292909221658,0.7154153874696091,False
-0.011277496608711733,0.017916841241885754,-0.303292909221658,0.7154153874696091,-2.3896704,1,-0.03922649541818552,0.08269151782722285,-1.0919765636097354,2.508515995854906,False
-0.03922649541818552,0.08269151782722285,-1.0919765636097354,2.508515995854906,-2.219569,0,-0.0972909210975149,0.21504439097586103,-1.8074468509332566,4.098422916621747,True
0.008402939022192704,-0.0029623944846904914,-0.0023461186492071406,0.0023230888505019597,-1.7550298,1,-0.0033615985472390864,0.024060471169006007,-0.5842869472070884,1.335302927959464,False
-0.0033615985472390864,0.024060471169006007,-0.5842869472070884,1.335302927959464,-0.6776079,1,-0.03108223679114188,0.08665816521091377,-0.801952718773301,1.7995439600143885,False
-0.03108223679114188,0.08665816521091377,-0.801952718773301,1.7995439600143885,0.2434544,1,-0.06143890154818108,0.1545139865740144,-0.7174310728485492,1.6094629295700777,False
-0.06143890154818108,0.1545139865740144,-0.7174310728485492,1.6094629295700777,-1.0068537,0,-0.09680884591104355,0.23528005829645568,-1.050007818114413,2.428021457229452,True
-0.005311459789434247,-0.0043655969501372426,0.007462683542055535,-0.002722617449975395,-0.71740526,1,-0.009779839048162398,0.00648949501321029,-0.23024622856063776,0.540005565563506,False
-0.009779839048162398,0.00648949501321029,-0.23024622856063776,0.540005565563506,-2.1704187,1,-0.033357828488251015,0.06088308460112818,-0.9468316006997667,2.1663384791192164,False
-0.033357828488251015,0.06088308460112818,-0.9468316006997667,2.1663384791192164,1.906823,1,-0.05836443071309815,0.11693085125222279,-0.3074186977612091,0.6706593461884887,False
-0.05836443071309815,0.11693085125222279,-0.3074186977612091,0.6706593461884887,-1.995159,1,-0.08400572712054931,0.17578728329388385,-0.9721013866650271,2.256480396466732,False
-0.08400572712054931,0.17578728329388385,-0.9721013866650271,2.256480396466732,-2.3205786,0,-0.13799893236145463,0.30110322206571494,-1.7220107707585084,3.9887101193531933,True
-0.004557573698662807,-0.0015158684115167765,0.000907543307817369,0.009933353292676958,1.4614683,1,0.005201004935995776,-0.023581149781635575,0.4856942500907844,-1.1018686590963211,False
0.005201004935995776,-0.023581149781635575,0.4856942500907844,-1.1018686590963211,-2.459395,1,0.008153803591039168,-0.02893302003922178,-0.33497318150192856,0.8063214204232708,False
0.008153803591039168,-0.02893302003922178,-0.33497318150192856,0.8063214204232708,-0.326293,1,-0.007233087586454034,0.0066227886827741065,-0.4347630941492631,0.9761009338829831,False
-0.007233087586454034,0.0066227886827741065,-0.4347630941492631,0.9761009338829831,0.3363023,1,-0.02225502207683033,0.0393866238547812,-0.31743135559740576,0.6728947126656986,False
-0.02225502207683033,0.0393866238547812,-0.31743135559740576,0.6728947126656986,2.475425,1,-0.01848306379029695,0.028380662742406006,0.5033965979802782,-1.1993677527769169,False
-0.01848306379029695,0.028380662742406006,0.5033965979802782,-1.1993677527769169,0.30949792,1,0.003464002239152903,-0.022051444084115822,0.5946459284819593,-1.3302544611495304,False
0.003464002239152903,-0.022051444084115822,0.5946459284819593,-1.3302544611495304,2.611377,1,0.04442960431683288,-0.11395415764187222,1.4510309827719563,-3.2509528782352795,False
0.04442960431683288,-0.11395415764187222,1.4510309827719563,-3.2509528782352795,1.0285556,0,0.10882940912556549,-0.2573090209230853,1.767574333842052,-3.925005925295233,True
-0.003166778778251853,0.004553602046513346,-0.0009296488006990389,-0.008091377127865956,1.6551095,1,0.007790608124845164,-0.021043558062950662,0.5473242417905554,-1.259198402574112,False
0.007790608124845164,-0.021043558062950662,0.5473242417905554,-1.259198402574112,2.5745778,1,0.04663182364684435,-0.10962574138051145,1.392234229227802,-3.1561302701535627,False
0.04663182364684435,-0.10962574138051145,1.392234229227802,-3.1561302701535627,-0.2146482,0,0.10052976793364038,-0.2306189128505308,1.3047400102640077,-2.9198126370709847,True
-0.008463208779467893,-0.00460107850558519,0.0032642117709079654,0.0030213164222381316,-1.0625099,1,-0.01539360274745969,0.011772508087717333,-0.3488425875611292,0.8075854252265514,False
-0.01539360274745969,0.011772508087717333,-0.3488425875611292,0.8075854252265514,1.5723313,1,-0.018796762386996742,0.0191605238877099,0.17662839308693257,-0.41942705578777695,False
-0.018796762386996742,0.0191605238877099,0.17662839308693257,-0.41942705578777695,1.4217107,1,-0.0023851690326637687,-0.018411866987646897,0.6430456518017011,-1.4521240009595815,False
-0.0023851690326637687,-0.018411866987646897,0.6430456518017011,-1.4521240009595815,-0.30487615,1,0.02111969934506884,-0.07025359317167847,0.5336289838646235,-1.1544731758766684,False
0.02111969934506884,-0.07025359317167847,0.5336289838646235,-1.1544731758766684,2.771407,1,0.06079456031617591,-0.15868981344095612,1.446479217311137,-3.2471459696578253,False
0.06079456031617591,-0.15868981344095612,1.446479217311137,-3.2471459696578253,-1.4215873,0,0.10900403355399228,-0.2663487571841341,0.968945146078633,-2.1786948052306876,True
-0.004075899227538671,0.0052035269243486185,-0.009128534103289855,0.00016833029271103196,-2.0225177,1,-0.017908325056620725,0.03643761951708703,-0.6805932165758438,1.5456359869271594,False
-0.017908325056620725,0.03643761951708703,-0.6805932165758438,1.5456359869271594,-2.003016,1,-0.05825992725904797,0.1276851797819271,-1.335128655020839,3.009243918152388,False
-0.05825992725904797,0.1276851797819271,-1.335128655020839,3.009243918152388,2.3211813,0,-0.09608589562833145,0.21192655164197088,-0.5622199544464357,1.2522693920244832,True
0.007229527531221462,-0.006199615287049649,0.0058497289873705284,-0.005060782667532615,2.7241266,1,0.025591084416250853,-0.048344784690599,0.9095985891708579,-2.080581301786827,False
0.025591084416250853,-0.048344784690599,0.9095985891708579,-2.080581301786827,1.2150241,1,0.06978652842264137,-0.14834786751600063,1.2995582477662775,-2.9232110398022324,False
0.06978652842264137,-0.14834786751600063,1.2995582477662775,-2.9232110398022324,0.5528781,0,0.12512210056021517,-0.2726426325530408,1.4671264505076447,-3.3043433796022543,True
-0.008749161524023557,-0.007748575598276415,0.008695724006585744,-0.0054876975348557245,-0.41314566,1,-0.01113702316635188,-0.0017542788337980833,-0.12772620258257125,0.30207387330532093,False
-0.01113702316635188,-0.0017542788337980833,-0.12772620258257125,0.30207387330532093,-1.1390498,1,-0.023776530419369096,0.027422377994879937,-0.5034500779059746,1.1504846431007738,False
-0.023776530419369096,0.027422377994879937,-0.5034500779059746,1.1504846431007738,1.2748239,1,-0.03532679837993472,0.05301801098511904,-0.07618802539294457,0.14882012209668763,False
-0.03532679837993472,0.05301801098511904,-0.07618802539294457,0.14882012209668763,0.843938,1,-0.032865536884806576,0.04711024058260118,0.19846126374615683,-0.4372004129158736,False
-0.032865536884806576,0.04711024058260118,0.19846126374615683,-0.4372004129158736,2.0280209,1,-0.011617144856513908,0.0002176955943529237,0.8626808000498738,-1.896789863811681,False
-0.011617144856513908,0.0002176955943529237,0.8626808000498738,-1.896789863811681,0.72442985,1,0.027401224441483817,-0.0841665583784929,1.0887256314326172,-2.331703673502498,False
0.027401224441483817,-0.0841665583784929,1.0887256314326172,-2.331703673502498,-0.59271646,1,0.06679915736236171,-0.16710374277198345,0.8836160273767116,-1.8394484734620085,False
0.06679915736236171,-0.16710374277198345,0.8836160273767116,-1.8394484734620085,1.8014516,0,0.11397308744244936,-0.2686455286899898,1.4718483894101768,-3.2260821981421604,True
-0.0073284684425629545,-0.00016068557835346997,0.0005482302883787482,0.007225131725651559,0.21289468,1,-0.005892923535597655,-0.0031165769783883463,0.07103653615892946,-0.15335152000188731,False
-0.005892923535597655,-0.0031165769783883463,0.07103653615892946,-0.15335152000188731,-1.441907,1,-0.012663308977676277,0.013074795143111044,-0.40814405041419083,0.950594658092238,False
-0.012663308977676277,0.013074795143111044,-0.40814405041419083,0.950594658092238,0.8143283,1,-0.023461155011176082,0.03766621970395087,-0.13326666712502835,0.29323301631370313,False
-0.023461155011176082,0.03766621970395087,-0.13326666712502835,0.29323301631370313,-0.9789723,1,-0.03534240281754057,0.06493350423141904,-0.4600281446614112,1.0643143472086354,False
-0.03534240281754057,0.06493350423141904,-0.4600281446614112,1.0643143472086354,-2.4332967,1,-0.06985320810433811,0.1447256957463313,-1.2626225551989296,2.908964652562203,False
-0.06985320810433811,0.1447256957463313,-1.2626225551989296,2.908964652562203,0.6986637,0,-0.11551195848781387,0.24985150415376717,-1.023382215047951,2.3776960523730413,True
0.007886669330670663,0.0015899101875482735,0.007909960814908266,-0.0003012714081612278,-1.847419,1,-0.004093121459796155,0.030036786517320294,-0.6051935557893519,1.4082553217951135,False
-0.004093121459796155,0.030036786517320294,-0.6051935557893519,1.4082553217951135,-2.643764,1,-0.04569717097177143,0.12566089314616924,-1.4721216457178607,3.358087377184436,False
-0.04569717097177143,0.12566089314616924,-1.4721216457178607,3.358087377184436,-2.479541,0,-0.12041225353470275,0.29492622061608054,-2.2565300990247366,5.085571548194282,True
0.0009665881379116282,0.0035965846365071277,0.003978767555159431,0.002254253997629494,-1.4347504,1,-0.008429610840206093,0.025849184701262396,-0.47247796866532277,1.0992455623037238,False
-0.008429610840206093,0.025849184701262396,-0.47247796866532277,1.0992455623037238,1.6937569,1,-0.01596041353032375,0.04299668556254413,0.09349829596503252,-0.2196452888890406,False
-0.01596041353032375,0.04299668556254413,0.09349829596503252,-0.2196452888890406,2.1071417,1,0.0016581050611028634,0.0032029892087567895,0.7858972592032754,-1.756867292458311,False
0.0016581050611028634,0.0032029892087567895,0.7858972592032754,-1.756867292458311,0.4604513,1,0.03586975275299077,-0.07166285246921511,0.9254651484328514,-1.99712298787783,False
0.03586975275299077,-0.07166285246921511,0.9254651484328514,-1.99712298787783,-2.0179486,1,0.05932986307696993,-0.11966445079967819,0.2513977019222781,-0.4367729003055623,False
0.05932986307696993,-0.11966445079967819,0.2513977019222781,-0.4367729003055623,-0.2454386,1,0.06795221445518768,-0.1355527387769604,0.18017170722101059,-0.36195117464909765,False
0.06795221445518768,-0.1355527387769604,0.18017170722101059,-0.36195117464909765,0.8910672,1,0.08128849599786353,-0.1661084473196789,0.4857130293049138,-1.159484212459539,False
0.08128849599786353,-0.1661084473196789,0.4857130293049138,-1.159484212459539,-1.201887,1,0.09296955401168595,-0.19669654300071313,0.10045512487633891,-0.3882849965326342,False
0.09296955401168595,-0.19669654300071313,0.10045512487633891,-0.3882849965326342,1.548442,0,0.10752162673725751,-0.23917603533785414,0.6249317999123469,-1.7212580648811306,True
-0.009605056685330774,0.002648590849731749,-0.001700305418496171,0.009534802395582876,1.5010641,1,0.00030337916335892095,-0.019943941493797756,0.4957718825929675,-1.1276114194754283,False
0.00030337916335892095,-0.019943941493797756,0.4957718825929675,-1.1276114194754283,-0.07474091,1,0.01950300807547125,-0.0628123505401606,0.4651599528279392,-1.0257034564919092,False
0.01950300807547125,-0.0628123505401606,0.4651599528279392,-1.0257034564919092,1.9437461,1,0.050974689518026285,-0.13355446818496422,1.1064768912730183,-2.500660792408727,False
0.050974689518026285,-0.13355446818496422,1.1064768912730183,-2.500660792408727,2.020084,0,0.10831491458592188,-0.26325752255796425,1.756482287138837,-3.9730250812802312,True
0.0043297760857490975,0.008468112186773201,0.0009910226599136984,0.007609239099108549,1.8012129,1,0.01632876989149783,-0.018673452383191545,0.5973519109159892,-1.3509464480987265,False
0.01632876989149783,-0.018673452383191545,0.5973519109159892,-1.3509464480987265,0.54053384,1,0.04364130407218663,-0.07957920063282076,0.7686905368863848,-1.7008344485782598,False
0.04364130407218663,-0.07957920063282076,0.7686905368863848,-1.7008344485782598,-1.1216395,1,0.0668456643553397,-0.13000893728838822,0.39411885481861453,-0.8440988014874617,False
0.0668456643553397,-0.13000893728838822,0.39411885481861453,-0.8440988014874617,0.55621284,1,0.08643141514354326,-0.17399671932167227,0.5849162742865694,-1.355578390209025,False
0.08643141514354326,-0.17399671932167227,0.5849162742865694,-1.355578390209025,-1.1566504,0,0.1023651708144126,-0.2130556737737283,0.21408071468510428,-0.6173515416224856,True
0.00208112654466847,0.008600950875856233,0.0015421672507764162,0.00034427412229631526,-2.338342,1,-0.01343246167019695,0.04476950771963228,-0.7749693801107008,1.7894638425148992,False
-0.01343246167019695,0.04476950771963228,-0.7749693801107008,1.7894638425148992,-2.2302969,1,-0.0590274633588461,0.14903368468198602,-1.502263984645052,3.414068870371366,False
-0.0590274633588461,0.14903368468198602,-1.502263984645052,3.414068870371366,-0.7529893,0,-0.12364043260883124,0.2951768368976793,-1.727383354773829,3.904738754744344,True
0.004318253121689164,-0.003575066250764074,-0.004574626080703963,-0.0056646025638723875,-1.0556715,1,-0.002883075216453365,0.012379794065422969,-0.35454772798917117,0.7953001400631035,False
-0.002883075216453365,0.012379794065422969,-0.35454772798917117,0.7953001400631035,-1.1452315,1,-0.024587723531165225,0.06103137276847079,-0.7301246220767821,1.63444257694929,False
-0.024587723531165225,0.06103137276847079,-0.7301246220767821,1.63444257694929,1.0632149,1,-0.04661198654357302,0.1094056837985924,-0.37352485085976067,0.8065868522988712,False
-0.04661198654357302,0.1094056837985924,-0.37352485085976067,0.8065868522988712,-1.3908974,1,-0.07086918875518763,0.16422906951710006,-0.837882997441667,1.9265408082000313,False
-0.07086918875518763,0.16422906951710006,-0.837882997441667,1.9265408082000313,-2.0609539,0,-0.11789462947672612,0.2729693861935624,-1.5093093952937149,3.494948707214659,True
-0.0028536434282392543,-0.0018761002881558708,-0.00623325981088948,0.0019813368153834077,2.247388,1,0.011846788614474218,-0.036331185003880204,0.7391619971488794,-1.707190925063045,False
0.011846788614474218,-0.036331185003880204,0.7391619971488794,-1.707190925063045,0.1007387,1,0.04188537927717688,-0.10465425990172518,0.7638710912355755,-1.7218252942513803,False
0.04188537927717688,-0.10465425990172518,0.7638710912355755,-1.7218252942513803,2.6118727,0,0.08961116613994893,-0.21299176707515138,1.6180557983209398,-3.6755030061707004,True
0.007078256564201588,0.0031065208297530412,-0.008815623806082805,-0.0018336175910309072,-0.44520065,1,0.0037537232469824163,0.009985713061702156,-0.15700889872505291,0.342322802656143,False
0.0037537232469824163,0.009985713061702156,-0.15700889872505291,0.342322802656143,0.34000844,1,-0.00023876578318659503,0.01826910162166176,-0.04318919498340624,0.07723057175803652,False
-0.00023876578318659503,0.01826910162166176,-0.04318919498340624,0.07723057175803652,-0.4635376,1,-0.005082065962950572,0.028838372917116828,-0.19859909996397368,0.44809858082541754,False
-0.005082065962950572,0.028838372917116828,-0.19859909996397368,0.44809858082541754,0.862566,1,-0.007290699315208028,0.03363472031375888,0.08706082394610636,-0.19820523041293198,False
-0.007290699315208028,0.03363472031375888,0.08706082394610636,-0.19820523041293198,-0.7904323,1,-0.009174504328679148,0.03892846620324436,-0.18033886790151632,0.4547513270222138,False
-0.009174504328679148,0.03892846620324436,-0.18033886790151632,0.4547513270222138,-2.640937,1,-0.033954665478411104,0.09791907234171827,-1.055877184530081,2.474920208696805,False
-0.033954665478411104,0.09791907234171827,-1.055877184530081,2.474920208696805,0.70087564,1,-0.07133577030080859,0.18516358420480525,-0.8159145200660829,1.9139455593972068,False
-0.07133577030080859,0.18516358420480525,-0.8159145200660829,1.9139455593972068,1.8739252,0,-0.09173873760762218,0.23555084468389728,-0.20818494392188439,0.6378742105034586,True
-0.0033813413178919085,0.006172756580890921,0.009711485029643167,0.0006854916168964698,1.66478,1,0.008062738214981276,-0.0191935100445451,0.5610088215209474,-1.2563224702781826,False
0.008062738214981276,-0.0191935100445451,0.5610088215209474,-1.2563224702781826,-1.685909,1,0.019137249129682357,-0.04228737834259018,-0.0047049762884419305,0.07798691134109116,False
0.019137249129682357,-0.04228737834259018,-0.0047049762884419305,0.07798691134109116,0.9570398,1,0.02541362809108501,-0.05489889668797736,0.31753104644785707,-0.7000035170987079,False
0.02541362809108501,-0.05489889668797736,0.31753104644785707,-0.7000035170987079,2.423278,1,0.05420969978643302,-0.12025669944225925,1.1196568865781715,-2.5508235092891884,False
0.05420969978643302,-0.12025669944225925,1.1196568865781715,-2.5508235092891884,0.14297393,0,0.09972037630349811,-0.22356924408391213,1.1569891885215366,-2.6319219803565748,True
-0.0039409542818100805,-0.007006556480373114,-0.0023983990371887432,0.007866948469034423,-1.7081304,1,-0.01538592112187964,0.019416511003619068,-0.5683215487070281,1.300280724708456,False
-0.01538592112187964,0.019416511003619068,-0.5683215487070281,1.300280724708456,1.1957874,1,-0.030014162756946006,0.05182242171863609,-0.16527716777789572,0.3403098108788859,False
-0.030014162756946006,0.05182242171863609,-0.16527716777789572,0.3403098108788859,-2.27861,1,-0.05182470780751092,0.10110137980012558,-0.922844471327596,2.1060895295034188,False
-0.05182470780751092,0.10110137980012558,-0.922844471327596,2.1060895295034188,-2.4718373,0,-0.10489204851357607,0.22207243955900197,-1.7261146643655876,3.925602394997769,True
0.009503062010869607,0.0008657554520173428,0.008107299304284525,0.0023081818736527706,1.8489091,1,0.022119917835536313,-0.02739037674448329,0.6210533903014152,-1.4008486479715574,False
0.022119917835536313,-0.02739037674448329,0.6210533903014152,-1.4008486479715574,0.35195372,1,0.049136409115068905,-0.08752774103771105,0.7304130308445667,-1.6143881542588177,False
0.049136409115068905,-0.08752774103771105,0.7304130308445667,-1.6143881542588177,-1.9457898,1,0.06538264248187228,-0.12226733492884619,0.0852412764711588,-0.151848377467279,False
0.06538264248187228,-0.12226733492884619,0.0852412764711588,-0.151848377467279,0.17220815,1,0.07017763234916204,-0.13354759563316804,0.1543203250826687,-0.41071561616508034,False
0.07017763234916204,-0.13354759563316804,0.1543203250826687,-0.41071561616508034,-0.42539072,1,0.07376808385983136,-0.1460458563375948,0.025786612197123967,-0.21953511354028904,False
0.07376808385983136,-0.1460458563375948,0.025786612197123967,-0.21953511354028904,-0.3088863,1,0.0730495805349606,-0.1532203457330111,-0.06141894634760729,-0.14180510395388268,False
0.0730495805349606,-0.1532203457330111,-0.06141894634760729,-0.14180510395388268,-1.7662277,1,0.05924037101226599,-0.1355614246488258,-0.6278205320923556,1.0131529458330581,False
0.05924037101226599,-0.1355614246488258,-0.6278205320923556,1.0131529458330581,-2.838213,1,0.01575381826077818,-0.05629682348183523,-1.5459911244425255,2.9436953100784105,False
0.01575381826077818,-0.05629682348183523,-1.5459911244425255,2.9436953100784105,2.0432472,1,-0.03192471093105018,0.02486925867708005,-0.8417953994372916,1.1545224016456626,False
-0.03192471093105018,0.02486925867708005,-0.8417953994372916,1.1545224016456626,-1.5222256,1,-0.0755654676263675,0.09339306676390578,-1.339272063108692,2.267540500056842,False
-0.0755654676263675,0.09339306676390578,-1.339272063108692,2.267540500056842,-0.5732687,1,-0.13270599255539478,0.19175524929958052,-1.5180373822519695,2.661104391171871,False
-0.13270599255539478,0.19175524929958052,-1.5180373822519695,2.661104391171871,-0.6929882,0,-0.19778605917102007,0.30884351680882993,-1.7351883556122822,3.200877374760411,True
0.008651701581428242,-0.006675431231934872,0.0010915186115007193,-0.000757197516804684,0.18450995,1,0.009933913153607865,-0.009656453495550367,0.06285069382538827,-0.1468365678767275,False
0.009933913153607865,-0.009656453495550367,0.06285069382538827,-0.1468365678767275,0.46679348,1,0.01554869680670105,-0.02269165952852844,0.21758179036204514,-0.5024959680892878,False
0.01554869680670105,-0.02269165952852844,0.21758179036204514,-0.5024959680892878,0.9039616,1,0.030232928652095436,-0.05648568612350942,0.5161308833631366,-1.1839901031068987,False
0.030232928652095436,-0.05648568612350942,0.5161308833631366,-1.1839901031068987,-1.6077744,1,0.040136923153513616,-0.07891830961704899,-0.018456021208356564,0.0400659706734241,False
0.040136923153513616,-0.07891830961704899,-0.018456021208356564,0.0400659706734241,0.7640726,1,0.044652072559273386,-0.09085002837523888,0.2433690850566301,-0.629437553708639,False
0.044652072559273386,-0.09085002837523888,0.2433690850566301,-0.629437553708639,-1.0314133,1,0.0476495274814426,-0.101530929829001,-0.09211749060594426,0.08298961034348654,False
0.0476495274814426,-0.101530929829001,-0.09211749060594426,0.08298961034348654,2.853211,1,0.06311385959370003,-0.1440764213517453,0.8616746440878085,-2.182788332247941,False
0.06311385959370003,-0.1440764213517453,0.8616746440878085,-2.182788332247941,2.0173938,0,0.11073983213268287,-0.2617127259542757,1.5157655247535007,-3.6862791691012906,True
-5.1157608025820256e-05,-0.0067504589471726615,0.0034083111700752068,-0.0015404467636992724,-2.117296,1,-0.013987498227900956,0.025600804926081962,-0.6982945657066926,1.6027788652560426,False
-0.013987498227900956,0.025600804926081962,-0.6982945657066926,1.6027788652560426,-1.5490458,1,-0.05200970718290583,0.11189747999383122,-1.2018436180453882,2.710318991352644,False
-0.05200970718290583,0.11189747999383122,-1.2018436180453882,2.710318991352644,0.40668732,0,-0.09714224827228433,0.2129727466483433,-1.0571234178154556,2.3686770565926705,True
0.007913937778745288,-0.008252910794602634,0.009574524736471603,0.008542794894156387,-2.4787526,1,-0.008175638209414537,0.030007185467807677,-0.8117757066154423,1.8853562939131954,False
-0.008175638209414537,0.030007185467807677,-0.8117757066154423,1.8853562939131954,-2.9417067,1,-0.05992177915861027,0.14855177992693588,-1.7716799621723653,4.024871339159233,False
-0.05992177915861027,0.14855177992693588,-1.7716799621723653,4.024871339159233,2.4351554,0,-0.1142855723028163,0.270919740276634,-0.9545942295815294,2.15819266417978,True
0.0017091587593700663,-0.0024007980839755995,0.0016166533966950382,-0.00937978397588833,-1.8298116,1,-0.010397229897814431,0.025331252637509058,-0.6052596285528552,1.3817652579797215,False
-0.010397229897814431,0.025331252637509058,-0.6052596285528552,1.3817652579797215,-0.8860137,1,-0.04033526457259766,0.09294334420178606,-0.8915949413003738,2.0021931118875216,False
-0.04033526457259766,0.09294334420178606,-0.8915949413003738,2.0021931118875216,2.1793292,1,-0.061442677137753456,0.1393759375428351,-0.16790095496123794,0.3548597916138434,False
-0.061442677137753456,0.1393759375428351,-0.16790095496123794,0.3548597916138434,-0.276461,1,-0.07024241780855627,0.1605289182762884,-0.27188932006230493,0.7018075092967847,False
-0.07024241780855627,0.1605289182762884,-0.27188932006230493,0.7018075092967847,0.6371566,1,-0.07716413923943176,0.1818355007255138,-0.07522814728193815,0.3728387863773939,False
-0.07716413923943176,0.1818355007255138,-0.07522814728193815,0.3728387863773939,1.5858737,1,-0.07007863144778557,0.1767715207296476,0.42813880706009216,-0.6135739140333568,False
-0.07007863144778557,0.1767715207296476,0.42813880706009216,-0.6135739140333568,2.9734867,1,-0.03379362205380895,0.11239410062419412,1.3857089292536218,-2.597122510540976,False
-0.03379362205380895,0.11239410062419412,1.3857089292536218,-2.597122510540976,0.15236767,1,0.02203069656600784,0.012220134424324349,1.4070493951931304,-2.4323182327085457,False
0.02203069656600784,0.012220134424324349,1.4070493951931304,-2.4323182327085457,-0.5570838,1,0.0741760865674694,-0.07287512828248492,1.2025339272440447,-1.847236355381663,False
0.0741760865674694,-0.07287512828248492,1.2025339272440447,-1.847236355381663,-0.002589102,1,0.12208264369701113,-0.1457859867089037,1.1940507633034627,-1.81276498764942,False
0.12208264369701113,-0.1457859867089037,1.1940507633034627,-1.81276498764942,1.9519762,0,0.1826397418307669,-0.2482101831856011,1.8304744349282283,-3.2958973169404437,True
0.004726598624126688,-0.008095866818843833,-0.006218375408930366,-0.002504910190095195,0.9448302,1,0.01077731455655686,-0.022859583795334294,0.3078999404604654,-0.7283699378643799,False
0.01077731455655686,-0.022859583795334294,0.3078999404604654,-0.7283699378643799,-2.1350832,1,0.008830799013906028,-0.018729421425268306,-0.402771316858468,0.9127039617217804,False
0.008830799013906028,-0.018729421425268306,-0.402771316858468,0.9127039617217804,-1.6718746,1,-0.018221991122279423,0.04184173845575348,-0.9489707754480821,2.110450551919579,False
-0.018221991122279423,0.04184173845575348,-0.9489707754480821,2.110450551919579,-0.46980083,1,-0.05904133626248455,0.13155734623928633,-1.0927029984818948,2.3873897413633456,False
-0.05904133626248455,0.13155734623928633,-1.0927029984818948,2.3873897413633456,-2.6685734,0,-0.12011193749475993,0.26659526317685245,-1.9547414476415383,4.341580253415915,True
-0.0023357317498444584,0.0020454163385746527,0.0069392552031646805,3.0767950632233365e-05,-2.377495,1,-0.01788048348614174,0.038656542396622785,-0.7819269777267761,1.8118082071708057,False
-0.01788048348614174,0.038656542396622785,-0.7819269777267761,1.8118082071708057,1.528294,1,-0.03880773130820034,0.08621533741494253,-0.2674827959472934,0.593871441523962,False
-0.03880773130820034,0.08621533741494253,-0.2674827959472934,0.593871441523962,-2.6095178,1,-0.06689823046719522,0.1509285329526858,-1.1337190050421144,2.6202744220582637,False
-0.06689823046719522,0.1509285329526858,-1.1337190050421144,2.6202744220582637,0.062515154,0,-0.11165612243775067,0.25456413733810856,-1.1056510362772716,2.5811273037526976,True
-0.003725932444727671,0.009030785854461262,0.006236548324936196,0.009508052370397719,-2.3354673,1,-0.019032642128884003,0.04552020068478593,-0.7693244313592948,1.7964173158517527,False
-0.019032642128884003,0.04552020068478593,-0.7693244313592948,1.7964173158517527,1.6134166,1,-0.03891024361701087,0.09135524241630565,-0.2276925506283811,0.5236527306201518,False
-0.03891024361701087,0.09135524241630565,-0.2276925506283811,0.5236527306201518,-1.5980811,1,-0.05873360136177137,0.13808288709416439,-0.7617839253352714,1.8015089410954366,False
-0.05873360136177137,0.13808288709416439,-0.7617839253352714,1.8015089410954366,0.2930937,0,-0.08726269294438128,0.20646329527490156,-0.6662241094761392,1.6336437089367164,True
-0.001701775748609964,0.008003201275396686,0.0003414488193407794,-0.006705523496623895,-0.6359251,1,-0.0059408812938031245,0.01773899721106582,-0.21171195236577414,0.4884560860706756,False
-0.0059408812938031245,0.01773899721106582,-0.21171195236577414,0.4884560860706756,2.3664653,1,0.0013611275141938671,0.0007297347451868235,0.5743654120814822,-1.3170792681006607,False
0.0013611275141938671,0.0007297347451868235,0.5743654120814822,-1.3170792681006607,1.5177037,1,0.03421699875709683,-0.07342923938838973,1.0677356564022484,-2.389012052470909,False
0.03421699875709683,-0.07342923938838973,1.0677356564022484,-2.389012052470909,1.7043473,1,0.0879331315047412,-0.19319960952770115,1.6159796777999527,-3.5969950210588673,False
0.0879331315047412,-0.19319960952770115,1.6159796777999527,-3.5969950210588673,-2.5418909,0,0.13560718556494464,-0.2988565941317207,0.7757273948748756,-1.7475676695280806,True
0.0019207734397459354,0.005225129032206559,0.002641876418428397,-0.009335084308617354,-1.7356632,1,-0.009535157423600305,0.03168804606809011,-0.5738214191029111,1.3188275323707022,False
-0.009535157423600305,0.03168804606809011,-0.5738214191029111,1.3188275323707022,-2.9138477,1,-0.05169423658958458,0.1280226198573013,-1.5307473083863516,3.479452787302906,False
-0.05169423658958458,0.1280226198573013,-1.5307473083863516,3.479452787302906,-1.5337133,0,-0.12252827446422114,0.2879174823652054,-2.0073475256991857,4.514123938975151,True
0.009764325237090428,0.00454873777885352,-0.004397763076236761,0.0006424608490377004,-2.9376616,1,-0.009963096256072586,0.04983908690646446,-0.9790842531723241,2.240321558486076,False
-0.009963096256072586,0.04983908690646446,-0.9790842531723241,2.240321558486076,1.3937855,1,-0.03962260868567822,0.11629597411812294,-0.5072710900666568,1.113392845865158,False
-0.03962260868567822,0.11629597411812294,-0.5072710900666568,1.113392845865158,1.2741203,1,-0.051564448296832266,0.1427458540238529,-0.09194896338745134,0.22786569330831868,False
-0.051564448296832266,0.1427458540238529,-0.09194896338745134,0.22786569330831868,-1.4775356,1,-0.06528523916228064,0.17717244193975856,-0.5922633064377617,1.4803470925440179,False
-0.06528523916228064,0.17717244193975856,-0.5922633064377617,1.4803470925440179,1.6362823,0,-0.07835891661095495,0.21409114330429166,-0.06442325222169175,0.390904682739039,True
-0.0057097987372880235,0.0018195149335919081,0.0040894683780055546,-0.00388308323207746,-0.8489333,1,-0.011201879639270433,0.01479405774542244,-0.27792787132545094,0.6460325294583048,False
-0.011201879639270433,0.01479405774542244,-0.27792787132545094,0.6460325294583048,2.290949,1,-0.007020159024708229,0.004967967571356793,0.48448979418786386,-1.1146475081004206,False
-0.007020159024708229,0.004967967571356793,0.48448979418786386,-1.1146475081004206,2.8231401,1,0.03094243911396535,-0.08130965964602939,1.41120302407016,-3.184206470778729,False
0.03094243911396535,-0.08130965964602939,1.41120302407016,-3.184206470778729,-2.5156045,1,0.07034991354578304,-0.16789292904775266,0.5652808285250078,-1.1966832352995422,False
0.07034991354578304,-0.16789292904775266,0.5652808285250078,-1.1966832352995422,1.9662614,0,0.10603374050146125,-0.24723515700137325,1.2157095466805268,-2.7547174567658197,True
0.008243613725358147,-0.004028759206390815,-0.003236637786572656,-0.008390724962560825,-1.717475,1,-0.003305666296859595,0.021977441447718286,-0.5726667367301729,1.2954210085955677,False
-0.003305666296859595,0.021977441447718286,-0.5726667367301729,1.2954210085955677,1.1205213,1,-0.018614385949054433,0.05541139717771157,-0.19488473188450606,0.39594026516846464,False
-0.018614385949054433,0.05541139717771157,-0.19488473188450606,0.39594026516846464,2.9020562,1,-0.00718799408188248,0.02756375856833193,0.763594694974383,-1.7644966746441817,False
-0.00718799408188248,0.02756375856833193,0.763594694974383,-1.7644966746441817,-1.2302979,1,0.014840691334807386,-0.021084014591750452,0.3403406757911149,-0.6923734436083429,False
0.014840691334807386,-0.021084014591750452,0.3403406757911149,-0.6923734436083429,-2.7486157,1,0.01010863346166503,-0.006085551780057151,-0.5739944283080542,1.4158306487249066,False
0.01010863346166503,-0.006085551780057151,-0.5739944283080542,1.4158306487249066,-0.8720927,1,-0.01842391509530722,0.06194204486856893,-0.8527754738464676,1.990146103329086,False
-0.01842391509530722,0.06194204486856893,-0.8527754738464676,1.990146103329086,-2.6647394,1,-0.06997636428768864,0.18082053427101122,-1.7208475643295278,3.9375077551346793,False
-0.06997636428768864,0.18082053427101122,-1.7208475643295278,3.9375077551346793,-2.6818912,0,-0.15565613501674627,0.3754529991225157,-2.55215506631367,5.761849565002337,True
-0.004101287820294615,-0.0048494838640787295,-0.005637384807238777,-0.0027646123676665925,-2.6250412,1,-0.021780119092205574,0.035296030277550974,-0.8758428554788797,1.9895222641373698,False
-0.021780119092205574,0.035296030277550974,-0.8758428554788797,1.9895222641373698,-0.17537175,1,-0.05773426446307085,0.11570849011774686,-0.9230002577517321,2.045384314962366,False
-0.05773426446307085,0.11570849011774686,-0.9230002577517321,2.045384314962366,-1.7564787,0,-0.10611780330349657,0.22380290488137333,-1.4935508857872493,3.351971328231514,True
-0.0007297680178362009,-0.007237506610988542,0.009227285314437785,0.0075461407330046385,2.6184018,1,0.017067432604782905,-0.047294080053187394,0.8781061283517112,-1.989521553303367,False
0.017067432604782905,-0.047294080053187394,0.8781061283517112,-1.989521553303367,2.9087865,1,0.07123508005790986,-0.1695716859339882,1.826067171594251,-4.106523530410505,False
0.07123508005790986,-0.1695716859339882,1.826067171594251,-4.106523530410505,1.1853518,0,0.15137836049547185,-0.348767851160468,2.1774265325968822,-4.857527846041913,True
-0.00907957894196163,0.002434786082031615,-0.007630633939004521,0.009096222293564217,-0.23098841,1,-0.010929008170249213,0.006430693935259946,-0.0846391814188454,0.18896786513706584,False
-0.010929008170249213,0.006430693935259946,-0.0846391814188454,0.18896786513706584,1.6312863,1,-0.003452824667804521,-0.011136998439556208,0.4568554912075695,-1.0533933906353403,False
-0.003452824667804521,-0.011136998439556208,0.4568554912075695,-1.0533933906353403,1.1822501,1,0.0225395856850959,-0.07022651287583091,0.8423102689247619,-1.8999478524916842,False
0.0225395856850959,-0.07022651287583091,0.8423102689247619,-1.8999478524916842,-0.2274567,1,0.05455796193434093,-0.14174471385889215,0.7602224883702134,-1.693054621845847,False
0.05455796193434093,-0.14174471385889215,0.7602224883702134,-1.693054621845847,-1.0820975,1,0.07784426753995606,-0.19408696704574985,0.40669943014841514,-0.9469955536075244,False
0.07784426753995606,-0.19408696704574985,0.40669943014841514,-0.9469955536075244,-1.5664585,0,0.08408344489173818,-0.2118034705848288,-0.09258466442425438,0.042553286533216494,True
-0.007923516433843002,-0.006451114354952794,0.004326145066119771,-0.005926890272044754,0.1947234,1,-0.006445341591483215,-0.009783547083485422,0.06940970273966895,-0.15920580509841198,False
-0.006445341591483215,-0.009783547083485422,0.06940970273966895,-0.15920580509841198,-2.247285,1,-0.018623447372795005,0.018397930213898524,-0.676172191215332,1.5497766757478793,False
-0.018623447372795005,0.018397930213898524,-0.676172191215332,1.5497766757478793,-0.9717423,1,-0.05192562831291494,0.09365919840324348,-0.9888692225991501,2.217210213568746,False
-0.05192562831291494,0.09365919840324348,-0.9888692225991501,2.217210213568746,-2.6984925,0,-0.10909595420127956,0.22220324625473897,-1.8645805127530708,4.190371348808792,True
0.006972712754037527,-0.0012690928918347355,0.004842767233035792,-0.007255217731686714,-2.3207421,1,-0.008272171222000036,0.03411255010797246,-0.7649146309716589,1.7581488973078627,False
-0.008272171222000036,0.03411255010797246,-0.7649146309716589,1.7581488973078627,0.40836254,1,-0.03595416755693649,0.09663562217364073,-0.6209533537886784,1.3858462079623046,False
-0.03595416755693649,0.09663562217364073,-0.6209533537886784,1.3858462079623046,2.2467341,1,-0.04590143517952887,0.11830178157830952,0.12028480786872488,-0.2735519883936989,False
-0.04590143517952887,0.11830178157830952,0.12028480786872488,-0.2735519883936989,-2.335106,1,-0.05686112444498351,0.1459499804715378,-0.6653046333606464,1.6323326127115,False
-0.05686112444498351,0.1459499804715378,-0.6653046333606464,1.6323326127115,-1.1886829,0,-0.09133045309743137,0.23017086087556643,-1.0567654763079284,2.5759713931717965,True
0.006548115063970619,-0.005563815753275044,0.002336052588416491,-0.0023827491319919967,-0.106608756,1,0.005940790635356507,-0.004108845459081917,-0.032610460081480226,0.0743411683219441,False
0.005940790635356507,-0.004108845459081917,-0.032610460081480226,0.0743411683219441,-2.946986,1,-0.014947831946059259,0.043978720175419525,-1.009034902756146,2.307332074954711,False
-0.014947831946059259,0.043978720175419525,-1.009034902756146,2.307332074954711,-0.52416587,1,-0.05849684822425844,0.14216448636056975,-1.1690580016453818,2.61469924355268,False
-0.05849684822425844,0.14216448636056975,-1.1690580016453818,2.61469924355268,-1.0355959,0,-0.1118571124461443,0.26175009572264846,-1.4976311107483107,3.368598942115578,True
0.007392793423407831,-0.00048667562272377787,-0.008827956049372513,0.0019667652788114133,1.6983454,1,0.018334879883692833,-0.026477043211853346,0.5543894687171601,-1.2883785384716742,False
0.018334879883692833,-0.026477043211853346,0.5543894687171601,-1.2883785384716742,1.7539297,1,0.05201431076704492,-0.1037315062434593,1.1283076299739276,-2.5688233046370716,False
0.05201431076704492,-0.1037315062434593,1.1283076299739276,-2.5688233046370716,0.91779304,0,0.10294919711088305,-0.2190657247205872,1.417843018857402,-3.2053202286080875,True
-0.0022209354404522873,-0.0016751941297085372,-0.007432643491947193,0.0028316186372004813,1.8984663,1,0.010110645673587174,-0.030733458986207416,0.6222689764936928,-1.441012232975697,False
0.010110645673587174,-0.030733458986207416,0.6222689764936928,-1.441012232975697,0.9557209,1,0.0411859321812582,-0.10174616294474281,0.9313631561502045,-2.1126713260879013,False
0.0411859321812582,-0.10174616294474281,0.9313631561502045,-2.1126713260879013,2.949662,0,0.09773759717869124,-0.23012218306534038,1.8904282045494447,-4.281909752067168,True
-0.0035830488365676994,-0.0011895226887675304,-0.003690846713432838,0.0011821558037341507,-2.9834049,1,-0.023574547678111762,0.044695858851122566,-0.9930001639303637,2.269425711593321,False
-0.023574547678111762,0.044695858851122566,-0.9930001639303637,2.269425711593321,2.033673,1,-0.049527237520939245,0.10236298476584128,-0.3087226178608294,0.6503873709706728,False
-0.049527237520939245,0.10236298476584128,-0.3087226178608294,0.6503873709706728,2.6429832,1,-0.044483422458481456,0.08967401341049702,0.5583901063167948,-1.2614330541523522,False
-0.044483422458481456,0.08967401341049702,0.5583901063167948,-1.2614330541523522,-1.5907993,1,-0.03310219023364302,0.06733439038035063,0.012998436738261083,0.12156016967530811,False
-0.03310219023364302,0.06733439038035063,0.012998436738261083,0.12156016967530811,-1.3422295,1,-0.04163576622531173,0.09417979945056155,-0.43831348588601354,1.2099254948805052,False
-0.04163576622531173,0.09417979945056155,-0.43831348588601354,1.2099254948805052,-1.7523816,1,-0.07078173769955617,0.1697560067521759,-1.016996422489571,2.559485229392311,False
-0.07078173769955617,0.1697560067521759,-1.016996422489571,2.559485229392311,1.2285773,0,-0.10328498966064546,0.2542008336973981,-0.6120181009794353,1.696110122693138,True
0.007477848927884936,0.0017492356671388288,-0.0003646253700389357,-0.005772281268330411,0.8570607,1,0.013155983237244609,-0.011562701171828197,0.28351884993890625,-0.6533633933816431,False
0.013155983237244609,-0.011562701171828197,0.28351884993890625,-0.6533633933816431,1.6797261,1,0.03558776338238935,-0.06284245927078222,0.8368568236823984,-1.9022899643368725,False
0.03558776338238935,-0.06284245927078222,0.8368568236823984,-1.9022899643368725,0.91810507,1,0.07496277379604288,-0.15174031601639337,1.1317070006177643,-2.5479634663989623,False
0.07496277379604288,-0.15174031601639337,1.1317070006177643,-2.5479634663989623,1.9719008,0,0.1329817073702963,-0.28276223905489306,1.76497480176996,-3.991139990485637,True
-0.0030721235745603793,-0.0032048417412997112,-0.006269874937371922,0.005874364058362364,0.41728437,1,-0.0005425157362414954,-0.009425515012527965,0.1323738548287823,-0.31365467987793977,False
-0.0005425157362414954,-0.009425515012527965,0.1323738548287823,-0.31365467987793977,1.181011,1,0.012577290664887043,-0.03987452663998937,0.5227575667878099,-1.2021156403636328,False
0.012577290664887043,-0.03987452663998937,0.5227575667878099,-1.2021156403636328,1.0996354,1,0.04068566459767599,-0.10406453651183242,0.8821997707923882,-2.0071476136623976,False
0.04068566459767599,-0.10406453651183242,0.8821997707923882,-2.0071476136623976,0.39523938,1,0.07845808882956665,-0.18991199135814762,1.0069691847899815,-2.295940963480891,False
0.07845808882956665,-0.18991199135814762,1.0069691847899815,-2.295940963480891,1.0067197,0,0.1252636522957128,-0.29756950493985956,1.3317877357208976,-3.088025400791445,True
0.0003304551903304076,-0.0021524767261897073,-0.005299131707513034,-0.006419223473855705,0.58563524,1,0.004014787966435074,-0.011411133876503651,0.18900061367126733,-0.45208748695454254,False
0.004014787966435074,-0.011411133876503651,0.18900061367126733,-0.45208748695454254,1.7071064,1,0.02288044856397199,-0.05533280548368437,0.752945632451602,-1.733984087774639,False
0.02288044856397199,-0.05533280548368437,0.752945632451602,-1.733984087774639,-0.39471605,1,0.050216105587490185,-0.11754941171380316,0.6155705358253849,-1.3942487595757824,False
0.050216105587490185,-0.11754941171380316,0.6155705358253849,-1.3942487595757824,2.622459,0,0.0921625987414094,-0.21364356785385097,1.4774653479304583,-3.3891566609481765,True
0.006836140588091786,-0.002312754708056575,-0.0050488501919952735,-0.008555787255474259,-0.044055365,1,0.006341877108397609,-0.0019831165176880552,-0.019619092478895185,0.024636828467877615,False
0.006341877108397609,-0.0019831165176880552,-0.019619092478895185,0.024636828467877615,0.3687495,1,0.008015098544910495,-0.006704934950440746,0.10293297692412469,-0.25770044975833073,False
0.008015098544910495,-0.006704934950440746,0.10293297692412469,-0.25770044975833073,-1.3149599,1,0.0033581667167036588,0.003415345026540414,-0.334409057298402,0.7515550812053435,False
0.0033581667167036588,0.003415345026540414,-0.334409057298402,0.7515550812053435,2.5668082,1,0.007159330094145599,-0.006844236029050175,0.521581666712958,-1.2386428456018799,False
0.007159330094145599,-0.006844236029050175,0.521581666712958,-1.2386428456018799,-0.86309713,1,0.022104817432552215,-0.04159895806666861,0.2275000704390003,-0.5162876252462929,False
0.022104817432552215,-0.04159895806666861,0.2275000704390003,-0.5162876252462929,-1.6055697,1,0.020541588485009674,-0.03785902738364742,-0.3038774237900111,0.6871842376578394,False
0.020541588485009674,-0.03785902738364742,-0.3038774237900111,0.6871842376578394,-2.2833233,1,-0.006614834735575338,0.022934217942788663,-1.052472860706903,2.3413151390810527,False
-0.006614834735575338,0.022934217942788663,-1.052472860706903,2.3413151390810527,-2.5643349,1,-0.06538413246771967,0.15314008590752368,-1.8827163344639197,4.158680589274382,False
-0.06538413246771967,0.15314008590752368,-1.8827163344639197,4.158680589274382,-1.571344,0,-0.1502895416682597,0.3398080232763084,-2.357236739292321,5.171443416127743,True
0.0025117119561311953,0.0004826384828610064,-0.003777230159306653,-0.009722612045986812,2.684543,1,0.020210928199271665,-0.041085323325865696,0.8862108509641179,-2.047710993747457,False
0.020210928199271665,-0.041085323325865696,0.8862108509641179,-2.047710993747457,-1.5258456,1,0.0452843918890128,-0.09777743172878467,0.37074627932199045,-0.8168845966000295,False
0.0452843918890128,-0.09777743172878467,0.37074627932199045,-0.8168845966000295,0.51016814,1,0.06357723307320011,-0.13933803780387993,0.5437992615927343,-1.262304711559631,False
0.06357723307320011,-0.13933803780387993,0.5437992615927343,-1.262304711559631,-2.9925878,1,0.06565484428699063,-0.1461223023167143,-0.4362972767181489,0.8908771933698123,False
0.06565484428699063,-0.1461223023167143,-0.4362972767181489,0.8908771933698123,-1.7381355,1,0.03713601323486664,-0.08862809332116638,-0.9895528600531814,1.9825031673158788,False
0.03713601323486664,-0.08862809332116638,-0.9895528600531814,1.9825031673158788,2.7894413,1,0.01657608995254978,-0.0566857857240514,-0.04217610272308487,-0.3482778614169948,False
0.01657608995254978,-0.0566857857240514,-0.04217610272308487,-0.3482778614169948,-0.14737162,1,0.01399353331495926,-0.06920599498402115,-0.08659429717637648,-0.2812024997105188,False
0.01399353331495926,-0.06920599498402115,-0.08659429717637648,-0.2812024997105188,1.8339825,1,0.0228265236226822,-0.10971889660400867,0.5263297706882424,-1.7302631523768768,False
0.0228265236226822,-0.10971889660400867,0.5263297706882424,-1.7302631523768768,1.5076085,0,0.05378741072832515,-0.20184749899419374,1.0199568860338946,-2.871507149833817,True
-0.0019319226874096108,-0.0014437419569342169,-0.009042728904089968,0.0021078793106103213,-1.8284436,1,-0.014455547804391998,0.02673259203160523,-0.6154667539097021,1.3925691421514537,False
-0.014455547804391998,0.02673259203160523,-0.6154667539097021,1.3925691421514537,2.752541,1,-0.020622352544114285,0.038994328087158074,0.30350108479990945,-0.7466685562565154,False
-0.020622352544114285,0.038994328087158074,0.30350108479990945,-0.7466685562565154,-2.3975475,1,-0.02462779661155049,0.047865357749617615,-0.5009322374754794,1.1649111032259933,False
-0.02462779661155049,0.047865357749617615,-0.5009322374754794,1.1649111032259933,0.31575215,1,-0.04249547335501,0.08921133609316712,-0.39365740455615233,0.9142816085076524,False
-0.04249547335501,0.08921133609316712,-0.39365740455615233,0.9142816085076524,1.3288751,1,-0.04948991346760086,0.10641322393688298,0.04199209360305487,-0.03682599905376663,False
-0.04948991346760086,0.10641322393688298,0.04199209360305487,-0.03682599905376663,0.3468378,1,-0.045760452933492526,0.10222456780556645,0.1443349865561538,-0.17152272130239202,False
-0.045760452933492526,0.10222456780556645,0.1443349865561538,-0.17152272130239202,-2.7935855,1,-0.0587623418987098,0.14051789271430076,-0.7908542102413504,2.058820431917667,False
-0.0587623418987098,0.14051789271430076,-0.7908542102413504,2.058820431917667,-0.9508432,0,-0.09658826359951067,0.23749124665676566,-1.0995518547446683,2.7925871885024693,True
0.003981716422991078,0.007711500997999295,-0.005537858062651144,0.008960013777065295,2.6606705,1,0.021438424384046112,-0.03259952718011837,0.8759216317137112,-2.0039103426602467,False
0.021438424384046112,-0.03259952718011837,0.8759216317137112,-2.0039103426602467,-2.2457397,1,0.041304454148499814,-0.07635197377902599,0.12128099109262672,-0.2188676404531703,False
0.041304454148499814,-0.07635197377902599,0.12128099109262672,-0.2188676404531703,2.869948,1,0.06532767655973659,-0.13036162774526167,1.0763724058579054,-2.4564245581870927,False
0.06532767655973659,-0.13036162774526167,1.0763724058579054,-2.4564245581870927,-2.918976,1,0.0889683487014003,-0.18421538821741074,0.11144415396865445,-0.28367434616103576,False
0.0889683487014003,-0.18421538821741074,0.11144415396865445,-0.28367434616103576,2.8043375,0,0.112211959125676,-0.24114271403069232,1.0461334093425014,-2.5329805766636375,True
-0.007124724705759449,0.008019488881591796,-0.009990375868089376,-0.006279978106794282,2.8684356,1,0.011533389791724236,-0.036066493087394146,0.9402387183034004,-2.1758458348185057,False
0.011533389791724236,-0.036066493087394146,0.9402387183034004,-2.1758458348185057,-2.6114008,1,0.0315246454059818,-0.08095558501202087,0.06377664100431146,-0.10837359760011164,False
0.0315246454059818,-0.08095558501202087,0.06377664100431146,-0.10837359760011164,1.3512493,1,0.04320417923654125,-0.10762804539184583,0.5187832949670351,-1.2140839037282374,False
0.04320417923654125,-0.10762804539184583,0.5187832949670351,-1.2140839037282374,-0.5463155,1,0.06037730718676117,-0.14870749106102435,0.34134232120516583,-0.8536852066225905,False
0.06037730718676117,-0.14870749106102435,0.34134232120516583,-0.8536852066225905,-2.536497,1,0.05746670041373723,-0.14685326316263045,-0.48420452622541976,0.9221045073998482,False
0.05746670041373723,-0.14685326316263045,-0.48420452622541976,0.9221045073998482,-1.6498519,1,0.02762472822084626,-0.08951415021832625,-1.0078705857887675,1.944303084777956,False
0.02762472822084626,-0.08951415021832625,-1.0078705857887675,1.944303084777956,2.0091252,1,0.0011455884535341826,-0.04712839544729846,-0.31911360668679295,0.20594482808703368,False
0.0011455884535341826,-0.04712839544729846,-0.31911360668679295,0.20594482808703368,-1.0446204,1,-0.018415782382499354,-0.024231182496692885,-0.6582989855645821,0.9334330870440679,False
-0.018415782382499354,-0.024231182496692885,-0.6582989855645821,0.9334330870440679,-2.6585727,1,-0.062219640805061364,0.05212806805762641,-1.5299257844820064,2.8711659371945193,False
-0.062219640805061364,0.05212806805762641,-1.5299257844820064,2.8711659371945193,1.6277112,1,-0.1122339900334064,0.13939652020524126,-0.9751069932503647,1.5315100647794022,False
-0.1122339900334064,0.13939652020524126,-0.9751069932503647,1.5315100647794022,0.5442768,1,-0.14767564378534645,0.19357091787374686,-0.7987032759535969,1.1935614751840216,False
-0.14767564378534645,0.19357091787374686,-0.7987032759535969,1.1935614751840216,-0.62975615,0,-0.1839470046741149,0.25340620628239624,-1.0143237515077306,1.7985125009224558,True
-0.005430276282823446,-0.0010945096378864804,0.0032082476805838623,-0.007976256749120074,-1.3678409,1,-0.014403103270022657,0.019625615512989053,-0.45060942187074315,1.033387846646265,False
-0.014403103270022657,0.019625615512989053,-0.45060942187074315,1.033387846646265,-2.0899103,1,-0.046201016283395124,0.09211281086100377,-1.1375378348637364,2.58082741603829,False
-0.046201016283395124,0.09211281086100377,-1.1375378348637364,2.58082741603829,0.7133194,1,-0.08673011342638802,0.1831072021192533,-0.8917442694265284,1.9966129738808729,False
-0.08673011342638802,0.1831072021192533,-0.8917442694265284,1.9966129738808729,-2.9848418,0,-0.14191117151341956,0.3082942288653306,-1.8596484141619931,4.229291711543395,True
-0.005166043380786607,0.0086955024755222,-0.0012585122058465094,0.006288252482963857,2.9031188,1,0.014071519869758266,-0.03541940527104152,0.9604432758502326,-2.1895173472077065,False
0.014071519869758266,-0.03541940527104152,0.9604432758502326,-2.1895173472077065,-0.73747456,1,0.04731022497343584,-0.10951730085255655,0.7039732053095717,-1.5398410013439614,False
0.04731022497343584,-0.10951730085255655,0.7039732053095717,-1.5398410013439614,0.61697537,1,0.07952166921764518,-0.1808228730308427,0.9065975985046012,-2.0303726441180867,False
0.07952166921764518,-0.1808228730308427,0.9065975985046012,-2.0303726441180867,1.6818109,0,0.12678830127065469,-0.2881012824632158,1.453509047446486,-3.3235197990348633,True
0.00452441790948819,0.004933099727791248,0.007888151527807492,0.0007898047657014274,-1.2852849,1,-0.0037246757782654944,0.024864442336568482,-0.41916915117832204,0.9857878873640507,False
-0.0037246757782654944,0.024864442336568482,-0.41916915117832204,0.9857878873640507,1.2872728,1,-0.01184115410826919,0.04383982308955462,0.01136914856633852,-0.01889394693919296,False
-0.01184115410826919,0.04383982308955462,0.01136914856633852,-0.01889394693919296,0.76235694,1,-0.006423889691391528,0.032476072623118545,0.2589080326583403,-0.5442434321534225,False
-0.006423889691391528,0.032476072623118545,0.2589080326583403,-0.5442434321534225,2.605481,1,0.02110138179188461,-0.027783473608162183,1.1154737477163297,-2.4538609432150458,False
0.02110138179188461,-0.027783473608162183,1.1154737477163297,-2.4538609432150458,1.2937608,1,0.07394935148599549,-0.14295820814794535,1.5262800249861794,-3.3105664863700097,False
0.07394935148599549,-0.14295820814794535,1.5262800249861794,-3.3105664863700097,2.7694237,0,0.15271941462081184,-0.3148018019991035,2.403616810294043,-5.254359674243718,True
