episode_id,cart_position,pole_angle,cart_velocity,pole_angular_velocity,action,reward,next_cart_position,next_pole_angle,next_cart_velocity,next_pole_angular_velocity,terminated
0,0.1930871037885732,-0.0039028224952419323,0.24967637796530115,0.00654024030211928,-0.2888666,1.0,0.1939832783958755,-0.0015279626922444288,0.022172641909317305,0.13532462271773224,False
0,0.1930871037885732,-0.043331280117071436,0.12628591513852175,0.00654024030211928,-0.015554786,1.0,0.1939832783958755,0.010793272583539062,0.022172641909317305,0.007194993408566965,False
0,0.1930871037885732,-0.05633956126969023,0.022631406660718445,0.00654024030211928,1.0724628,1.0,0.2923509673471832,-0.007603175969272602,0.022172641909317305,0.019048631628618667,False
0,0.1930871037885732,-0.0018017156339562726,0.2439728048601808,-0.2526301435834117,1.8385949,1.0,0.1939832783958755,0.03649977496244245,0.022172641909317305,0.007194993408566965,False
0,0.17147940928000782,-0.010142711932732428,-0.3366660731003851,-0.33331899464207415,-0.4008389,1.0,0.18712842966422139,-0.0015279626922444288,0.11016700775373915,0.007194993408566965,False
0,0.2423841158224535,-0.0018017156339562726,0.022631406660718445,0.8369416399664265,0.24313146,1.0,0.1939832783958755,-0.0015279626922444288,0.25461878477750255,-0.3737434551011332,False
0,0.17970360059400825,0.02531700713397741,0.022631406660718445,0.00654024030211928,0.7481911,1.0,0.1939832783958755,-0.0015279626922444288,0.022172641909317305,0.007194993408566965,False
1,0.1930871037885732,0.018687432171494035,0.21686308007663535,0.00654024030211928,0.69923806,1.0,0.1939832783958755,-0.0015279626922444288,0.022172641909317305,-0.29382018210833255,False
1,0.1930871037885732,-0.0018017156339562726,-0.24261629846492339,0.5569329241147678,-0.71773803,1.0,0.1939832783958755,0.00203714851966448,0.022172641909317305,0.007194993408566965,False
1,0.14525049374773258,-0.02249745007834768,0.6012735963007716,-0.4255172867486788,-0.06082079,1.0,0.295642061027647,-0.0015279626922444288,-0.2536204063763853,-0.9951927228468139,False
1,0.1930871037885732,-0.0018017156339562726,-0.21589327737756261,-0.28636280659717567,-1.810852,1.0,0.0747813958891183,-0.0015279626922444288,0.022172641909317305,0.007194993408566965,False
1,0.12403149718322362,-0.0018017156339562726,-0.20613346906914023,-0.2772042728454286,-2.3104513,1.0,0.1939832783958755,-0.0015279626922444288,0.022172641909317305,0.007194993408566965,False
1,0.1930871037885732,-0.0018017156339562726,0.022631406660718445,0.00654024030211928,0.1558541,1.0,0.3317914985563037,-0.039757846116672435,0.07759091200599934,0.007194993408566965,False
1,0.1930871037885732,-0.0018017156339562726,0.022631406660718445,0.26858336730961135,-0.1449821,1.0,0.10546246745181895,0.029963125847512706,0.022172641909317305,0.13602128052694676,False
1,0.1930871037885732,-0.012593802621644033,0.22367921666083782,0.00654024030211928,0.5542905,1.0,0.1939832783958755,-0.0009933924482820608,0.022172641909317305,0.007194993408566965,False
1,0.357843254537077,0.03202192709255269,0.022631406660718445,0.00654024030211928,-0.4096446,1.0,0.1939832783958755,-0.0015279626922444288,-0.3070779111074896,-0.17941988659459981,False
1,0.19111407789538706,-0.018881350078048264,0.4032123170198259,0.00654024030211928,-1.2512913,1.0,0.21094744094299117,0.005706188226721526,-0.026392550676668052,0.007194993408566965,False
1,0.1930871037885732,0.04037971308345111,-0.09530998144609132,0.00654024030211928,0.14384475,1.0,0.1939832783958755,-0.0015279626922444288,-0.2477183323485421,0.14729159670514985,False
1,0.1589838426514178,-0.037355519987840216,0.17793511875471965,0.00654024030211928,2.1744516,1.0,0.1939832783958755,-0.04475068420006968,0.022172641909317305,-0.32636577388125293,False
2,0.1930871037885732,-0.0018017156339562726,0.018073117630294334,0.4504089335513076,1.0941819,1.0,0.3075947655776756,-0.0015279626922444288,0.022172641909317305,-1.0048627070511023,False
2,0.1464236495404669,-0.0018017156339562726,0.022631406660718445,0.00654024030211928,1.2170272,1.0,0.28818158651634607,0.006864715210942786,0.022172641909317305,-0.3993184467498588,False
2,0.2839877669402719,0.0060051689414154855,-0.3852568117559925,0.00654024030211928,-0.042711973,1.0,0.1939832783958755,-0.003071108287987478,0.06262782216327213,0.017826275121340704,False
2,0.2183911754220498,0.03857619897913672,0.24349258178644614,0.7693680946569217,-0.6858571,1.0,0.30953457038977944,-0.0015279626922444288,0.2732913752997356,-0.6693690348748272,False
2,0.1930871037885732,-0.0018017156339562726,0.21042609871379142,0.029903022827505482,-0.32969588,1.0,0.1939832783958755,-0.0015279626922444288,0.022172641909317305,0.007194993408566965,False
2,0.14548239708086333,-0.0018017156339562726,0.29621274472343817,0.00654024030211928,0.88021517,1.0,0.20758808487784935,-0.0015279626922444288,0.022172641909317305,0.007194993408566965,False
2,0.1930871037885732,-0.0018017156339562726,0.38127170219597706,0.00654024030211928,-0.13736403,1.0,0.1939832783958755,0.0039392816598186105,0.1740683621356889,-0.4299209784603802,False
2,0.22668573631012473,-0.0018017156339562726,0.022631406660718445,0.00654024030211928,0.041410327,1.0,0.1939832783958755,-0.03632980387060897,0.022172641909317305,0.2318447017670933,False
3,0.17710462255702844,-0.0018017156339562726,0.022631406660718445,0.008821980500677014,0.8846197,1.0,0.1939832783958755,-0.0015279626922444288,0.022172641909317305,0.007194993408566965,False
3,0.1930871037885732,0.025372551389116014,0.055245705936296276,-0.11294995748877314,1.9703504,1.0,0.1939832783958755,-0.0015279626922444288,0.022172641909317305,-0.26289699798749877,False
3,0.1930871037885732,-0.013884981887584604,0.022631406660718445,-0.0942456172404206,-1.2545313,1.0,0.1939832783958755,-0.0015279626922444288,-0.0020309913838159263,0.3069025535283984,False
3,0.19730648971293754,-0.0018017156339562726,0.12522246538288972,0.00654024030211928,1.4179766,1.0,0.1939832783958755,-0.0015279626922444288,0.022172641909317305,-0.7287759405826912,False
3,0.19626412047555034,-0.0018017156339562726,0.37681903588047716,0.5195482023446614,0.43503425,1.0,0.1939832783958755,-0.05972856969203516,0.022172641909317305,0.4825798176605827,False
3,0.19072350185154796,-0.022167694053636722,0.022631406660718445,0.00654024030211928,0.023745567,1.0,0.38774006829077856,-0.0015279626922444288,0.022172641909317305,0.5034624628506188,False
4,0.1930871037885732,-0.050744384088639856,-0.09241583199679411,-0.30904464647154767,-0.07106626,1.0,0.2245355542988109,0.046344247750575635,0.2433138441861452,0.007194993408566965,False
4,0.1930871037885732,-0.0018017156339562726,-0.00517406912130991,0.00654024030211928,0.539644,1.0,0.288598250598499,-0.0015279626922444288,0.164019642000057,0.007194993408566965,False
4,0.1930871037885732,-0.0018017156339562726,-0.050393438593579504,0.00654024030211928,-1.4655467,1.0,0.1939832783958755,0.0008270905415844313,0.03469400815960806,-0.8118345058530881,False
4,0.1930871037885732,-0.0018017156339562726,-0.23145607298275922,-0.34898321369237434,0.07599234,1.0,0.007497072756069395,0.026216153850658997,-0.20087178638715683,0.007194993408566965,False
4,0.06017024123466952,0.03891353076864642,0.022631406660718445,-0.44220285677358967,0.51130295,1.0,0.2271953460290678,-0.0463876195645625,0.022172641909317305,0.007194993408566965,False
5,0.1930871037885732,-0.0018017156339562726,-0.3103627121946615,0.0940559063982678,-1.2702303,1.0,0.01703518215881994,0.011995162271807918,0.022172641909317305,-0.6355555020481319,False
5,0.24048282608814314,0.0018776570019815196,-0.10055104510203684,-0.22897886630881706,-1.7466704,1.0,0.1939832783958755,-0.0015279626922444288,-0.04499317313054489,0.007194993408566965,False
5,0.22657093936954364,-0.0018017156339562726,-0.3162898213197628,-0.09323827069052346,-1.3205507,1.0,0.23791975387856384,-0.0015279626922444288,0.022172641909317305,-0.2422479036449306,False
5,0.1930871037885732,-0.0018017156339562726,0.022631406660718445,0.00654024030211928,1.5309901,1.0,0.2421583618056895,-0.04630436149610251,0.022172641909317305,0.007194993408566965,False
5,0.29517913450897076,-0.0018017156339562726,0.022631406660718445,0.00654024030211928,2.3667898,1.0,0.04258694107405914,-0.016682508287180146,-0.14401696362362743,-0.5923327437284802,False
5,0.20079162928256103,-0.03252668584693236,-0.023252688216660253,0.08756416252251759,1.6815078,1.0,0.1939832783958755,-0.017515362743591063,0.022172641909317305,-0.044580497769151725,False
6,0.18190591021468305,-0.10540186471390868,-0.08385391606072079,0.00654024030211928,1.5492963,1.0,0.1939832783958755,0.007628580480890795,0.022172641909317305,0.019151229844359387,False
6,0.1190742757103771,0.012106576332798505,-0.10547418762042626,-0.4125015240183719,-0.09537768,1.0,0.25086003389468303,-0.0015279626922444288,0.27858245949323845,0.007194993408566965,False
6,0.1930871037885732,-0.0018017156339562726,0.251708084983461,0.2945011833217475,-0.26152673,1.0,0.15597842073067456,0.016398557856872296,0.1331153470721407,0.007194993408566965,False
6,0.1930871037885732,-0.018778556525873357,0.3455081179402024,-0.21940516796633291,-1.1416509,1.0,0.20099954602312217,-0.0015279626922444288,-0.010859835937866432,0.007194993408566965,False
6,0.2381457103205131,-0.0018017156339562726,0.022631406660718445,0.00654024030211928,1.6479676,1.0,0.1939832783958755,0.04150760630970995,-0.12053205527576752,0.42621877316474516,False
6,0.09122188797242346,-0.0018017156339562726,0.022631406660718445,0.00654024030211928,-0.054893494,1.0,0.1284495015430947,-0.0015279626922444288,0.022172641909317305,0.007194993408566965,False
7,0.1930871037885732,-0.0018017156339562726,0.022631406660718445,0.00654024030211928,-0.32604343,1.0,0.1939832783958755,-0.0015279626922444288,-0.11247402096559772,0.18239958687836227,False
7,0.1930871037885732,0.020322554172311217,0.022631406660718445,0.35803898823895947,-0.7362889,1.0,0.0749140123396413,0.012265245367895939,-0.27512703399166866,-0.504058931434487,False
7,0.1930871037885732,-0.0018017156339562726,0.022631406660718445,0.00654024030211928,-1.004016,1.0,0.18357598285978072,0.005431155624471202,-0.3056399345856412,-0.5747529694183535,False
7,0.1733130721530362,-0.0018017156339562726,0.022631406660718445,0.18008661746004004,0.22656447,1.0,0.09007417939713405,-0.0015279626922444288,0.12770163580478314,0.2710875228795271,False
7,0.22395850829768726,-0.0018017156339562726,0.2816294026366005,0.00654024030211928,-0.45067143,1.0,0.18403479932124425,0.04373141674311176,-0.052349593136532355,0.007194993408566965,False
7,0.1930871037885732,-0.0018017156339562726,0.022631406660718445,0.7602337536388699,-0.5273695,1.0,0.23529090522564858,-0.0015279626922444288,0.022172641909317305,0.007194993408566965,False
7,0.313197150482212,-0.031028552485362793,-0.03221976075709516,0.00654024030211928,0.30876642,1.0,0.336361971083058,-0.0026955870220518215,0.022172641909317305,0.007194993408566965,False
7,0.1930871037885732,0.019928919634178827,0.022631406660718445,0.00654024030211928,0.959097,1.0,0.1939832783958755,-0.02033215637008734,0.2848151409493998,0.007194993408566965,False
7,0.1930871037885732,-0.028717198828323357,0.7235755418208534,0.00654024030211928,0.5965612,1.0,0.1939832783958755,-0.0015279626922444288,-0.042475280609877694,0.007194993408566965,False
7,0.17883328839123835,0.044109955218054345,0.022631406660718445,0.00654024030211928,0.7691987,1.0,0.1939832783958755,-0.0015279626922444288,0.022172641909317305,0.007194993408566965,False
7,0.23691760102275417,-0.0018017156339562726,-0.11395111512279313,0.00654024030211928,-0.22366604,1.0,0.0969195142075787,-0.00898020298668248,0.022172641909317305,0.007194993408566965,False
8,0.1930871037885732,-0.0018017156339562726,0.022631406660718445,-0.24493276814435536,1.3447232,1.0,0.17461686216007474,-0.0015279626922444288,0.022172641909317305,-0.3861210858404943,False
8,0.17820826193687006,0.043636891085067735,-0.17574920423310533,0.23480041077059066,0.7954891,1.0,0.25423264285206965,-0.03734276481101778,0.022172641909317305,0.007194993408566965,False
8,0.30509889873738155,-0.0018017156339562726,-0.275323275696566,0.00654024030211928,1.3816569,1.0,0.33130138700241374,-0.056371440894589536,0.0076956156913463095,0.3286513733490268,False
8,0.22980090453733631,0.015475370777117355,0.2816690321294379,-0.41991926097680476,0.62711847,1.0,0.1939832783958755,-0.025027416284127604,-0.03770907715666384,0.5196505412746802,False
8,0.1930871037885732,-0.014672489384944556,-0.17437818331055513,0.29593044466709584,-2.0354826,1.0,0.1939832783958755,-0.0170827050387139,-0.0008757159085820213,-0.3514241619021264,False
8,0.2990450273170149,-0.0018017156339562726,0.022631406660718445,0.00654024030211928,-0.983001,1.0,0.1939832783958755,-0.0015279626922444288,0.022172641909317305,0.298314241156048,False
8,0.1930871037885732,-0.0018017156339562726,0.022631406660718445,0.00654024030211928,1.3186066,1.0,0.21646328898691936,-0.0030839460900633454,0.022172641909317305,0.007194993408566965,False
9,0.1524157765218385,-0.014913525252125755,0.022631406660718445,-0.16170431006678293,0.22538263,1.0,0.1939832783958755,-0.0015279626922444288,0.022172641909317305,0.42828274897798774,False
9,0.2299841032462236,-0.0256148504379056,-0.07816052756016617,-0.31100868603516724,0.55149627,1.0,0.22408798329221694,-0.0015279626922444288,0.022172641909317305,0.14943272819655348,False
9,0.13139122817853324,-0.0018017156339562726,0.022631406660718445,0.00654024030211928,0.31975508,1.0,0.1939832783958755,0.023650304181826117,0.022172641909317305,0.08456886225846608,False
9,0.26360437590531227,-0.035452772927706266,0.022631406660718445,0.044653012151871535,-1.1329911,1.0,0.1939832783958755,-0.023486293194012343,0.022172641909317305,0.007194993408566965,False
9,0.1930871037885732,-0.0018017156339562726,-0.06201778341226864,0.00654024030211928,-1.7973163,1.0,0.33162924433842894,-0.01881882570348554,0.007004382850510428,0.007194993408566965,False
9,0.1930871037885732,-0.014179362509801157,0.3767207889787449,0.026436207689064364,-0.3649956,1.0,0.20775240361662656,0.026290216330060002,0.000721586086907481,0.007194993408566965,False
9,0.28165400655822925,-0.021204920851206156,0.022631406660718445,-0.0347349889557875,-0.44595265,1.0,0.20277916494382217,-0.013691877420166925,0.022172641909317305,0.007194993408566965,False
10,0.17136607435612755,-0.0018017156339562726,-0.3836917872484771,0.00654024030211928,0.90785974,1.0,0.2880413589288555,0.014204600340087907,-0.13805727223040068,0.20348617275231687,False
10,0.1930871037885732,-0.0018017156339562726,0.04812333084116942,-0.8044732753839379,-0.3555571,1.0,0.1939832783958755,-0.0015279626922444288,0.022172641909317305,-0.2784840101106699,False
10,0.1930871037885732,-0.04524023922573999,0.022631406660718445,0.02268833202687331,0.12522143,1.0,0.1939832783958755,-0.0015279626922444288,0.022172641909317305,0.007194993408566965,False
10,0.1930871037885732,-0.0018017156339562726,0.022631406660718445,-0.23699951355176893,-0.95475936,1.0,0.4143105931114015,-0.0015279626922444288,0.33774558527177173,-0.486248427159099,False
10,0.1930871037885732,-0.0018017156339562726,0.022631406660718445,0.00654024030211928,-0.8543022,1.0,0.09868109663644979,0.002241912805435361,0.14992979706561582,0.007194993408566965,False
10,0.2192897221066143,-0.011108151652411451,-0.034513106083759335,-0.14222587434236134,-1.0234798,1.0,0.1939832783958755,0.027080400371428687,0.022172641909317305,0.007194993408566965,False
10,0.3164025858345497,-0.0018017156339562726,0.022631406660718445,0.00654024030211928,-0.82212496,1.0,0.35370411410868885,-0.0015279626922444288,0.022172641909317305,0.007194993408566965,False
10,0.22417295141048024,-0.0018017156339562726,0.022631406660718445,0.00654024030211928,1.1641661,1.0,0.22944035743357133,0.058543818309578693,-0.03095526964634625,0.007194993408566965,False
11,0.1930871037885732,0.02277449767514016,-0.36670775779927073,0.00654024030211928,0.8679615,1.0,0.1939832783958755,0.022524795518917583,0.022172641909317305,0.007194993408566965,False
11,0.1930871037885732,-0.0018017156339562726,-0.05796648973630124,0.00654024030211928,-0.12880954,1.0,0.29393823951722287,-0.03277764213085673,0.10298078230631495,-0.5260056133928596,False
11,0.30181004063575173,-0.0018017156339562726,-0.12348043230878514,-0.3229711648224291,-0.9008687,1.0,0.14455551600825334,-0.008766554216183314,0.17224343838866707,-0.4394464243002494,False
11,0.1930871037885732,-0.034922154990350326,0.022631406660718445,0.00654024030211928,-0.04254818,1.0,0.2698891321512179,-0.03205437630354322,0.14261640966368302,0.055518948664277465,False
11,0.1930871037885732,-0.0018017156339562726,0.022631406660718445,0.00654024030211928,1.721483,1.0,0.23074264960770263,-0.0015279626922444288,0.022172641909317305,0.17252861026704241,False
11,0.2018436419133956,-0.018876858067414532,0.10474127423831812,-0.018456627280323958,-2.3688319,1.0,0.23379238652378775,-0.0015279626922444288,-0.004534781888514146,-0.5491551923210944,False
12,0.10893052899649648,-0.043675237917017246,0.022631406660718445,0.00654024030211928,1.7276034,1.0,0.1939832783958755,0.004083067859381215,-0.06757460647053386,0.007194993408566965,False
12,0.12156188758356391,0.003915497122655884,-0.009964782598097001,-0.8095591496237424,1.2390752,1.0,0.1939832783958755,-0.0015279626922444288,-0.11573455139361008,-0.04616531489093012,False
12,0.1930871037885732,0.006221224958853509,0.08467259848832201,-0.03499006119138809,0.34385246,1.0,0.1939832783958755,0.04092191802195302,0.022172641909317305,0.007194993408566965,False
12,0.07482617611841047,0.012713779841944849,0.1195946396662634,0.21778228066009755,-0.81900275,1.0,0.39297149195179704,-0.0015279626922444288,-0.09620065537737185,0.007194993408566965,False
12,0.12404159769546974,0.04487373588642679,0.022631406660718445,0.00654024030211928,0.42031148,1.0,0.05942875839998951,-0.0015279626922444288,0.022172641909317305,0.23349539103820624,False
12,0.2901787091065696,-0.0018017156339562726,0.15812483721998746,0.00654024030211928,0.38575363,1.0,0.2355895890736671,-0.04817081981143798,-0.29371565607856776,0.007194993408566965,False
13,0.1930871037885732,-0.00733327826779773,0.022631406660718445,-0.2407465971899402,0.5477618,1.0,0.1912066461992451,0.007581162941240336,-0.14874858983090908,-0.3090941127050491,False
13,0.10482433866543911,-0.0018017156339562726,-0.059495941083456766,0.01579994387205333,0.69533336,1.0,0.1939832783958755,-0.0015279626922444288,-0.001911119371863921,0.5359775890957078,False
13,0.2401880903923627,0.01296001250299715,-0.24067859719511409,0.00654024030211928,-0.6319833,1.0,0.3635711768511779,-0.014021262896294604,0.022172641909317305,0.41900605035102223,False
13,0.1930871037885732,-0.0012125547148747894,0.06069544212055479,-0.18659280086247276,2.6100636,1.0,0.1939832783958755,0.05775423944800278,0.022172641909317305,0.007194993408566965,False
13,0.19901857330028533,0.007897676339514274,-0.1907585098671566,0.00654024030211928,-1.4754072,1.0,0.1939832783958755,0.053800644398871826,-0.4059848089564476,0.43276125436617546,False
13,0.1930871037885732,-0.0018017156339562726,0.022631406660718445,0.19671615178555082,-2.1867192,1.0,0.1939832783958755,-0.0015279626922444288,-0.015447074958478229,-0.545153288631145,False
13,0.3044719340611338,0.008292163691564006,0.022631406660718445,0.29691842262959994,-0.94666976,1.0,0.16256568852552816,-0.0126480156327636,0.022172641909317305,-0.27441393206752046,False
13,0.2959895956416323,-0.0018017156339562726,0.022631406660718445,-0.09586668340265235,1.3178655,1.0,0.11466979684195873,-0.0015279626922444288,0.18221540688828528,-0.02712795434616355,False
13,0.21439179438158296,-0.0018017156339562726,0.022631406660718445,0.35574701473005516,0.9375671,1.0,0.1939832783958755,-0.0015279626922444288,0.022172641909317305,0.007194993408566965,False
13,0.1930871037885732,-0.0018017156339562726,0.022631406660718445,0.00654024030211928,-1.0745682,1.0,0.1939832783958755,-0.0015279626922444288,0.26118973907315196,0.007194993408566965,False
14,0.19180503443186375,-0.0018017156339562726,0.022631406660718445,0.4467458584608718,-0.04266289,1.0,0.28872800526152215,0.005334081248945735,0.12276697372581546,0.007194993408566965,False
14,0.1930871037885732,-0.0018017156339562726,0.022631406660718445,0.508733330360983,-1.4023075,1.0,0.2551654409654046,-0.01064168284547626,0.022172641909317305,0.1346521880970145,False
14,0.3106006088216271,-0.02905360575358476,0.022631406660718445,0.22856440965077596,-1.8365566,1.0,0.2443747667519004,-0.0015279626922444288,0.022172641909317305,0.7772563798630102,False
14,0.1930871037885732,0.01247516224587181,0.022631406660718445,0.2353874805747139,2.0533774,1.0,0.285592833332976,0.014058083954414734,0.022172641909317305,0.007194993408566965,False
14,0.19389162428548903,-0.0010275250027664022,0.022631406660718445,0.00654024030211928,-0.21259773,1.0,0.1939832783958755,0.005924913564941221,0.022172641909317305,0.007194993408566965,False
15,0.12084437712104337,0.02572485916741686,0.2625151274450216,0.00654024030211928,0.43154448,1.0,0.25547803797179985,-0.0015279626922444288,0.022172641909317305,0.007194993408566965,False
15,0.42965409460009973,-0.0018017156339562726,0.022631406660718445,-0.49907586956700034,0.6895645,1.0,0.1939832783958755,0.009975129759709551,0.32910534055265894,0.007194993408566965,False
15,0.27975039210284636,-0.05752326698695867,-0.011730709860384964,0.00654024030211928,-1.4144483,1.0,0.1939832783958755,0.035490049507072914,0.02566691983490663,0.007194993408566965,False
15,0.1930871037885732,-0.015983314156125368,-0.20859065326371304,-0.10222197414017492,-0.00033700466,1.0,0.1939832783958755,-0.0015279626922444288,0.022172641909317305,0.007194993408566965,False
15,0.269578657121472,-0.0018017156339562726,0.32074900378139026,0.00654024030211928,-1.8127819,1.0,0.26384078232605884,-0.0015279626922444288,0.022172641909317305,-0.045448137438567446,False
15,0.1930871037885732,-0.0018017156339562726,0.022631406660718445,0.00654024030211928,-0.2428903,1.0,0.1939832783958755,-0.01011597088798275,0.16039112307373402,-1.110560253371096,False
15,0.1930871037885732,-0.0018017156339562726,0.022631406660718445,0.00654024030211928,-0.54123515,1.0,0.1939832783958755,-0.0015279626922444288,0.022172641909317305,0.007194993408566965,False
15,0.1930871037885732,-0.0018017156339562726,0.022631406660718445,0.00654024030211928,-0.2374205,1.0,0.1939832783958755,-0.0015279626922444288,0.022172641909317305,-0.21988995526007307,False
15,0.1930871037885732,-0.011331826009843782,0.022631406660718445,-0.40885324537666945,0.2462098,1.0,0.1939832783958755,0.054974342140170954,0.022172641909317305,0.007194993408566965,False
15,0.15607834212474675,-0.06696101145856993,-0.06024143079186864,0.00654024030211928,-1.2893572,1.0,0.2560330040237905,-0.013870565268416834,-0.028069442265741765,-0.37064365134162025,False
15,0.24700085918143752,-0.03801393425221954,0.022631406660718445,0.00654024030211928,-0.12007773,1.0,0.1939832783958755,-0.0015279626922444288,0.13440481356689676,0.25748253539168625,False
16,0.1930871037885732,-0.0018017156339562726,0.022631406660718445,0.00654024030211928,-0.6570958,1.0,0.1939832783958755,-0.05638112377127387,-0.017857212863349323,0.020421673293640176,False
16,0.14005967407121972,-0.0018017156339562726,0.2933199473849668,0.00654024030211928,1.1223011,1.0,0.14881580045346265,-0.0015279626922444288,0.022172641909317305,0.007194993408566965,False
16,0.1930871037885732,-0.0018017156339562726,0.06889300309873347,0.00787559054941658,-1.630578,1.0,0.23333028014836998,-0.0028452602979859845,0.022172641909317305,0.007194993408566965,False
16,0.1930871037885732,-0.012412046491760111,-0.05345472450481378,0.00654024030211928,1.6665529,1.0,0.1939832783958755,-0.0015279626922444288,0.022172641909317305,0.007194993408566965,False
16,0.1930871037885732,-0.0018017156339562726,0.16737617403857316,0.00654024030211928,0.6693951,1.0,0.1939832783958755,-0.0015279626922444288,0.022172641909317305,0.6786333877263352,False
17,0.1930871037885732,0.03356045055965135,-0.12416964891556123,0.00654024030211928,0.9275992,1.0,0.21783035383942895,-0.021584252402722694,0.022172641909317305,0.007194993408566965,False
17,0.20148066954649516,-0.003642243467040609,-0.396455129799264,-0.23956540136769922,1.010766,1.0,0.1939832783958755,-0.0015279626922444288,0.022172641909317305,-0.049579060090989654,False
17,0.1853948823293916,-0.014511469995313386,0.022631406660718445,0.00654024030211928,0.8782172,1.0,0.2312814648270481,0.0674059873604849,-0.01236676702673321,-0.4489380923505993,False
17,0.31949273945225687,-0.0018017156339562726,0.022631406660718445,-0.07436459930684905,1.288351,1.0,0.25062209453080275,0.011463535402292209,0.022172641909317305,0.007194993408566965,False
17,0.27900849688135826,-0.009679433544695942,0.022631406660718445,0.22286540081637873,0.38208073,1.0,0.19280518475478106,0.017655348617597023,0.03168575484904889,0.007194993408566965,False
17,0.1930871037885732,0.0381376744648054,0.022631406660718445,-0.8922278807264202,0.10506451,1.0,0.1939832783958755,-0.025686666664530483,0.022172641909317305,0.007194993408566965,False
17,0.1930871037885732,-0.0018017156339562726,0.022631406660718445,0.00654024030211928,-0.60246074,1.0,0.24162651458223783,-0.0015279626922444288,0.0626901718960478,0.507839707667209,False
17,0.09404958859732272,-0.03186242109567924,0.022631406660718445,0.00654024030211928,2.6389303,1.0,0.2053191859199731,-0.0005456271896278977,0.022172641909317305,0.48210077726417877,False
17,0.1930871037885732,-0.03938953751095575,0.022631406660718445,-0.08443744378698687,0.42728287,1.0,0.1939832783958755,0.01619968686955959,0.022172641909317305,0.794779918521405,False
17,0.1930871037885732,-0.011264039748472388,0.022631406660718445,0.00654024030211928,0.34364825,1.0,0.3157810761658893,0.020274087332561756,-0.13610009575962004,-0.2114936994678933,False
17,0.16976066931766792,-0.0018017156339562726,0.022631406660718445,-0.23849541291805504,0.5088241,1.0,0.1939832783958755,-0.0015279626922444288,0.022172641909317305,-0.5558957540511495,False
17,0.1930871037885732,0.023333215241569758,0.022631406660718445,-0.04337014333495727,-0.8273964,1.0,0.1939832783958755,0.005300208864375679,0.022172641909317305,0.26203887892953664,False
18,0.17351651387645148,-0.0012386108573743356,0.1559764498467505,-0.25330233796911644,-1.4574258,1.0,0.16433760307283274,0.015228850110483947,0.022172641909317305,0.007194993408566965,False
18,0.1930871037885732,0.0137407367891989,0.022631406660718445,-0.025141859023999628,-0.2806174,1.0,0.1939832783958755,-0.0015279626922444288,-0.042586156003758216,-0.6446099879541761,False
18,0.10156435443933069,-0.0018017156339562726,0.022631406660718445,0.00654024030211928,-0.7130749,1.0,0.24604127085777253,-0.0015279626922444288,0.15171629623247326,-0.24862045854208228,False
18,0.1930871037885732,-0.02886906782592285,0.14514208307360912,0.00654024030211928,-2.5512576,1.0,0.23208929948808096,0.04363248687586235,0.022172641909317305,-0.030886754862527666,False
18,0.3689796533316474,-0.0469310351722915,0.06655202747956117,0.00654024030211928,0.046955466,1.0,0.1939832783958755,-0.0015279626922444288,-0.22097829641972846,0.007194993408566965,False
19,0.1930871037885732,0.03334731520062916,0.022631406660718445,0.00654024030211928,-1.0721904,1.0,0.1939832783958755,0.04084795247611189,0.022172641909317305,0.007194993408566965,False
19,0.09547576871119147,-0.014573295729305522,0.022631406660718445,0.00654024030211928,0.3045505,1.0,0.1939832783958755,-0.0015279626922444288,0.3451177018162807,-0.5218319816738671,False
19,0.28754957554365773,-0.0018017156339562726,-0.08969235006144671,0.00654024030211928,1.2385279,1.0,0.1939832783958755,-0.0015279626922444288,0.14620186185244105,0.007194993408566965,False
19,0.21422726596951946,0.06701347162373594,-0.1731586182553289,0.00654024030211928,0.49136272,1.0,0.18285456314509346,-0.0015279626922444288,0.022172641909317305,0.6254669286321529,False
19,0.1930871037885732,-0.0018017156339562726,0.2385803923384875,-0.24607166268372124,1.8487536,1.0,0.1939832783958755,-0.04465326073273734,0.022172641909317305,0.007194993408566965,False
20,0.2618912053486288,-0.0018017156339562726,0.022631406660718445,0.18416660319416567,-0.25955284,1.0,0.1939832783958755,-0.0015279626922444288,-0.23647153575387006,0.007194993408566965,False
20,0.19410014584891624,-0.02098607386594802,-0.07628709532795544,0.00654024030211928,-1.3221424,1.0,0.23055531288795125,-0.028429155477726054,0.022172641909317305,0.48007192598421855,False
20,0.2187138440348223,-0.022027321668846106,0.13920968223419666,0.00654024030211928,-0.54769343,1.0,0.37921889812053955,-0.0015279626922444288,0.022172641909317305,0.007194993408566965,False
20,0.1930871037885732,-0.03602613898142265,-0.01305845837280089,0.00654024030211928,0.541445,1.0,0.1939832783958755,-0.05012895631581339,0.03276838324288248,0.1900171699860751,False
20,0.1930871037885732,-0.0018017156339562726,0.022631406660718445,-0.18270534896733967,-1.3129567,1.0,0.1939832783958755,0.01746903969567971,0.022172641909317305,0.007194993408566965,False
21,0.1930871037885732,-0.015172238340506013,0.10773318421854698,0.00654024030211928,-0.09750299,1.0,0.1939832783958755,0.009113384517758684,-0.051356771227347636,-0.6238908811351638,False
21,0.1483409145747584,-0.0837134784498414,0.022631406660718445,-0.10515690014796245,1.067921,1.0,0.30818852559479004,-0.0015279626922444288,0.04708629122638202,0.007194993408566965,False
21,0.30899668870352415,-0.0018017156339562726,0.15322971938713179,-0.5206223790100954,-0.22239512,1.0,0.1939832783958755,-0.0015279626922444288,-0.009982631542385812,0.007194993408566965,False
21,0.3012881197599533,-0.0018017156339562726,0.022631406660718445,0.15894234821572267,-0.108232856,1.0,0.1939832783958755,-0.018103669547377757,0.022172641909317305,-0.1169041776030218,False
21,0.1930871037885732,-0.0018017156339562726,0.022631406660718445,0.00654024030211928,0.1151073,1.0,0.1939832783958755,-0.009819911562716067,0.022172641909317305,0.024474557604759292,False
21,0.1930871037885732,0.054538399600375535,-0.00875354664283197,0.00654024030211928,-0.14050448,1.0,0.12005415107806663,-0.0015279626922444288,0.39812111383123894,0.007194993408566965,False
22,0.1930871037885732,-0.04661831577583709,0.022631406660718445,-0.07807939896594093,0.04013157,1.0,0.015509149196821337,-0.0015279626922444288,0.017843319959208535,-0.8589393804647283,False
22,0.1930871037885732,-0.021956663874284528,-0.2028190466109971,0.3453732281232161,-0.66657186,1.0,0.22892770549755187,0.0013424469820828102,-0.0956341463831661,0.023131344494167767,False
22,0.1930871037885732,-0.01651693724728527,-0.13381561727438232,0.30885033648991633,0.77655995,1.0,0.201661564619346,-0.0015279626922444288,0.12532796224134218,0.007194993408566965,False
22,0.1930871037885732,-0.012069561138577881,0.022631406660718445,-0.15000611529448815,1.126627,1.0,0.1939832783958755,-0.023789666418354647,0.022172641909317305,0.007194993408566965,False
22,0.1930871037885732,-0.0018017156339562726,-0.08077612272451229,-0.6066610283126115,0.5620678,1.0,0.21636934472332858,0.007141799791862755,0.09948248759799587,-0.09354842858396316,False
22,0.1930871037885732,0.03827447315318049,0.022631406660718445,0.10259937949701044,-0.74084115,1.0,0.11613495593049067,-0.0015279626922444288,0.022172641909317305,-0.1302920936552533,False
23,0.15729584321255405,-0.06555420123648675,0.022631406660718445,0.00654024030211928,-1.195007,1.0,0.1939832783958755,-0.0015279626922444288,0.022172641909317305,0.7465426143973478,False
23,0.323762584039178,0.04144900025514606,0.022631406660718445,0.22348596963642992,-0.9841587,1.0,0.1939832783958755,0.007824497614453075,-0.03215431647232202,-0.5555073822686384,False
23,0.16325304211869815,-0.0018017156339562726,0.022631406660718445,0.00654024030211928,-1.4265587,1.0,0.18441821985990703,-0.0015279626922444288,0.022172641909317305,1.204581670167706,False
23,0.048095540734828995,-0.0018017156339562726,0.022631406660718445,0.00654024030211928,-1.8712835,1.0,0.2655114345015783,-0.01647802825252405,0.022172641909317305,0.007194993408566965,False
23,0.2303822489483333,-0.0018017156339562726,-0.45450243429650145,-0.13640101469127408,2.0802102,1.0,0.3232262294584745,-0.0015279626922444288,0.022172641909317305,0.16056159078152468,False
23,0.1930871037885732,-0.0018017156339562726,0.15288682797267006,-0.3699721022244457,-1.249769,1.0,0.1909976424753313,0.00998495148716885,-0.2288667261934416,-0.1388882862985422,False
23,0.1930871037885732,0.0043369188534267775,0.022631406660718445,0.00654024030211928,0.2736002,1.0,0.1939832783958755,-0.0015279626922444288,0.27996689516607604,-0.4453617596898083,False
23,0.1930871037885732,-0.01745366491007749,-0.14145982932894788,0.00654024030211928,-0.6399939,1.0,0.2493211457223462,-0.04236502091992595,0.022172641909317305,-0.10396039580479233,False
24,0.1930871037885732,-0.0018017156339562726,0.47245848429563153,-0.16308309788141556,-0.9386333,1.0,0.1939832783958755,-0.0015279626922444288,-0.11853227043170303,-0.2606963276822954,False
24,0.1930871037885732,-0.050808322862338086,-0.44416390309979575,0.43875829622129203,-0.17374307,1.0,0.20476598184619044,-0.0015279626922444288,0.022172641909317305,0.33585950995425895,False
24,0.1475977443830926,-0.0018017156339562726,0.11085558748459155,0.00654024030211928,-0.76025057,1.0,0.35794878430640914,-0.02521514515170588,-0.00400534676270814,-0.19373025842725566,False
24,0.09499688380480446,-0.0018017156339562726,0.022631406660718445,0.00654024030211928,1.4130478,1.0,0.06042032210185114,-0.0015279626922444288,0.038883223630954575,0.007194993408566965,False
24,0.1930871037885732,0.032093801882704456,0.022631406660718445,0.00654024030211928,-0.013301134,1.0,0.1939832783958755,0.01629092754766708,0.1585820957900797,-0.6987644473917964,False
25,0.1421538965681693,-0.0018017156339562726,-0.12811077960518027,0.20513174900618922,0.19570208,1.0,0.3366134278261927,-0.0015279626922444288,0.2500707383410369,0.007194993408566965,False
25,0.17219148394153122,0.0015754094661288554,-0.11463823060771039,-0.27358126697017576,2.2897146,1.0,0.25703646393273244,-0.0015279626922444288,0.022172641909317305,0.007194993408566965,False
25,0.20075355768056305,-0.004928892240920689,0.1259312827329322,0.4025804030507944,-0.58650917,1.0,0.09800181788436774,-0.03257504575105346,0.022172641909317305,0.007194993408566965,False
25,0.15189267992503783,-0.0018017156339562726,-0.15156597255710064,0.00654024030211928,0.11347175,1.0,0.1884543886687534,-0.0015279626922444288,0.2519532111864217,-0.48493284049489227,False
25,0.30680131984490205,0.04502145216495106,0.022631406660718445,0.1503099254193939,-1.1043644,1.0,0.1939832783958755,-0.0015279626922444288,-0.01299089582443044,-0.918384941358443,False
25,0.2236940531436273,0.045530169421707775,0.13412012308265514,0.773650928542843,-0.5332308,1.0,0.1939832783958755,0.03240000148518494,0.02511117813461909,-0.31598842161498497,False
25,0.41529689210009146,-0.010984553239670892,-0.12771856046411614,0.00654024030211928,-2.9047966,1.0,0.1939832783958755,0.005052645792091375,0.022172641909317305,0.007194993408566965,False
25,0.1930871037885732,0.0009157149983690083,-0.09108412928976886,-0.8746402673451524,2.0107923,1.0,0.1939832783958755,0.005292183682556609,0.022172641909317305,0.007194993408566965,False
25,0.19618258155195503,-0.0021642965203834126,0.022631406660718445,-0.2873683710930283,-0.8864683,1.0,0.20687998845842384,-0.030074000096739977,0.022172641909317305,0.007194993408566965,False
25,0.1930871037885732,-0.00036237894496506215,-0.31835997108600644,0.00654024030211928,-0.5767343,1.0,0.1939832783958755,-0.0015279626922444288,0.022172641909317305,0.6698181126314122,False
25,0.1930871037885732,-0.015902953146992763,0.022631406660718445,0.00654024030211928,1.2138052,1.0,0.2101491810922635,-0.0015279626922444288,0.022172641909317305,0.007194993408566965,False
26,0.1930871037885732,-0.0018017156339562726,0.314422409135463,-0.17663855297902553,-0.90503633,1.0,0.1939832783958755,-0.047917016313758096,0.022172641909317305,0.007194993408566965,False
26,0.3224396688751513,-0.07242613124221087,-0.07292445406863536,0.00654024030211928,0.6365063,1.0,0.3532378863026031,0.03132047076757133,0.2435818214992817,0.007194993408566965,False
26,0.1930871037885732,0.043600205676555905,-0.18711600112172366,0.00654024030211928,-1.053454,1.0,0.19186622923163932,-0.013071528835187661,0.022172641909317305,0.9072897315772221,False
26,0.1930871037885732,-0.0018017156339562726,0.36728955332841295,-0.13749883198488633,-1.1843421,1.0,0.1939832783958755,-0.0015279626922444288,0.2019788653899271,0.36355948126885024,False
26,0.07333724762196361,-0.0029767069455707016,-0.3125020822532543,0.6823813926027172,1.0794499,1.0,0.1939832783958755,-0.012198040878404986,0.022172641909317305,-0.9555055672887376,False
27,0.18488267164937017,0.026766520932216452,0.18350145747472718,0.00654024030211928,0.46516082,1.0,0.1939832783958755,-0.0015279626922444288,-0.008826210156449032,-0.0036644271526670453,False
27,0.217909616513838,0.063285356938905,0.022631406660718445,0.5105107042635748,1.5328462,1.0,0.25904266830374134,-0.012980872378265397,-0.021166549334872557,0.007194993408566965,False
27,0.1930871037885732,-0.0018017156339562726,0.12739914980930883,0.13035640128691978,0.8568901,1.0,0.18858713450860484,-0.01610541564834131,0.022172641909317305,1.0597568497103094,False
27,0.12313649865668362,-0.0018017156339562726,0.022631406660718445,0.00654024030211928,-0.18796295,1.0,0.25591204022396485,-0.0015279626922444288,-0.08254937728810673,-1.017503971981722,False
27,0.20180226359607895,-0.03349465453322801,0.022631406660718445,0.029225522780895435,-0.6670847,1.0,0.1939832783958755,-0.0015279626922444288,0.022172641909317305,-0.22633814619884218,False
28,0.1930871037885732,0.024233941318991245,0.46201197878118044,-0.036941018858271696,1.1979539,1.0,0.1910264296981269,-0.0015279626922444288,0.022172641909317305,0.007194993408566965,False
28,0.1930871037885732,-0.0018017156339562726,-0.36633994474498344,-0.7701433542570687,1.6187302,1.0,0.1939832783958755,0.00785565258456403,-0.3084179732169393,0.23871458729689182,False
28,0.1930871037885732,-0.0018017156339562726,0.022631406660718445,0.00654024030211928,1.229581,1.0,0.3460379029540174,-0.0015279626922444288,0.022172641909317305,0.007194993408566965,False
28,0.1930871037885732,-0.04405756055318921,0.0715093424104046,0.00654024030211928,-0.16715756,1.0,0.1939832783958755,-0.022976805163625682,-0.20002102327161803,-0.33508433821458894,False
28,0.2777535063261401,0.049633296909133484,0.022631406660718445,-0.421376189161208,-0.6180917,1.0,0.1939832783958755,-0.0015279626922444288,0.07161040404770634,-0.13641761206806535,False
28,0.1930871037885732,-0.05374403062730393,0.34925523531744024,0.00654024030211928,-0.18277329,1.0,0.25583438379348467,-0.0015279626922444288,-0.42751782665140736,0.24298540295771226,False
29,0.1930871037885732,-0.015668693940939678,-0.049820406243663864,0.1653408582639615,-1.3194267,1.0,0.2326249294466055,-0.0015279626922444288,0.022172641909317305,0.007194993408566965,False
29,0.1930871037885732,0.005869233547005872,-0.05243670664567093,0.00654024030211928,-1.0701163,1.0,0.1939832783958755,-0.0015279626922444288,0.0104166769605789,-1.1630027466963797,False
29,0.1930871037885732,-0.0018017156339562726,-0.15309654255709768,0.00654024030211928,-1.0881709,1.0,0.2800847752877341,0.056714760629401645,-0.016789107059093738,0.42963549849036164,False
29,0.18027784773463731,-0.0018017156339562726,0.022631406660718445,0.00654024030211928,1.137334,1.0,0.25176561838779044,0.01925914711365321,-0.24223502772990194,0.11523227042693036,False
29,0.1930871037885732,-0.0018017156339562726,0.022631406660718445,0.00654024030211928,-0.14108239,1.0,0.2759998400215523,-0.014402997734409933,0.022172641909317305,-0.19469500014191918,False
29,0.1930871037885732,0.0002570806529787581,0.022631406660718445,0.00654024030211928,-0.7834395,1.0,0.1939832783958755,0.01692483635172592,0.022172641909317305,-0.004792359177888466,False
29,0.22889061018593984,0.009291442831682012,0.294872190067841,-0.600468264504059,0.79861313,1.0,0.28932159022248627,-0.0015279626922444288,-0.4255642975900129,-0.3255688291597831,False
30,0.1930871037885732,-0.0018017156339562726,0.022631406660718445,0.00654024030211928,0.99679834,1.0,0.23362703457316722,0.004287239409532552,0.022172641909317305,-0.6082484887245426,False
30,0.19046311305072688,-0.0018017156339562726,0.022631406660718445,0.00654024030211928,-1.6913307,1.0,0.26082743425581567,-0.03178980008158682,0.28949966291246976,-0.2978093645294922,False
30,0.1930871037885732,-0.01260127227595536,0.17221281064635807,0.674785954255117,1.100077,1.0,0.1939832783958755,-0.0015279626922444288,0.022172641909317305,0.007194993408566965,False
30,0.22938106143854975,-0.004246791266488139,0.018074372466960024,0.00654024030211928,1.1800407,1.0,0.1939832783958755,-0.04156012393606289,0.022172641909317305,-0.18097470226916781,False
30,0.14814470658932738,-0.016777938916177963,0.03253436544708009,0.2578327932759032,1.0798513,1.0,0.3253142383296109,-0.04797354691795035,0.022172641909317305,-0.1565008738384659,False
30,0.1930871037885732,0.016259950411028377,-0.6124220139224972,-0.7617404834223847,0.71793574,1.0,0.2713092333089018,-0.0015279626922444288,0.06677340769413373,0.7673576676098653,False
30,0.2708890821584884,-0.06978827168538969,-0.24424260569332135,0.00654024030211928,0.83556837,1.0,0.1939832783958755,0.03715312287499636,0.08665753303089595,-0.7713154266341798,False
31,0.10718141496917456,-0.0018017156339562726,-0.11846250584876408,0.00654024030211928,-0.44718316,1.0,0.1939832783958755,0.0712700105606339,0.057855308886868836,0.007194993408566965,False
31,0.23876511297304215,-0.0018017156339562726,-0.011421815764889015,0.00654024030211928,1.396604,1.0,0.1939832783958755,-0.0015279626922444288,-0.23341005245305455,0.007194993408566965,False
31,0.1930871037885732,-0.0018017156339562726,-0.20100832702982283,0.038847818097184766,0.5578998,1.0,0.25493961853157665,-0.0015279626922444288,0.022172641909317305,-0.4294048844112493,False
31,0.29840732082615623,-0.0018017156339562726,0.022631406660718445,0.002330677638301459,0.5194056,1.0,0.1939832783958755,0.009294901123070255,-0.11521067027755119,0.007194993408566965,False
31,0.10349700309582621,0.0008815700190264622,-0.12155646615038637,0.00654024030211928,-0.26218218,1.0,0.1939832783958755,-0.0015279626922444288,0.022172641909317305,0.007194993408566965,False
31,0.11977334872990869,-0.0018017156339562726,0.022631406660718445,0.00654024030211928,0.5771793,1.0,0.21242231184229374,-0.0015279626922444288,0.022172641909317305,0.0053517152295121575,False
32,0.1729562026561106,0.059318160915870846,0.022631406660718445,0.00654024030211928,-1.9613508,1.0,0.1939832783958755,-0.0015279626922444288,0.14462202646179276,0.007194993408566965,False
32,0.1930871037885732,-0.0018017156339562726,0.09965360220548315,0.00654024030211928,2.6324086,1.0,0.1939832783958755,-0.0015279626922444288,0.022172641909317305,0.8534185251116263,False
32,0.12092434141829646,-0.010473886693960256,-0.1292176622733108,0.29768472386929246,1.5796913,1.0,0.20066993432003594,-0.0015279626922444288,0.16594051016831174,0.6860455014139659,False
32,0.20593551555088568,-0.045672556931560776,-0.28568954948374103,0.058693478458463774,0.7853569,1.0,0.25872250582720036,-0.0015279626922444288,-0.05223734752602416,0.1582274472498482,False
32,0.1930871037885732,-0.0031148445419709736,0.022631406660718445,0.00654024030211928,1.2496331,1.0,0.27167153865083227,-0.040353154405291074,-0.2659190612244109,0.24390115231818085,False
32,0.11506349437519255,-0.0018017156339562726,0.022631406660718445,-0.5203413184863456,0.97337127,1.0,0.1939832783958755,-0.0015279626922444288,0.022172641909317305,0.007194993408566965,False
33,0.1930871037885732,-0.0018017156339562726,0.022631406660718445,0.5647725578681059,-0.23776984,1.0,0.2634496688307061,-0.0015279626922444288,0.022172641909317305,-0.16354103145810392,False
33,0.16190570402294402,-0.03645220271851628,0.022631406660718445,-0.004113101532818473,-0.6135142,1.0,0.1939832783958755,-0.01752665026366532,0.022172641909317305,0.3527637284740006,False
33,0.1930871037885732,0.021766306564085645,-0.19260522088757934,0.00654024030211928,0.80236864,1.0,0.34331037591031754,-0.0015279626922444288,0.36269045212211215,0.007194993408566965,False
33,0.1930871037885732,-0.0022955032843223963,0.022631406660718445,0.005020062699544735,-1.004016,1.0,0.1939832783958755,-0.030788528804534476,0.002467734568376522,-0.13137787851544083,False
33,0.0988105868156343,-0.04070149543734163,0.3486005024004306,0.00654024030211928,-0.733493,1.0,0.1939832783958755,0.001428734224289083,0.022172641909317305,0.9259727802172174,False
33,0.25006515457164835,-0.011147509473198817,0.11559180797687325,0.00654024030211928,1.4060212,1.0,0.12330559073492944,-0.0015279626922444288,0.022172641909317305,0.36285331435671336,False
34,0.1930871037885732,-0.0018017156339562726,0.022631406660718445,0.00654024030211928,-0.4966202,1.0,0.11399296887598023,0.055931516506955256,0.42557693922344025,0.07578652778802045,False
34,0.10267570853393021,-0.0018017156339562726,0.022631406660718445,0.00654024030211928,1.7732131,1.0,0.24683072081746021,-0.0015279626922444288,-0.0970645842754543,-0.5612409436486507,False
34,0.2159133262321848,-0.03239859869857311,0.022631406660718445,-0.13499945618607248,0.5952059,1.0,0.1939832783958755,-0.0015279626922444288,0.022172641909317305,0.11751264430390072,False
34,0.21515467316913944,-0.0018017156339562726,-0.30412673815631225,-0.1600063005710832,-1.2313676,1.0,0.1939832783958755,-0.0015279626922444288,0.022172641909317305,0.007194993408566965,False
34,0.1930871037885732,0.03644478250862602,0.022631406660718445,-0.3168418349376434,-0.3432571,1.0,0.16675917382714156,-0.017430065140634655,0.04857434160783806,-1.3543745986596276,False
34,0.12685209767479794,0.019784509810842524,-0.30961704739276136,-0.01778671221374434,0.109426975,1.0,0.1939832783958755,0.04198619611292804,0.09644070908505403,0.007194993408566965,False
34,0.1930871037885732,-0.03361628859194545,0.022631406660718445,-0.37804351100684774,-1.4760115,1.0,0.0952875266078545,-0.0015279626922444288,-0.07842683919102014,-0.6733760707504688,False
34,0.21697236455946267,-0.0018017156339562726,0.022631406660718445,0.00654024030211928,1.7455511,1.0,0.27465086493883034,0.006272092243915443,0.022172641909317305,0.007194993408566965,False
34,0.1930871037885732,-0.02195061164648405,0.0164797997173778,0.00654024030211928,0.4684277,1.0,0.23081606282932338,-0.03477966857925071,0.11202219329574835,-0.04674561130912165,False
34,0.1930871037885732,-0.014416191947660417,0.23277168532109757,0.07639945892946189,-0.1714688,1.0,0.18536194566314318,-0.0015279626922444288,0.27536532738546254,-0.9423433673111357,False
34,0.1930871037885732,0.026328310819329313,-0.09370655310015617,-0.20543823838989625,1.4575251,1.0,0.1939832783958755,-0.0015279626922444288,0.022172641909317305,0.007194993408566965,False
34,0.14148919811884791,-0.0018017156339562726,0.022631406660718445,-0.13078128026103947,1.7844393,1.0,0.3243373641220967,-0.0015279626922444288,-0.31082822815098854,0.007194993408566965,False
34,0.1930871037885732,0.008950486255522111,0.022631406660718445,0.00654024030211928,1.1216943,1.0,0.1939832783958755,0.0827808236396411,0.1841714618294418,0.007194993408566965,False
34,0.1079331282244862,-0.020206260033928374,0.022631406660718445,-0.9521002164805911,-0.652744,1.0,0.1939832783958755,-0.026981193398134304,0.07128627711012908,0.007194993408566965,False
34,0.31296789252133617,-0.02212618258295672,-0.007918289907597229,0.00654024030211928,-0.09495509,1.0,-0.003297117802713856,-0.0015279626922444288,0.032845666386413674,-0.14354448906650685,False
34,0.170193977857478,-0.05232429850586491,0.022631406660718445,0.00654024030211928,0.17573845,1.0,0.1939832783958755,-0.0015279626922444288,0.022172641909317305,0.4622803489184749,False
34,0.1930871037885732,0.0040501932513730176,0.022631406660718445,0.09504959053382357,1.0269634,1.0,0.18347810173559348,-0.01483428920005796,0.2096725391063094,0.007194993408566965,False
35,0.1930871037885732,-0.0018017156339562726,0.022631406660718445,-0.03754594070379555,1.0239693,1.0,0.1939832783958755,-0.0015279626922444288,0.022172641909317305,0.007194993408566965,False
35,0.33455113737724224,-0.011139973663583609,0.022631406660718445,-0.7798544327658946,-0.44058087,1.0,0.2222310580533373,-0.06587369105947564,0.022172641909317305,-0.06820310224495647,False
35,0.10341541263900515,-0.0018017156339562726,0.022631406660718445,0.12655645004542754,0.70649576,1.0,0.1939832783958755,0.00025665750029201916,-0.1240042914870817,0.25167688682186473,False
35,0.11089443350872565,0.02793129706253317,0.022631406660718445,0.00654024030211928,-1.5960377,1.0,0.1939832783958755,-0.06058779924612452,0.022172641909317305,0.007194993408566965,False
35,0.0760474219539553,0.022307045607932174,0.022631406660718445,-0.5269844919545158,0.6333364,1.0,0.1939832783958755,-0.0015279626922444288,-0.019900869020578676,0.007194993408566965,False
35,0.12894940071346433,-0.0018017156339562726,0.06319420129116758,0.00654024030211928,-0.51892227,1.0,0.1939832783958755,-0.0015279626922444288,0.022172641909317305,0.007194993408566965,False
35,0.1930871037885732,-0.030492634263660372,-0.20425405447608144,0.07915378996032792,2.2367988,1.0,0.1939832783958755,-0.0015279626922444288,0.022172641909317305,0.007194993408566965,False
35,0.057539115053695467,-0.0018017156339562726,0.585785760163372,0.00654024030211928,0.67238134,1.0,0.13218184327811672,-0.0015279626922444288,0.3132612672472395,0.007194993408566965,False
35,0.1930871037885732,-0.0018017156339562726,-0.06899924715902975,0.00654024030211928,0.07525265,1.0,0.1939832783958755,0.016761883178088053,0.40075949764325924,0.007194993408566965,False
36,0.1930871037885732,-0.0018017156339562726,0.3296561651666005,0.00654024030211928,-0.96988106,1.0,0.27884708263861513,-0.0015279626922444288,-0.13550142324628173,0.007194993408566965,False
36,0.1930871037885732,-0.0018017156339562726,0.3460799732727805,0.00654024030211928,-1.217224,1.0,0.1939832783958755,-0.0015279626922444288,0.022172641909317305,0.007194993408566965,False
36,0.1930871037885732,0.031525602492720774,-0.06769553995529021,-0.4616474064703464,-0.8956626,1.0,0.1939832783958755,-0.0015279626922444288,-0.05362463090886374,-0.8258018402101791,False
36,0.1930871037885732,0.02133804201688276,0.38746561488748565,0.00654024030211928,0.58778703,1.0,0.19862830962036415,-0.0015279626922444288,0.022172641909317305,0.4508989081805711,False
36,0.1930871037885732,-0.048834086153821496,0.16769436754377764,-0.35047880704938006,0.5629144,1.0,0.2499966112948075,-0.0015279626922444288,0.030727196888934,1.0222503270941492,False
36,0.21458191381182404,-0.018647210082542765,0.022631406660718445,-0.41268430156148433,-0.29606235,1.0,0.1939832783958755,-0.0015279626922444288,0.10725895945793044,0.007194993408566965,False
37,0.1321658565415597,0.011595653025908457,-0.38766177918140704,-0.40259801967382897,1.2040685,1.0,0.26527221646668747,-0.021495623691080105,-0.30443472909916447,0.007194993408566965,False
37,0.13331082175117323,-0.0018017156339562726,0.022631406660718445,-0.6837525422744807,-1.0005422,1.0,0.2261802144415861,-0.0015279626922444288,0.022172641909317305,0.007194993408566965,False
37,0.1930871037885732,-0.0018017156339562726,0.022631406660718445,0.00654024030211928,-1.5913649,1.0,0.1939832783958755,-0.03634655241786085,0.1497340267554076,0.2145864170323209,False
37,0.1930871037885732,0.002848724507511378,0.27761542332845934,0.00654024030211928,-1.1849167,1.0,0.1939832783958755,-0.0015279626922444288,0.022172641909317305,0.007194993408566965,False
37,0.18976115130759658,-0.0018017156339562726,0.022631406660718445,-0.3299609928036246,1.2085557,1.0,0.18401085848991275,0.05008120415285028,0.022172641909317305,0.4397810288369657,False
37,0.17749808159855232,-0.02649417363701448,0.3489601444252669,0.055250563544847114,0.34680203,1.0,0.3498955316146626,0.03782635002680371,0.24107956212633114,0.007194993408566965,False
37,0.1930871037885732,-0.0018017156339562726,0.022631406660718445,0.1719016432335277,-0.14322275,1.0,0.2371675680454694,0.025055950832790875,-0.10323597169955134,0.007194993408566965,False
37,0.21596154224510267,0.015770017330555445,-0.34332297188445315,0.00654024030211928,-1.2082329,1.0,0.1939832783958755,0.026958395077275706,0.022172641909317305,0.35585778127366,False
37,0.1930871037885732,0.009686980808557712,0.022631406660718445,0.15128077586247005,0.9303698,1.0,0.3760964291795923,-0.0015279626922444288,-0.011740734066782905,0.257719398500842,False
37,0.1930871037885732,-0.0018017156339562726,-0.11389018258888708,0.00654024030211928,-0.6376905,1.0,0.1939832783958755,-0.0015279626922444288,0.17585676302669154,0.007194993408566965,False
38,0.14802322178122734,-0.0366796066630802,0.022631406660718445,0.00654024030211928,0.9568672,1.0,0.1939832783958755,-0.008517402219464742,0.022172641909317305,0.007194993408566965,False
38,0.1954141619883119,0.012357502745411222,0.022631406660718445,0.00654024030211928,0.61949223,1.0,0.1889705873945997,-0.01601905046631324,0.022172641909317305,0.007194993408566965,False
38,0.24329654021384747,-0.0018017156339562726,0.5041164375295896,0.529086259606255,0.9951273,1.0,0.1939832783958755,0.042749071088669696,-0.09186210092225434,0.43124063506364774,False
38,0.1930871037885732,-0.011065138914835487,-0.3790745330540356,0.3641056762239982,0.42911088,1.0,0.37209100746131063,0.04678059024064125,0.022172641909317305,-0.4014066275523582,False
38,0.1930871037885732,-0.0018017156339562726,-0.3225140057299042,0.00654024030211928,1.7028395,1.0,0.16653866777248547,-0.0015279626922444288,0.022172641909317305,-0.08937168479492344,False
39,0.051447826694161564,-0.0018017156339562726,0.03181905322295837,0.00654024030211928,-1.5441388,1.0,0.1939832783958755,-0.0015279626922444288,-0.16152837113523705,1.4273212954867907,False
39,0.1930871037885732,-0.0018017156339562726,0.3084225778482477,0.537863685800116,-1.5371878,1.0,0.1939832783958755,0.019796933193960278,0.1928903599087135,0.007194993408566965,False
39,0.26911481991700265,-0.0018017156339562726,0.3548914557940859,0.0799061947785823,-0.8730276,1.0,0.3470609310961029,0.016569810639096735,0.022172641909317305,-0.7678813756320427,False
39,0.22740695334762295,0.008356959864200639,-0.04815777198016499,0.00654024030211928,-1.4552952,1.0,0.26966594317078074,0.01819886818697976,-0.022368604785970334,-0.004160895596316888,False
39,0.1930871037885732,-0.0018017156339562726,0.022631406660718445,0.00654024030211928,1.1113436,1.0,0.209183647478831,0.005167900449746424,-0.21772849366638128,0.10580178822160402,False
39,0.1930871037885732,0.014489200867215671,-0.09092580586673966,-0.3781868673544297,0.46731395,1.0,0.1939832783958755,-0.0015279626922444288,0.022172641909317305,0.2106022939998931,False
40,0.3918280045241217,-0.0018017156339562726,0.06911834355438493,0.00654024030211928,0.30000043,1.0,0.1939832783958755,-0.029734462795084213,0.244483082705199,0.007194993408566965,False
40,0.1930871037885732,-0.017550889626672346,0.17427911808327654,0.12425984139595282,1.8440981,1.0,0.1939832783958755,-0.0015279626922444288,-0.09946261941281674,0.007194993408566965,False
40,0.19979253841161007,-0.0018017156339562726,0.3463812508015382,-0.4845609853726905,-2.2133696,1.0,0.3005732405575686,-0.010801011489922357,0.022172641909317305,0.007194993408566965,False
40,0.1930871037885732,-0.0018017156339562726,0.022631406660718445,0.00654024030211928,0.71180123,1.0,0.2527581448984785,-0.07433909271100712,0.04611551712674214,0.007194993408566965,False
40,0.1930871037885732,-0.0018017156339562726,-0.24228817326796953,0.00654024030211928,0.11302233,1.0,0.1939832783958755,-0.0015279626922444288,0.022172641909317305,0.007194993408566965,False
40,0.36088328732115166,-0.0018017156339562726,-0.6013698405774064,-0.44799168833204944,0.89009845,1.0,0.1857101742072521,-0.0015279626922444288,0.022172641909317305,-0.5388464147913075,False
41,0.1930871037885732,-0.007644825863869563,-0.4465914381303606,0.025586615673404374,0.7481911,1.0,0.1939832783958755,-0.0015279626922444288,-0.14164289021049442,0.007194993408566965,False
41,0.1930871037885732,0.04276674316810486,-0.016171362817108667,0.00654024030211928,2.1027913,1.0,0.1939832783958755,-0.03354502320721989,0.022172641909317305,0.3657567119176855,False
41,0.1930871037885732,-0.0018017156339562726,0.022631406660718445,0.00654024030211928,-0.90599346,1.0,0.33208365965994097,-0.0015279626922444288,0.022172641909317305,0.007194993408566965,False
41,0.202155192709873,-0.02296304848704102,-0.44063355146099387,-0.46568496491777556,0.43754166,1.0,0.1939832783958755,0.08355711998368737,0.2946749857439038,0.007194993408566965,False
41,0.1930871037885732,-0.0018017156339562726,0.022631406660718445,0.00654024030211928,0.67029,1.0,0.39585389041051305,-0.020272020885397896,0.1751042654110859,0.29166713252361215,False
41,0.1930871037885732,0.01158333372932064,-0.23472615787871465,-0.27957271267333444,1.1589283,1.0,0.1939832783958755,-0.0015279626922444288,0.022172641909317305,0.007194993408566965,False
42,0.1930871037885732,-0.0018017156339562726,0.022631406660718445,-0.09142775778292178,1.7239995,1.0,0.22067209931281695,0.01757301796752076,0.022172641909317305,0.007194993408566965,False
42,0.1930871037885732,0.056031523498934484,0.21586730395420645,0.00654024030211928,-2.1401026,1.0,0.1939832783958755,-0.0015279626922444288,-0.00958487618498716,-0.8203623785492566,False
42,0.11003534028006431,-0.0018017156339562726,0.022631406660718445,-0.4862085033371286,-0.1228888,1.0,0.2089251333089431,-0.048296094648367496,-0.05220737830398221,0.2110381294004357,False
42,0.1930871037885732,-0.02684153745260558,0.022631406660718445,0.00654024030211928,-0.10302842,1.0,0.36665933478667534,-0.0015279626922444288,0.022172641909317305,0.025595535245379396,False
42,0.1930871037885732,-0.0018017156339562726,0.022631406660718445,0.6291530583418282,0.6371621,1.0,0.1939832783958755,-0.0015279626922444288,0.0009476718304764001,-0.9130925295570657,False
42,0.2999572952000936,-0.0018017156339562726,-0.16260046145987947,0.00654024030211928,0.9915543,1.0,0.1939832783958755,0.00732510442838024,-0.3766869833096438,0.3301481516470986,False
42,0.1930871037885732,-0.013621075935351293,0.022631406660718445,0.23750756687077795,0.32008645,1.0,0.1939832783958755,-0.005649502993347124,0.38650565582048185,0.007194993408566965,False
42,0.37227779504846337,-0.0018017156339562726,-0.12338738957461987,-0.09965792237992689,0.71370494,1.0,0.1939832783958755,-0.010165919179493887,-0.2832787794162547,0.9382092212523272,False
42,0.2466157494768034,0.03130865763619993,-0.19915823086862752,-0.0036132421235333737,2.2591643,1.0,0.29916792022787575,-0.0037435789650538615,-0.1884908015122916,0.007194993408566965,False
42,0.1930871037885732,0.02867677432683022,0.022631406660718445,-0.196710529703823,-0.37178954,1.0,0.1939832783958755,-0.051723293310477404,0.022172641909317305,0.09828066108611751,False
43,0.1930871037885732,-0.0018017156339562726,0.022631406660718445,0.4730432159834004,1.7350049,1.0,0.1939832783958755,-0.0015279626922444288,0.022172641909317305,-0.09840132873830933,False
43,0.20149963186493153,0.045218225548815674,-0.13029277520074253,0.00654024030211928,-0.4287324,1.0,0.1939832783958755,-0.0015279626922444288,-0.2779353441703856,-0.8868788537782816,False
43,0.08224915174217574,0.00213359811762892,0.022631406660718445,0.24394978224447245,0.29092658,1.0,0.1939832783958755,0.007726703441749841,0.6510893178387994,0.007194993408566965,False
43,0.183854266007522,0.030593271210123014,0.19265877881754626,-0.7440214660560154,0.25212723,1.0,0.1939832783958755,-0.0015279626922444288,0.028533150923438052,-0.3762180785666993,False
43,0.1930871037885732,-0.0018017156339562726,0.022631406660718445,0.00654024030211928,-1.2405336,1.0,0.1939832783958755,-0.0015279626922444288,-0.05359414480795156,-0.12566278936407177,False
43,0.10762198969381477,-0.0455532363434701,0.08578118831796282,-0.036094079673064355,1.020254,1.0,0.1939832783958755,-0.0015279626922444288,-0.2480051123496372,-0.5302045420555114,False
43,0.1930871037885732,0.016276983109266868,0.044212420801249055,0.1510053405093152,-0.22960725,1.0,0.23547268581541364,-0.0015279626922444288,-0.10624021797981228,1.088247177621475,False
44,0.21686162156597358,-0.0018017156339562726,0.17608772681517598,0.3255595232310537,1.056429,1.0,0.1939832783958755,0.038492482689958134,0.022172641909317305,0.007194993408566965,False
44,0.13669252363921652,-0.0018017156339562726,0.13376761125375647,0.00654024030211928,-0.9680798,1.0,0.32365867903869816,-0.07248923361284479,-0.33122774023596113,0.007194993408566965,False
44,0.2738554873234387,-0.0018017156339562726,0.2657994921876842,0.039856379683930465,-1.1523485,1.0,0.1939832783958755,-0.0015279626922444288,-0.031172748869104237,0.007194993408566965,False
44,0.1930871037885732,-0.0018017156339562726,0.022631406660718445,0.29841507801881406,1.021495,1.0,0.1939832783958755,-0.0015279626922444288,0.022172641909317305,-0.19866019596470255,False
44,0.1930871037885732,-0.0018017156339562726,0.259790770042233,0.00654024030211928,-0.37556553,1.0,0.1939832783958755,-0.0015279626922444288,0.022172641909317305,0.007194993408566965,False
44,0.13423713720986258,-0.0018017156339562726,0.022631406660718445,0.16280465334822744,-1.3106575,1.0,0.3024679646054135,-0.0015279626922444288,0.29170094274404107,0.007194993408566965,False
44,0.25810255893733924,0.038662156333975746,0.022631406660718445,-0.06373132583052638,-0.08174151,1.0,0.1939832783958755,-0.014336610035108159,0.022172641909317305,0.007194993408566965,False
44,0.22490625585237278,-0.0018017156339562726,0.022631406660718445,0.14182305503724735,0.25320908,1.0,0.07428801915746923,0.03289511191079789,0.24939074030130495,-0.9020013302993628,False
44,0.23247909391388194,0.0028080710907727856,0.022631406660718445,0.9128996235516093,2.1106133,1.0,0.4790193227168973,-0.0015279626922444288,0.022172641909317305,0.24136565239467192,False
44,0.1930871037885732,-0.0018017156339562726,0.24437680390203684,0.00654024030211928,0.4662211,1.0,0.2071045512490836,-0.0015279626922444288,-0.2809828424844103,0.007194993408566965,False
44,0.3043187162378025,-0.0018017156339562726,0.022631406660718445,0.00654024030211928,-1.6720246,1.0,0.1939832783958755,0.017580832908307926,0.22573912388914794,0.007194993408566965,False
45,0.1890626566053761,-0.027549522344684073,0.2297494549851559,-0.35464870551029776,0.06277871,1.0,0.17608365764305473,-0.06648451919697902,0.1344421166174371,-0.39624994568321925,False
45,0.1930871037885732,-0.0018017156339562726,-0.11733682981289628,0.00654024030211928,-0.25350487,1.0,0.012565785530995022,0.07520479525949604,0.022172641909317305,0.007194993408566965,False
45,0.23752618551515264,-0.0018017156339562726,0.10764530674228465,-0.8197807236144146,0.39597815,1.0,0.1939832783958755,-0.0015279626922444288,0.016277692032694982,0.007194993408566965,False
45,0.1930871037885732,-0.0018017156339562726,0.022631406660718445,-0.4055982426618844,1.1215134,1.0,0.26005673052647915,-0.015632416553685007,0.022172641909317305,-0.48256224388541025,False
45,0.30123685374352643,0.005301998976454019,0.022631406660718445,-0.5149413347205107,-1.680896,1.0,0.1939832783958755,-0.015990373851544108,0.022172641909317305,0.18269297682709065,False
45,0.3074733512813832,0.06590240836014548,0.022631406660718445,0.00654024030211928,-1.356217,1.0,0.24592252950994142,-0.0015279626922444288,0.022172641909317305,0.007194993408566965,False
46,0.1930871037885732,0.00033627510175285357,0.022631406660718445,0.11513945980124993,0.04783885,1.0,0.16367852047269413,-0.0015279626922444288,0.15912395063741852,0.007194993408566965,False
46,0.2408202389293928,0.031987245993247516,0.022631406660718445,-0.07682590395107526,0.08367264,1.0,0.35019845486597206,0.0710371813894515,0.022172641909317305,-0.025728061977364037,False
46,0.2298806512498585,-0.0018017156339562726,0.022631406660718445,0.00654024030211928,0.6993711,1.0,0.1939832783958755,-0.0015279626922444288,0.04069377473203295,0.007194993408566965,False
46,0.19611141607583849,0.019005189851091446,0.022631406660718445,0.40555340921344246,0.9067372,1.0,0.1939832783958755,0.02178683770771724,0.022172641909317305,0.8160240370171692,False
46,0.17938142059256137,0.010039416967448266,-0.23110522454199878,0.17880470858346442,-1.4543568,1.0,0.16617635481941806,0.0023087337584524145,0.022172641909317305,0.007194993408566965,False
46,0.1930871037885732,-0.016217754143008856,0.022631406660718445,0.9206742033320492,0.57907933,1.0,0.17275280338307222,-0.0015279626922444288,0.33290943250352506,0.007194993408566965,False
47,0.1930871037885732,-0.0018017156339562726,0.2382281820594852,-0.21391978961072805,-1.335884,1.0,0.2716571155462787,-0.0015279626922444288,0.18572585312627055,0.6838158033208944,False
47,0.1930871037885732,0.004285352431560068,0.022631406660718445,0.48639458089154725,0.88859016,1.0,0.10225509627799839,0.01745303910873448,-0.10538999124800674,0.007194993408566965,False
47,0.09933837102733982,-0.0018017156339562726,-0.18394141999618482,-0.20199487796276847,-0.8150841,1.0,0.1187733641714372,0.03772564915721701,0.022172641909317305,0.007194993408566965,False
47,0.2756369718510807,-0.0018017156339562726,0.022631406660718445,0.00654024030211928,-1.2781329,1.0,0.17608564034423477,-0.0015279626922444288,0.022172641909317305,0.007194993408566965,False
47,0.01967346272944881,-0.014453555939289271,0.022631406660718445,0.32913785175137206,-1.9699025,1.0,0.33726128780487263,0.029130390593182183,0.022172641909317305,-0.7203286541214317,False
47,0.1930871037885732,-0.0018017156339562726,0.022631406660718445,0.00654024030211928,0.020538121,1.0,0.1939832783958755,0.038352314142544204,0.12211596966497405,0.007194993408566965,False
47,0.1930871037885732,-0.0018017156339562726,0.022631406660718445,0.00654024030211928,-0.44982368,1.0,0.20713111792266894,-0.0015279626922444288,0.022172641909317305,0.007194993408566965,False
47,0.27131261656314876,-0.0018017156339562726,0.09136475429172954,0.19103004934256698,0.25072446,1.0,0.1939832783958755,-0.055958907382691464,0.022172641909317305,0.2997103412582036,False
47,0.1930871037885732,-0.0018017156339562726,0.022631406660718445,0.2965624798348881,0.6469338,1.0,0.18270624491900633,-0.0015279626922444288,-0.09531270624047089,0.007194993408566965,False
47,0.2470249576447065,-0.042840468022560814,0.022631406660718445,0.00654024030211928,-0.22822747,1.0,0.2786466737911219,0.036866079025755095,0.022172641909317305,0.007194993408566965,False
48,0.1930871037885732,-0.0018017156339562726,0.022631406660718445,0.00654024030211928,0.5500781,1.0,0.16424697726495982,-0.0015279626922444288,0.022172641909317305,0.5650514574396026,False
48,0.1930871037885732,-0.0018017156339562726,0.022631406660718445,0.00654024030211928,-1.0530097,1.0,0.23959854235950165,0.014971745632116215,0.022172641909317305,0.007194993408566965,False
48,0.16972818048179236,0.05450401980245437,0.022631406660718445,0.00654024030211928,0.6791699,1.0,0.13060559203440605,-0.02235361930715044,0.022172641909317305,-0.006067507130720292,False
48,0.1930871037885732,-0.0011420128558457523,0.022631406660718445,-0.4998138919490771,-0.50628304,1.0,0.14917944154993093,-0.03186938515407511,0.022172641909317305,-1.1695188753982282,False
48,0.1930871037885732,-0.0018017156339562726,0.022631406660718445,-0.08917953460083787,-1.0122606,1.0,0.1939832783958755,-0.0015279626922444288,-0.0356316434528864,-0.3377484885659597,False
48,0.1930871037885732,0.0075198398189489585,0.022631406660718445,-0.4950128583476625,1.3467427,1.0,0.1642792332634284,-0.0015279626922444288,0.022172641909317305,0.007194993408566965,False
48,0.1930871037885732,-0.017877994199204047,0.022631406660718445,0.00654024030211928,-0.70572954,1.0,0.1939832783958755,0.0028842443499000818,0.022172641909317305,-0.856778329905098,False
48,0.18382325064017518,-0.0018017156339562726,0.022631406660718445,-0.42630614267238937,-1.709573,1.0,0.17788409492614526,-0.0015279626922444288,0.20876685029648484,0.38401644623428755,False
49,0.1930871037885732,-0.08241888858323446,0.14440048433160252,-0.5472857596330424,-0.35259005,1.0,0.15648014307400857,-0.036848149532508,0.022172641909317305,1.237454884659875,False
49,0.1930871037885732,-0.02354950281087745,0.16203395498350742,-0.1716950450567782,0.15017954,1.0,0.1939832783958755,0.09078225411671494,-0.1744287705125278,0.007194993408566965,False
49,0.17466579260792373,-0.0018017156339562726,-0.36193066270490193,-0.18115499794969303,-0.07618178,1.0,0.1939832783958755,-0.029209677601017947,0.09844621373020136,0.09830643121001797,False
49,0.1930871037885732,-0.03493894140745755,0.3900898382698354,0.00654024030211928,0.26483494,1.0,0.1226986025617654,0.012271535569984436,0.022172641909317305,0.007194993408566965,False
49,0.22919333162307284,-0.0018017156339562726,0.022631406660718445,0.00654024030211928,-2.1704712,1.0,0.1939832783958755,-0.0015279626922444288,0.2535843053571066,0.007194993408566965,False
49,0.1930871037885732,-0.00517426914054211,0.022631406660718445,0.04953067407720088,2.3820655,1.0,0.2947345166667705,0.05400653128005917,0.022172641909317305,0.007194993408566965,False
50,0.1930871037885732,0.05198508259189457,-0.3664245732642974,0.00654024030211928,-0.7280587,1.0,0.37596866863445455,0.03569904088200239,0.037423072517951676,0.007194993408566965,False
50,0.1930871037885732,0.0443251106063554,0.022631406660718445,0.23715902230043276,0.8635786,1.0,0.1939832783958755,-0.0015279626922444288,0.022172641909317305,0.11569891714086525,False
50,0.050837459533879914,-0.013430007627692545,0.022631406660718445,0.18901281816580018,-1.6913307,1.0,0.163697327592141,-0.020378157893815755,0.022172641909317305,0.007194993408566965,False
50,0.1930871037885732,0.05101728682639322,0.022631406660718445,0.00654024030211928,1.7289381,1.0,0.1939832783958755,0.036505266117618416,0.14201025703537365,-0.2915505912810875,False
50,0.1930871037885732,-0.0018017156339562726,-0.17344619958234014,0.00654024030211928,2.1720822,1.0,0.1939832783958755,0.023776029628817776,0.022172641909317305,0.007194993408566965,False
50,0.1930871037885732,-0.028659521883388394,0.43373371896681345,0.00654024030211928,0.77831876,1.0,0.1939832783958755,0.0073760724871395865,-0.11514755254079381,0.49599010967844676,False
51,0.2943199114929261,0.03200822966963455,0.09594160080005264,0.00654024030211928,1.2562804,1.0,0.21581163295367686,0.005019580968868167,0.022172641909317305,-0.0073910263886806105,False
51,0.028667361937736002,-0.0018017156339562726,0.022631406660718445,-0.0008366061662236548,0.8749545,1.0,0.18029003050233844,-0.0015279626922444288,0.022172641909317305,0.007194993408566965,False
51,0.3433561425008783,0.0423043162839797,-0.6637770118413788,0.00654024030211928,-1.3388106,1.0,0.21329660314575896,0.01610469984035399,0.03228561776855885,0.21553678134735071,False
51,0.37664226990695715,-0.0018017156339562726,0.022631406660718445,0.00654024030211928,0.1297184,1.0,0.2870458678803186,0.009676711936137923,0.022172641909317305,0.007194993408566965,False
51,0.2385369200321651,0.04149914204546882,-0.0751666720967347,-0.36597180490703846,1.1687577,1.0,0.1939832783958755,0.025481572995098834,0.027856880141125265,0.007194993408566965,False
52,0.3569739081051303,-0.0034101711522828565,-0.03748912146622278,0.1313604807377353,-0.83654207,1.0,0.34162828419593577,0.0697751378777116,0.048294580919325,0.007194993408566965,False
52,0.09010095251511126,-0.024598822870854877,0.27739657592299666,-0.5156139071176795,-1.3960941,1.0,0.1939832783958755,-0.04279621021236221,0.3278148988147515,-0.03560848626917107,False
52,0.1930871037885732,-0.0018017156339562726,-0.1493995797368234,-0.8612209323756709,-0.0075339675,1.0,0.1939832783958755,-0.0015279626922444288,0.001357939557507272,-0.7545028230888131,False
52,0.1930871037885732,-0.0018017156339562726,0.022631406660718445,0.29430009922345046,0.056825876,1.0,0.23111040071813338,0.037988532971614405,-0.04077045318073268,0.007194993408566965,False
52,0.23280626500367418,-0.029634003919602657,0.022631406660718445,0.55893145272434,-0.28995073,1.0,0.15624141976302058,-0.0015279626922444288,0.022172641909317305,0.4974663592337504,False
52,0.1930871037885732,-0.0018017156339562726,0.022631406660718445,0.39387429501980625,0.001704216,1.0,0.35519758662674017,0.031219751559203042,0.022172641909317305,0.007194993408566965,False
53,0.1930871037885732,-0.0018017156339562726,-0.11358340907008199,0.00654024030211928,1.3769639,1.0,0.1939832783958755,0.010207888195591484,0.022172641909317305,0.007194993408566965,False
53,0.3271585090975271,-0.02279219488223708,0.022631406660718445,0.00654024030211928,-1.0602703,1.0,0.1939832783958755,-0.07243449496959738,0.17403796380666037,0.22580271786607725,False
53,0.24535097142596957,0.02783785695332264,-0.09114672521181315,-0.24281990006719895,1.8387306,1.0,0.059084415341302515,0.02725230287048692,0.022172641909317305,0.0843004416670763,False
53,0.1930871037885732,-0.0018017156339562726,-0.011240375137704692,-0.21634698322046558,-0.49076465,1.0,0.18943195168416313,0.028207339459301956,-0.27329342082816804,-0.7554745897101331,False
53,0.1930871037885732,-0.0004349346107443777,0.022631406660718445,0.30524594317912856,1.7239995,1.0,0.2593250719297862,-0.0015279626922444288,-0.0029908915223179067,0.007194993408566965,False
53,0.26406935065802395,-0.02556954256978711,-0.6941015697979254,-0.03562264087569392,-0.36417633,1.0,0.1939832783958755,-0.0015279626922444288,0.022172641909317305,0.007194993408566965,False
53,0.2770756955338235,0.004556105785246436,0.022631406660718445,0.00654024030211928,0.36357972,1.0,0.1939832783958755,-0.0015279626922444288,0.12747530137421062,0.007194993408566965,False
54,0.1930871037885732,-0.0018017156339562726,-0.2968106707535325,0.00654024030211928,1.1527731,1.0,0.1939832783958755,-0.027456759922214486,0.06524376806848704,0.1065057075275956,False
54,0.1930871037885732,-0.0018017156339562726,0.022631406660718445,-0.21379950996299543,0.17857063,1.0,0.21753083276634402,-0.0015279626922444288,0.022138604704280168,0.007194993408566965,False
54,0.1930871037885732,0.02132707988652899,0.03189357982074272,0.42021938999007313,-1.8080115,1.0,0.1399499180843937,-0.0015279626922444288,-0.12445214264705892,-0.137522624425358,False
54,0.1930871037885732,-0.0018017156339562726,0.03835190313431938,-0.9555036876979949,-0.58982253,1.0,0.19372730063738205,0.048331197100669195,-0.43980042899716126,0.007194993408566965,False
54,0.1930871037885732,0.007671550305820343,0.0984157544718603,-0.37334284844939547,-1.1947311,1.0,0.15600931814119443,-0.0015279626922444288,0.09015610568351316,0.007194993408566965,False
54,0.1930871037885732,-0.0018017156339562726,0.022631406660718445,0.00654024030211928,1.3957204,1.0,0.3742363890829087,0.024515682467403068,-0.12867548187627226,0.007194993408566965,False
54,0.1930871037885732,-0.0018017156339562726,0.022631406660718445,-0.6627816902894055,0.68735087,1.0,0.4411729593679091,-0.0015279626922444288,0.022172641909317305,-0.3848139072251874,False
54,0.1930871037885732,0.0022092077349363456,0.12183529158038461,0.14940479496941436,0.9171614,1.0,0.3224351735488867,0.08531516990151264,0.022172641909317305,0.007194993408566965,False
54,0.17040459224246185,-0.0018017156339562726,0.022631406660718445,0.00654024030211928,-0.05255785,1.0,0.1939832783958755,-0.06145346309272923,0.022172641909317305,0.007194993408566965,False
54,0.1476933938673522,-0.0018017156339562726,0.022631406660718445,-0.35893801959274463,-1.9259083,1.0,0.1939832783958755,0.0340965509890046,0.022172641909317305,-1.093488711038402,False
55,0.1930871037885732,-0.0018017156339562726,-0.06039199173691938,0.00654024030211928,0.93771124,1.0,0.1939832783958755,0.05383778829108787,-0.1300937974961888,0.007194993408566965,False
55,0.10438946695111474,0.05464698337914744,0.022631406660718445,0.24539951021051398,-1.0182428,1.0,0.14011129321594867,-0.013977223622197298,-0.19533615022101358,0.007194993408566965,False
55,0.3044768888853574,-0.02898881285596317,0.022631406660718445,-0.10617857513239944,-0.442133,1.0,0.1939832783958755,0.0012978264341044596,0.022172641909317305,0.007194993408566965,False
55,0.2070673445595291,-0.0018017156339562726,-0.21929688078571385,0.00654024030211928,-0.48138976,1.0,0.1939832783958755,-0.0015279626922444288,0.022172641909317305,0.007194993408566965,False
55,0.2872889014014571,-0.0018017156339562726,0.022631406660718445,0.20518656066846785,-0.28995073,1.0,0.1939832783958755,-0.0015279626922444288,0.022172641909317305,0.007194993408566965,False
55,0.1930871037885732,-0.01729785148435955,-0.370603004267556,-0.6948857359119309,1.4927282,1.0,0.29689618612147906,-0.0015279626922444288,0.060539263373245306,0.007194993408566965,False
55,0.1930871037885732,-0.0018017156339562726,-0.08268561448788357,0.00654024030211928,-0.983001,1.0,0.19604199390360796,-0.0015279626922444288,-0.22572168405941576,0.007194993408566965,False
56,0.27613969182869397,-0.0018017156339562726,0.6253225312712996,0.43294246384397583,-1.3779043,1.0,0.21765699116715004,0.02708219495219946,0.022172641909317305,1.1452679445688605,False
56,0.1930871037885732,-0.015092181252769447,0.022631406660718445,0.00654024030211928,1.3020191,1.0,0.30597295406807706,-0.030644978061828476,0.022172641909317305,-0.7037895487554267,False
56,0.07146133895565188,-0.0018017156339562726,0.022631406660718445,0.05096194248341755,0.61432385,1.0,0.11875031764869938,0.012228903142418375,0.2842735689225749,-0.33112913377458897,False
56,0.1930871037885732,-0.0018017156339562726,-0.04176863004927349,0.00654024030211928,1.7138453,1.0,0.1939832783958755,-0.0015279626922444288,0.022172641909317305,0.007194993408566965,False
56,0.19717467153875654,-0.0018017156339562726,-0.08312290074733641,0.00654024030211928,0.39008108,1.0,0.17073579880870632,-0.0015279626922444288,0.11254573307670426,-0.11375559078057439,False
56,0.1930871037885732,0.013161885740287576,0.022631406660718445,0.00654024030211928,0.9203001,1.0,0.1939832783958755,-0.0015279626922444288,-0.1574494946740378,-0.14930383876965977,False
56,0.1930871037885732,-0.0018017156339562726,-0.27460889426456403,0.00654024030211928,-0.053973347,1.0,0.1939832783958755,-0.0015279626922444288,0.06254411460548122,0.007194993408566965,False
56,0.24589251310031113,0.005767305908808479,0.022631406660718445,0.00654024030211928,-1.7459164,1.0,0.19454722558948792,0.06196246062015965,-0.2547815893870087,0.04178018311269277,False
56,0.1930871037885732,-0.0037014328139226846,0.022631406660718445,-0.42086486565425013,-1.1419154,1.0,0.1939832783958755,-0.0015279626922444288,0.022172641909317305,-0.35570888178233945,False
56,0.26607735234238733,0.01366441059859995,-0.1768226440449828,-0.30942334195628257,1.919516,1.0,0.1939832783958755,0.06603118654016986,-0.274599076359237,-0.8267274535587508,False
57,0.1930871037885732,-0.0018017156339562726,-0.2576982095320964,0.30063319528787297,0.5964579,1.0,0.1939832783958755,-0.030355094321265295,0.022172641909317305,-0.48815265004324676,False
57,0.1930871037885732,0.04706848852786771,0.022631406660718445,0.38375528813969684,-0.42031893,1.0,0.32638303984941947,-0.0015279626922444288,0.022172641909317305,-0.47364275994200283,False
57,0.1963241671810528,-0.0018017156339562726,0.022631406660718445,0.00654024030211928,-0.6941105,1.0,0.18670486798919164,-0.022950937002267156,0.058927569226949306,0.007194993408566965,False
57,0.2598670489523132,-0.0018017156339562726,-0.07048349520397242,0.00654024030211928,1.1971905,1.0,0.1939832783958755,-0.01199535280469372,0.08723680795795327,0.007194993408566965,False
57,0.23703608163465706,-0.0018017156339562726,-0.028755871688202747,-0.5062418508904154,-0.70313543,1.0,0.34165815029739655,-0.0015279626922444288,-0.12447174503440167,0.007194993408566965,False
58,0.1930871037885732,0.03978725500203685,-0.17618670449571047,0.00654024030211928,-0.13846552,1.0,0.1939832783958755,-0.0015279626922444288,0.1684857192496491,0.007194993408566965,False
58,0.16183430378435465,-0.0018017156339562726,0.022631406660718445,0.00654024030211928,-0.53252244,1.0,0.14470045488952687,-0.016397065151589892,0.022172641909317305,0.007194993408566965,False
58,0.1930871037885732,-0.0018017156339562726,-0.04214756640377176,0.00654024030211928,-0.7864211,1.0,0.1939832783958755,-0.016531488420711418,0.022172641909317305,-0.5287870396470655,False
58,0.1930871037885732,0.048404919986671034,0.022631406660718445,0.00654024030211928,-1.1887985,1.0,0.1939832783958755,-0.003180565925787749,0.022172641909317305,0.007194993408566965,False
58,0.1930871037885732,-0.0018017156339562726,0.3986706253929741,0.00654024030211928,1.0578568,1.0,0.182281710921229,-0.0015279626922444288,-0.25056912411893323,-0.09385266527975698,False
58,0.1829826769259364,-0.0018017156339562726,0.1015424864380307,0.00654024030211928,1.2138052,1.0,0.1939832783958755,-0.0015279626922444288,0.02449345180821068,0.007194993408566965,False
58,0.2436691941469551,-0.0018017156339562726,-0.6601873618745611,0.00654024030211928,0.5772719,1.0,0.1939832783958755,0.024224530731083604,-0.1001434464092274,0.2164544598272638,False
58,0.11223442716549202,-0.01998287256781386,0.022631406660718445,0.267035968381493,0.58965135,1.0,0.1939832783958755,-0.0015279626922444288,0.022172641909317305,0.7617991829190637,False
59,0.1930871037885732,0.03248821849442925,0.022631406660718445,-0.12882131782106723,0.308958,1.0,0.1939832783958755,-0.0015279626922444288,0.18614458352574753,-0.4089728160061904,False
59,0.23043444638009952,-0.0018017156339562726,0.24309698723202544,0.00654024030211928,0.28351325,1.0,0.1280648879587123,-0.0015279626922444288,0.022172641909317305,-0.7782154865039692,False
59,0.1930871037885732,-0.0018017156339562726,0.022631406660718445,0.09129307460959846,0.14709508,1.0,0.1939832783958755,-0.0015279626922444288,-0.007058825755358669,0.03968488185752665,False
59,0.1930871037885732,-0.03402619471482021,0.13318005587173326,-0.3787329319149829,-0.99191314,1.0,0.1939832783958755,-0.0015279626922444288,-0.37460249859788186,-0.23275836490566568,False
59,0.1930871037885732,-0.0018017156339562726,0.012688246287865163,0.00654024030211928,-0.3328827,1.0,0.1939832783958755,-0.08658399149847133,0.022172641909317305,0.35125876051790955,False
59,0.1930871037885732,-0.0018017156339562726,0.02424410067438782,-0.018297349449889647,-2.036398,1.0,0.1939832783958755,-0.021534196698347906,0.022172641909317305,0.427313239062433,False
60,-0.009784700322734652,-0.007384183136625642,0.20889072337028392,0.00654024030211928,-0.55604637,1.0,0.26086553560747533,-0.029626007240707037,0.022172641909317305,0.36710574878509067,False
60,0.1930871037885732,-0.0018017156339562726,0.022631406660718445,0.00654024030211928,0.108622015,1.0,0.1939832783958755,-0.008042086543718577,-0.17017951907278228,0.007194993408566965,False
60,0.1930871037885732,-0.0018017156339562726,0.022631406660718445,-0.12438257220679569,0.42400002,1.0,0.1939832783958755,-0.0015279626922444288,0.15597613881284278,-0.04219688870303917,False
60,0.19216665930034285,0.035412230525671565,0.1471673310875363,0.035287760130959314,1.4423013,1.0,0.1939832783958755,-0.05001587938847324,0.022172641909317305,0.13759080118746927,False
60,0.31684317582829385,-0.0018017156339562726,0.18279352531954188,0.00654024030211928,-0.30182195,1.0,0.3850231816165594,-0.03985501808071427,-0.12775987484359813,-0.26273933797100885,False
60,0.27382155173996625,-0.0018017156339562726,0.022631406660718445,0.00654024030211928,-1.4937737,1.0,0.1939832783958755,-0.0015279626922444288,0.022172641909317305,0.007194993408566965,False
60,0.3461155291548189,-0.03452565546905784,0.022631406660718445,0.00654024030211928,1.2306538,1.0,0.1939832783958755,0.0031403955391029023,0.000989107473870706,0.19661639641795858,False
60,0.1930871037885732,-0.0018017156339562726,0.022631406660718445,-0.20582138000946956,-0.82401,1.0,0.1969788734891418,0.023921804603749156,-0.2871960775921331,0.007194993408566965,False
60,0.1930871037885732,-0.03597981978865872,-0.09577601221986287,-0.019290880580805237,-0.01557149,1.0,0.34035488009216486,-0.0015279626922444288,0.1277617205353397,0.007194993408566965,False
60,0.2370940813259146,-0.03588869053006292,-0.012984846152121761,0.00654024030211928,-1.0805805,1.0,0.06535262808004391,-0.0015279626922444288,-0.11670623490748863,-0.5344714994774428,False
60,0.1930871037885732,-0.0018017156339562726,-0.05330443106370339,0.2555769648631747,1.4161549,1.0,0.036064638138792265,-0.0015279626922444288,0.0018913731802339406,0.007194993408566965,False
61,0.179343220157499,-0.0060233819633817645,0.022631406660718445,-0.3858718764184497,-1.8810207,1.0,0.1939832783958755,-0.0015279626922444288,-0.1336344275097093,0.2810742284582785,False
61,0.1930871037885732,-0.0018017156339562726,0.22900725314335646,0.04415959243788371,0.29655617,1.0,0.1939832783958755,-0.0015279626922444288,0.022172641909317305,1.2431709019724861,False
61,0.1930871037885732,0.0022821082597997474,0.022631406660718445,-0.23866283599551105,-0.7325232,1.0,0.2440945018553434,-0.007536712949974975,0.01050739285946643,0.10290582505018935,False
61,0.26409747634745306,-0.0026314300514407255,-0.03377767452350501,0.00654024030211928,0.84470004,1.0,0.29118699617073207,-0.0015279626922444288,0.051481812072079566,-0.6546718381950638,False
61,0.1930871037885732,-0.0018017156339562726,0.022631406660718445,0.5028304473436735,-0.37337983,1.0,0.1343166644471722,0.0013445064927520398,0.022172641909317305,-0.5333526101996175,False
61,0.1930871037885732,0.008071891419758916,0.21000486269076019,-0.4221183516688428,0.8159833,1.0,0.1939832783958755,0.08362711125357337,-0.04923623177627916,0.3022761065179036,False
61,0.2516394068208258,0.011217190977469822,-0.0043891833780449994,0.00654024030211928,-0.2888666,1.0,0.3318304371330298,-0.023254039074624387,0.022172641909317305,0.007194993408566965,False
61,0.2870699653548343,0.014857036146840995,0.31905857342663396,0.00654024030211928,-0.3555571,1.0,0.1939832783958755,0.01431014657775568,0.022172641909317305,0.007194993408566965,False
61,0.1930871037885732,-0.0018017156339562726,0.022631406660718445,0.00654024030211928,-0.5985227,1.0,0.1939832783958755,0.046328701703431466,0.19268920625630964,0.07104040257500481,False
61,0.1930871037885732,-0.016987314557930157,0.022631406660718445,-0.5438384030847238,1.3507217,1.0,0.1939832783958755,0.01172996515110309,0.022172641909317305,-0.6141987666549835,False
62,0.1930871037885732,-0.02628889307407274,-0.13592738092632997,-0.22860648901569455,0.51300824,1.0,0.35948570119427137,-0.066812610479091,0.11281818675590559,0.007194993408566965,False
62,0.1930871037885732,-0.0018017156339562726,0.18418025601895324,0.4593575089356268,-1.2739881,1.0,0.1939832783958755,0.05788037882749339,0.2284135526880433,0.007194993408566965,False
62,0.1930871037885732,-0.0018017156339562726,0.003276425343968374,0.00654024030211928,0.28837872,1.0,0.1939832783958755,-0.0015279626922444288,0.2649421041272688,0.007194993408566965,False
62,0.38203606559921566,-0.0018017156339562726,0.022631406660718445,0.0924420944560355,-0.8132131,1.0,0.1939832783958755,-0.0015279626922444288,0.2734025920287191,0.04137023613111093,False
62,0.1930871037885732,-0.0018017156339562726,0.022631406660718445,0.00654024030211928,1.0376612,1.0,0.3156355968938911,-0.0015279626922444288,0.19803006686025904,0.007194993408566965,False
63,0.1930871037885732,-0.025652916592759787,-0.0804926074573945,0.00654024030211928,-0.41721082,1.0,0.22356347130201776,0.020799299558256688,0.10491752743307414,0.007194993408566965,False
63,0.30721492933201144,0.012094744358449167,0.0975840263567843,0.00654024030211928,1.1216943,1.0,0.1939832783958755,-0.0015279626922444288,0.022172641909317305,0.5343408222432275,False
63,0.23494839431418718,-0.0018017156339562726,0.022631406660718445,-0.20355948541277133,0.394203,1.0,0.3174956065460268,-0.0015279626922444288,-0.153654823572014,-0.1647022339690284,False
63,0.2965621870388045,-0.0018017156339562726,0.3831981196632111,0.00654024030211928,-1.889875,1.0,0.36096331210288224,-0.023814109394400325,0.010333389976397017,-0.9399736078666956,False
63,0.1930871037885732,-0.03343148080304395,-0.32495037325420895,0.07291159665272215,-0.33102974,1.0,0.1939832783958755,-0.0015279626922444288,0.022172641909317305,0.007194993408566965,False
64,0.2576732070040836,-0.04622074990964642,0.022631406660718445,0.00654024030211928,1.3120211,1.0,0.1939832783958755,-0.03995389031179294,0.022172641909317305,-0.30692665601292374,False
64,0.1930871037885732,-0.0018017156339562726,0.022631406660718445,0.00654024030211928,-0.3917646,1.0,0.1939832783958755,0.0011073637781549468,0.022172641909317305,0.3069868888067563,False
64,0.26393249367954785,-0.0018017156339562726,0.1292413473087015,0.00654024030211928,0.32008645,1.0,0.1939832783958755,-0.018669381662321367,0.022172641909317305,0.27118117616878684,False
64,0.1930871037885732,-0.0018017156339562726,0.022631406660718445,0.00654024030211928,-0.8822377,1.0,0.1939832783958755,0.009089952794526898,0.022172641909317305,-0.2841157285434034,False
64,0.1930871037885732,-0.0018017156339562726,0.022631406660718445,0.00654024030211928,0.61680174,1.0,0.1939832783958755,-0.04324302152689498,0.022172641909317305,0.007194993408566965,False
64,0.18178679116337232,-0.0018017156339562726,0.042334453161322214,-0.08590451527900721,-2.2803714,1.0,0.4211630215014999,-0.0015279626922444288,-0.1486092665943028,-0.7842670978029678,False
65,0.1930871037885732,-0.0018017156339562726,0.2551570376050653,-0.5008498593669621,0.48122618,1.0,0.1939832783958755,-0.0015279626922444288,0.022172641909317305,0.007194993408566965,False
65,0.28233010721090634,-0.0018017156339562726,0.022631406660718445,-0.010117890140628739,-0.32503593,1.0,0.1939832783958755,-0.0015279626922444288,0.022172641909317305,0.007194993408566965,False
65,0.1930871037885732,-0.0018017156339562726,0.11456826980914298,0.0554482410398318,0.951897,1.0,0.2875143029161249,0.019039056846117352,0.022172641909317305,0.007194993408566965,False
65,0.1930871037885732,-0.0018017156339562726,0.022631406660718445,0.06508756937268309,1.0195683,1.0,0.1939832783958755,-0.0015279626922444288,0.13546267931806286,-0.2488603791235652,False
65,0.1930871037885732,-0.0036347931353180375,0.1693180678246841,0.2726846836906336,-1.0700011,1.0,0.11569674471958259,0.035288723742851864,0.026074869530872062,0.007194993408566965,False
65,0.1930871037885732,-0.0018017156339562726,0.11701287645481084,-0.15558106436651284,-0.7001064,1.0,0.17876942237821347,-0.0015279626922444288,-0.10514512719755797,0.007194993408566965,False
65,0.1930871037885732,-0.0018017156339562726,0.0721098206646012,0.00654024030211928,-1.1765279,1.0,0.19546641879549334,-0.0015279626922444288,0.022172641909317305,0.007194993408566965,False
65,0.24225190446884645,-0.0018017156339562726,-0.6068935732152767,-0.01921813812473767,1.6514082,1.0,0.3040956975795728,-0.0015279626922444288,0.022172641909317305,0.007194993408566965,False
66,0.2821265166137278,-0.0018017156339562726,-0.24707602688444874,0.148246432839653,-0.20529902,1.0,0.1939832783958755,0.01224185818170518,0.022172641909317305,0.007194993408566965,False
66,0.1930871037885732,-0.0018017156339562726,0.56886293561572,0.00654024030211928,1.4289963,1.0,0.1939832783958755,-0.04532717165911574,0.022172641909317305,-0.5120477790390708,False
66,0.1930871037885732,-0.016393787511605674,-0.2841143500990759,0.00654024030211928,-1.4552952,1.0,0.3758862400210957,0.004963164982060913,-0.0052493303549916714,0.5589463039763983,False
66,0.23677768258894116,-0.0018017156339562726,0.022631406660718445,0.00654024030211928,0.004976768,1.0,0.22553234494898497,-0.0015279626922444288,0.022172641909317305,0.007194993408566965,False
66,0.1930871037885732,-0.014919760880768674,0.022631406660718445,0.49552899391178257,0.60905457,1.0,0.1939832783958755,0.029337710519160197,0.022172641909317305,0.007194993408566965,False
67,0.1930871037885732,0.02504124300727441,-0.21326983218849394,0.00654024030211928,0.35386586,1.0,0.1939832783958755,0.04697359805749412,-0.027799529094949784,0.007194993408566965,False
67,0.1930871037885732,-0.0018017156339562726,0.022631406660718445,-0.7684801758176938,-0.042711973,1.0,0.2745367892179604,0.08141958303840563,0.022172641909317305,0.16426571850589552,False
67,0.1930871037885732,0.029973124841524562,-0.1399025770268269,0.00654024030211928,-1.3325136,1.0,0.1638280222305797,0.05307535082627864,-0.10961384735609031,0.007194993408566965,False
67,0.07762155968485333,-0.0018017156339562726,0.18152726866745278,0.00654024030211928,-0.6872155,1.0,0.22550377654637718,0.02619380411554156,0.022172641909317305,0.007194993408566965,False
67,0.2602758944789981,-0.042210879130588796,0.37419512377543984,0.00654024030211928,0.76848143,1.0,0.1939832783958755,-0.0015279626922444288,-0.04590298234268406,0.007194993408566965,False
68,0.1930871037885732,0.015417544491496404,-0.6616115333982069,0.16394122581717166,-0.7740541,1.0,0.1939832783958755,-0.0015279626922444288,0.022172641909317305,0.3043751886651886,False
68,0.1930871037885732,-0.0018017156339562726,0.022631406660718445,-0.2473332129428791,0.7804626,1.0,0.15541774632595823,0.07355021274745298,0.1495526997962713,-0.45549964635559437,False
68,0.1528354745641378,-0.0018017156339562726,0.1132674321931273,0.00654024030211928,-0.11101079,1.0,0.17441636768729066,0.003054553667306894,0.022172641909317305,0.9519557624292202,False
68,0.1930871037885732,-0.012240605349257357,0.022631406660718445,0.00654024030211928,0.37921864,1.0,0.1939832783958755,0.07164301613870803,0.022172641909317305,-0.5836087560216114,False
68,0.23374867409790007,-0.0018017156339562726,0.022631406660718445,0.5188174521831299,0.04248053,1.0,0.1939832783958755,-0.0015279626922444288,0.05069503222159501,0.007194993408566965,False
68,0.07586778094628245,-0.0018017156339562726,0.022631406660718445,0.1558512764724882,-0.06270659,1.0,0.1939832783958755,-0.0015279626922444288,0.022172641909317305,-0.27899018557397753,False
69,0.27527918620791963,-0.0018017156339562726,0.022631406660718445,0.35420638400719684,1.5399771,1.0,0.3615953104721218,-0.0015279626922444288,0.022172641909317305,-0.3637678692580479,False
69,0.32232628050940726,0.01840635073036633,0.022631406660718445,-0.11718718699164589,-0.29262853,1.0,0.1939832783958755,-0.0015279626922444288,0.022172641909317305,0.007194993408566965,False
69,0.05209352656092475,-0.0018017156339562726,0.022631406660718445,0.2967218926694167,0.28574884,1.0,0.1939832783958755,0.02274089448162969,-0.20996612382241567,0.007194993408566965,False
69,0.1930871037885732,-0.024150871553222205,0.22819489717727057,-0.33879756879132716,-1.0682204,1.0,0.24391022100708448,0.03996188804489114,0.022172641909317305,0.007194993408566965,False
69,0.1930871037885732,-0.0018017156339562726,-0.036222650810981374,0.7336831644365595,2.198669,1.0,0.1939832783958755,-0.0015279626922444288,0.022172641909317305,0.007194993408566965,False
69,0.04334330698217015,-0.0018017156339562726,-0.23911935077271046,0.00654024030211928,-0.5854306,1.0,0.1939832783958755,-0.009818183787506835,0.25330240157176837,0.6343491041334728,False
69,0.1930871037885732,-0.007004558130345044,0.1730443977139019,-0.714112190994511,0.017248929,1.0,0.2295598332561198,-0.0015279626922444288,0.06024098769350329,0.007194993408566965,False
70,0.1930871037885732,-0.0018017156339562726,0.11844054984822132,0.8954319658082477,1.0462879,1.0,0.1939832783958755,0.019899868775076122,-0.23202132571035092,0.007194993408566965,False
70,0.1930871037885732,-0.05045734605015094,0.08573145203988784,0.14331692034184626,-0.19884217,1.0,0.13019032079031825,-0.0015279626922444288,0.022172641909317305,0.662431769067682,False
70,0.1930871037885732,-0.0018017156339562726,0.20653659142095387,-0.14644917142270414,1.045589,1.0,0.1939832783958755,-0.05757948455399787,0.022172641909317305,0.45502187321528464,False
70,0.11994099585644877,-0.005768052948046004,0.022631406660718445,-0.21264146284278737,-1.4484787,1.0,0.3792290970440761,-0.0015279626922444288,0.22086142576265244,0.007194993408566965,False
70,0.1930871037885732,-0.004737175807784821,0.022631406660718445,0.00654024030211928,0.78384626,1.0,0.1939832783958755,-0.0015279626922444288,0.14469870983078587,0.418309529036108,False
70,0.1930871037885732,-0.0018017156339562726,0.2506413765434646,0.00654024030211928,1.1880207,1.0,0.29652830942728836,-0.0015279626922444288,0.18180682877001417,-0.3012857651632087,False
70,0.2674136356069,0.059992300492483275,0.022631406660718445,0.00654024030211928,-1.3656003,1.0,0.2274492725861485,-0.0015279626922444288,-0.13330293261012338,0.26130060855796444,False
70,0.1673569287237009,-0.10440541125677025,-0.14785554699306425,-0.2406535523681608,-0.16066195,1.0,0.1939832783958755,0.04625926583664532,0.022172641909317305,0.007194993408566965,False
71,0.1930871037885732,-0.03455142328742049,0.03136836744794748,0.00654024030211928,0.31975508,1.0,0.1939832783958755,-0.0015279626922444288,0.022172641909317305,-0.4360831319433982,False
71,0.10743064491798374,-0.07215600800141887,-0.4131018124611361,0.00654024030211928,1.3807148,1.0,0.2708830933612243,-0.0029775870513968393,0.022172641909317305,-0.5294149498270188,False
71,0.1930871037885732,0.03710798091498096,0.17911160108442387,0.00654024030211928,0.90700245,1.0,0.1939832783958755,-0.02244811118925286,0.031595869735420945,0.18438053775853008,False
71,0.3318527049861686,-0.0018017156339562726,0.022631406660718445,-0.49780855913315314,-0.76331663,1.0,0.1939832783958755,-0.0015279626922444288,0.022172641909317305,0.007194993408566965,False
71,0.1930871037885732,-0.0018017156339562726,0.1537999016041556,0.00654024030211928,1.0258669,1.0,0.1939832783958755,-0.0015279626922444288,0.022172641909317305,0.007194993408566965,False
71,0.15717945446788884,0.041215931844562806,0.022631406660718445,0.3259680996219898,0.9793059,1.0,0.1939832783958755,-0.0015279626922444288,-0.0558117063239352,-0.06332590155534329,False
71,0.1930871037885732,-0.014190405860528006,0.14388098195200694,0.00654024030211928,0.7013047,1.0,0.27739627054326704,-0.0015542369266240777,0.1920066920892471,-0.343522488657347,False
71,0.28514912735022446,-0.0018017156339562726,0.022631406660718445,0.17880695865170246,-2.2288034,1.0,0.13216300571412198,-0.0015279626922444288,0.022172641909317305,-0.6815182651516525,False
71,0.3119687205332706,-0.0018017156339562726,0.10428905639528517,0.00654024030211928,-0.19145149,1.0,0.1939832783958755,0.021071685481348367,0.004807652528240301,-0.05240215350527336,False
72,0.18825634198874913,-0.0018017156339562726,0.022631406660718445,0.00654024030211928,0.29633355,1.0,0.10322016561207588,-0.0004342145067178637,-0.14793268190560063,0.007194993408566965,False
72,0.2191425928384729,-0.030375794826966687,0.022631406660718445,-0.517817065933092,0.4125274,1.0,0.1939832783958755,0.005566977880646145,0.42970268587049487,0.39278112744189175,False
72,0.1930871037885732,-0.005947883369084315,0.022631406660718445,0.00654024030211928,-0.8132131,1.0,0.1939832783958755,-0.052830311241882144,0.0368482715188513,0.007194993408566965,False
72,0.1930871037885732,0.053166854740281294,0.022631406660718445,-0.23065901926297971,0.34353653,1.0,0.1939832783958755,0.02288356234299299,0.07900581915110179,0.43941238503066077,False
72,0.20266138163703415,-0.0018017156339562726,0.022631406660718445,0.1285384541538596,-0.9115879,1.0,0.21635407678257162,-0.0015279626922444288,-0.07429226659344551,0.007194993408566965,False
72,0.34116615600138966,-0.0018017156339562726,0.5964671633197074,0.00654024030211928,-0.7758609,1.0,0.1939832783958755,-0.0015279626922444288,0.022172641909317305,-0.087103204121321,False
72,0.1834148479175041,0.007654551012735294,-0.5093993011147446,-0.29142045598100225,-1.44013,1.0,0.17116774985945857,0.08845731578209776,0.022172641909317305,0.007194993408566965,False
73,0.1930871037885732,0.009808064664747838,0.009378310600358063,0.5146610541316404,-0.39533472,1.0,0.1939832783958755,0.015966189642761804,0.02116491340856372,0.007194993408566965,False
73,0.1930871037885732,0.04987381401393178,0.022631406660718445,0.5018989550942171,-1.3396206,1.0,0.1939832783958755,-0.0015279626922444288,0.022172641909317305,0.007194993408566965,False
73,0.1930871037885732,-0.0018017156339562726,0.06613359781604972,0.009181932916989079,1.3785539,1.0,0.1939832783958755,-0.0015279626922444288,0.21581594680439334,0.007194993408566965,False
73,0.12063584696874521,-0.0018017156339562726,0.022631406660718445,0.00654024030211928,-1.213395,1.0,0.1939832783958755,-0.022947214229602535,0.022172641909317305,0.007194993408566965,False
73,0.1930871037885732,0.03761753657558882,0.022631406660718445,0.12918514176601795,1.1078389,1.0,0.1939832783958755,-0.0015279626922444288,0.022172641909317305,0.007194993408566965,False
73,0.1930871037885732,-0.0018017156339562726,0.022631406660718445,0.00654024030211928,0.9967424,1.0,0.1939832783958755,0.0457330056805733,-0.06239556796269312,0.6293329567959436,False
73,0.1930871037885732,-0.0017334967021599378,0.022631406660718445,0.2733807828012993,1.2375606,1.0,0.1939832783958755,-0.0015279626922444288,-0.18472995184275773,-0.04242967063261534,False
74,0.1930871037885732,-0.0018017156339562726,-0.13174493250025798,-0.5382771344275864,0.102402925,1.0,0.1939832783958755,-0.0015279626922444288,0.5358349651794051,-0.0276124499647703,False
74,0.1930871037885732,-0.0031300080253733615,-0.09648054950685958,-0.4893079093331168,1.9202183,1.0,0.1939832783958755,-0.03744599119281326,0.022172641909317305,-1.0423321760145354,False
74,0.1930871037885732,-0.021948714757770826,0.022631406660718445,0.00654024030211928,-2.155389,1.0,0.1939832783958755,-0.0015279626922444288,0.23449844579704437,-0.13889065219974775,False
74,0.1930871037885732,0.004119746055858903,0.20819756716002252,0.00654024030211928,-0.31807828,1.0,0.1939832783958755,-0.0015279626922444288,0.022172641909317305,-0.5517009384167475,False
74,0.25906531411254463,-0.0149889108584042,-0.2943285843739662,0.00654024030211928,-0.11555724,1.0,0.1939832783958755,-0.0015279626922444288,0.022172641909317305,0.007194993408566965,False
74,0.17063597642605915,0.007772071652558035,0.12411895812811577,0.00654024030211928,-0.5769392,1.0,0.1952919791473335,-0.0015279626922444288,0.1012038697796356,0.007194993408566965,False
74,0.1930871037885732,-0.0488238890669819,0.022631406660718445,-0.5542305502483853,0.8026017,1.0,0.21684084895011707,0.026734879387319728,0.022172641909317305,0.007194993408566965,False
74,0.2307402712626052,-0.0018017156339562726,0.03846714991146157,0.2526425518709455,-1.6146165,1.0,-0.033224565027433206,-0.006691857725876894,0.09842459258953525,-0.3764772357449074,False
75,0.1930871037885732,0.01937656869699389,-0.048751047082803894,-0.2069852413060047,0.6580322,1.0,0.1939832783958755,-0.0015279626922444288,0.022172641909317305,0.007194993408566965,False
75,0.1930871037885732,-0.0018017156339562726,0.022631406660718445,0.3744958073265184,-0.13400126,1.0,0.1939832783958755,0.006274245085883881,0.022172641909317305,0.23440735495674594,False
75,0.1930871037885732,-0.0018017156339562726,0.022631406660718445,-0.2649678797511408,0.9404938,1.0,0.22482753273516096,-0.0015279626922444288,0.10689127328499674,0.007194993408566965,False
75,0.22369029312678587,-0.06981015402590467,0.022631406660718445,0.00654024030211928,-0.18385893,1.0,0.0391274966550095,-0.0015279626922444288,-0.2518159139733849,-0.3464020088153831,False
75,0.1930871037885732,-0.0018017156339562726,0.022631406660718445,-0.37075069783699083,0.4275891,1.0,0.1939832783958755,-0.004181854231708725,0.022172641909317305,-0.17474411964358927,False
75,0.1930871037885732,-0.0018017156339562726,-0.5251053815578142,0.5284343878368762,-1.4431565,1.0,0.1939832783958755,-0.04191964003035792,0.022172641909317305,-0.556129068308497,False
76,0.12911098982302233,-0.0018017156339562726,0.022631406660718445,-0.37810550488694217,-1.799736,1.0,0.1356655025294287,-0.0015279626922444288,-0.11024705322941902,-0.3507871521021518,False
76,0.1982857116624066,0.015655598784981954,0.022631406660718445,0.028717995139055097,-1.5501862,1.0,0.3528625963610059,0.03221354323318889,-0.25736104900782253,0.2364613211879651,False
76,0.21709847972332785,-0.022590243044585605,0.022631406660718445,0.00654024030211928,2.3486116,1.0,0.16509725352850813,0.04202270338744,0.022172641909317305,0.007194993408566965,False
76,0.04696069512384149,-0.0018017156339562726,0.022631406660718445,0.12891601560420257,0.5011222,1.0,0.18977511121105167,-0.0015279626922444288,0.3787670624045469,0.5508330463668825,False
76,0.1930871037885732,-0.0018017156339562726,0.14134945111684605,0.00654024030211928,-0.7143184,1.0,0.1939832783958755,-0.04223576394756349,0.14134450729808334,0.5646726948558339,False
76,0.1930871037885732,0.032539130568290255,0.022631406660718445,-0.6329814985360812,-1.260147,1.0,0.1939832783958755,-0.0015279626922444288,0.06842078842544666,0.007194993408566965,False
76,0.1930871037885732,-0.0018017156339562726,0.022631406660718445,0.00654024030211928,2.2901313,1.0,0.1939832783958755,0.04559724630022098,0.022172641909317305,-0.2497670288640124,False
76,0.21149442465275176,0.01706991927156301,0.022631406660718445,0.09469918290697728,-1.6303931,1.0,0.1939832783958755,0.03195243304095472,0.022172641909317305,-0.034445245443361805,False
76,0.1930871037885732,-0.0018017156339562726,-0.24013148840887338,0.5956655987643728,-1.8365566,1.0,0.1818086483141464,-0.0015279626922444288,0.022172641909317305,-0.5547738436994772,False
77,0.1930871037885732,-0.007310528048296207,0.022631406660718445,0.00654024030211928,-1.0341964,1.0,0.09369656303638553,-0.0015279626922444288,-0.07157966677760508,0.007194993408566965,False
77,0.10497013570426307,0.025542440829491135,0.31480778990306996,0.2596627647736275,-0.13603783,1.0,0.26905866577441195,-0.03786006778219161,0.16077435462250073,0.007194993408566965,False
77,0.1930871037885732,0.010164623412575208,0.022631406660718445,0.2508841865448286,0.4681115,1.0,0.2119308074503387,-0.0015279626922444288,-0.08633454952183606,0.007194993408566965,False
77,0.1930871037885732,0.004352039597882848,0.022631406660718445,0.5575387504877233,-0.4745113,1.0,0.1939832783958755,-0.019893056513217003,0.022172641909317305,-1.4590524051615488,False
77,0.05903615907887824,-0.0018017156339562726,0.022631406660718445,0.12550770223995045,1.040276,1.0,0.1939832783958755,-0.09693390206608371,0.022172641909317305,0.007194993408566965,False
78,0.1930871037885732,-0.0018017156339562726,0.13488377387676348,0.00654024030211928,0.40921652,1.0,0.13807866678295683,-0.009672754629599897,0.022172641909317305,0.007194993408566965,False
78,0.1930871037885732,-0.0018017156339562726,0.022631406660718445,0.00654024030211928,1.0347117,1.0,0.1939832783958755,0.006528032209651629,-0.04949430061899761,0.007194993408566965,False
78,0.1930871037885732,-0.0018017156339562726,0.1541895527073923,0.29314399616220005,-0.26429093,1.0,0.1939832783958755,-0.0015279626922444288,0.14417975369264144,0.007194993408566965,False
78,0.27410169398967077,0.03179838242571609,-0.35901780743461154,0.00654024030211928,-0.98233247,1.0,0.27228175394607057,0.02556059742483537,0.022172641909317305,0.2841203626589055,False
78,0.1930871037885732,0.02539977855418207,0.022631406660718445,0.00654024030211928,-1.5441388,1.0,0.18955373748678128,0.0009867555061859271,-0.21754432874967447,-0.8658945476333669,False
78,0.1930871037885732,-0.0018017156339562726,0.022631406660718445,0.00654024030211928,0.09198743,1.0,0.3349836398450521,-0.0015279626922444288,0.15695886207919496,0.007194993408566965,False
79,0.1930871037885732,-0.0023816332733919052,0.41069701890660865,0.1920522463428352,-2.4293368,1.0,0.1939832783958755,-0.0015279626922444288,0.3088519393966263,-0.4360748330899388,False
79,0.1930871037885732,0.017629640302601952,0.012526328584619127,-0.017310820531330835,0.85599816,1.0,0.1939832783958755,-0.0015279626922444288,0.022172641909317305,-0.10434462726019383,False
79,0.1930871037885732,-0.0018017156339562726,-0.07259462657387923,0.00654024030211928,-0.26644146,1.0,0.1578367178769926,0.0005817392573522766,0.022172641909317305,0.069356950122005,False
79,0.27774553585389145,-0.0038263076637764693,0.022631406660718445,0.00654024030211928,1.0705862,1.0,0.39136423293608047,0.060443040168153966,-0.14833606197787488,-0.902579338163119,False
79,0.2257350360924678,-0.0018017156339562726,0.1419868011414403,0.00654024030211928,0.13531852,1.0,0.33869629156873904,-0.07844990875461326,0.022172641909317305,0.23116554252717983,False
79,0.18330371174458895,-0.0057961470095940874,-0.344241473414074,0.00654024030211928,-0.9460833,1.0,0.1871798352833004,-0.0015279626922444288,0.09095331819760963,0.3915509316119654,False
80,0.1930871037885732,-0.06592166840442118,0.022631406660718445,0.06759436589654597,-0.24921775,1.0,0.1939832783958755,-0.0015279626922444288,-0.09547400170527781,0.007194993408566965,False
80,0.1930871037885732,-0.01328373366579345,-0.09765065065165922,0.00654024030211928,1.0269634,1.0,0.26914295150519085,0.022617775761451048,0.022172641909317305,0.007194993408566965,False
80,0.1930871037885732,0.01336309611453319,-0.2296642829531464,0.043912658699100104,0.1267207,1.0,0.2467518123549489,0.04681249448097182,0.022172641909317305,0.007194993408566965,False
80,0.1930871037885732,0.009322178192862716,-0.43553903132728566,0.00654024030211928,0.0042945594,1.0,0.4329778198608131,-0.03322944945346229,-0.06682392280718978,0.2134398649096308,False
80,0.1930871037885732,0.00406897873766282,0.43029713961837784,0.146224908532688,2.3382611,1.0,0.1939832783958755,-0.011754979189752754,0.053468433571708274,0.007194993408566965,False
80,0.2180475537814168,-0.03464122157990259,0.022631406660718445,-0.9144309780819211,-0.6122041,1.0,0.1939832783958755,0.06042293038421757,-0.35671474475415427,0.007194993408566965,False
80,0.1930871037885732,0.026646283339913583,0.09855243925796835,0.17320950889729736,-0.6135142,1.0,0.1939832783958755,-0.0015279626922444288,0.022172641909317305,0.007194993408566965,False
80,0.1930871037885732,-0.0018017156339562726,-0.13338575303334746,0.00654024030211928,-0.9369519,1.0,0.1939832783958755,-0.0015279626922444288,-0.10605362470765853,0.02945887447145379,False
80,0.1930871037885732,0.04225681546578805,-0.08388531615961106,-0.6966970228430065,-1.0967109,1.0,0.1939832783958755,-0.0015279626922444288,0.022172641909317305,-0.05141959928441803,False
81,0.1930871037885732,-0.0018017156339562726,-0.030053222025577732,0.00654024030211928,-1.114847,1.0,0.1939832783958755,-0.0015279626922444288,0.22658698078009562,0.007194993408566965,False
81,0.184529769256508,-0.0018017156339562726,0.012136901211950732,-0.7261078987895122,-0.83045435,1.0,0.16383623655015195,0.02251975497380377,0.022172641909317305,0.007194993408566965,False
81,0.1930871037885732,-0.000891907857943646,0.2855652513393245,0.06363410629336641,-0.38519132,1.0,0.1939832783958755,-0.016389805613902585,0.08208861639099072,0.007194993408566965,False
81,0.1930871037885732,-0.0018017156339562726,-0.3302086641639137,0.7944507753418272,1.109129,1.0,0.1939832783958755,-0.0015279626922444288,-0.11709442069146433,0.007194993408566965,False
81,0.1930871037885732,0.0001264576604712872,0.022631406660718445,-0.2555195192097883,0.9792232,1.0,0.21308572898493536,-0.001427552623337379,0.24518896369816864,-0.6351175555357444,False
82,0.1898047818177421,-0.0018017156339562726,0.022631406660718445,-0.07366616912548878,2.935458,1.0,0.30114266776979765,-0.0015279626922444288,0.1673921791040055,0.007194993408566965,False
82,0.17620337610402628,-0.0018017156339562726,0.022631406660718445,0.2954156650553243,1.4572648,1.0,0.1939832783958755,-0.0015279626922444288,0.3154717533741599,0.06320486991835063,False
82,0.15958598358196008,-0.0018017156339562726,-0.058157774508490814,0.00654024030211928,-0.04127732,1.0,0.14004696388629875,-0.037470696151453216,0.10099663548618287,-0.693062407095538,False
82,0.1930871037885732,-0.0018017156339562726,0.102373708727474,0.6186531959114754,0.046955466,1.0,0.1939832783958755,0.016768897762049716,0.022172641909317305,-0.3354575682293846,False
82,0.1930871037885732,-0.0018017156339562726,0.17410103827832474,0.00654024030211928,-2.470294,1.0,0.1939832783958755,-0.02309043225441381,-0.26830171677727604,0.007194993408566965,False
82,0.1119655458799319,0.008445566051206888,0.14794801458708354,0.35459217170701807,-0.4096446,1.0,0.1861433392343507,-0.0015279626922444288,-0.14537592594535093,0.007194993408566965,False
82,0.1930871037885732,-0.0018017156339562726,0.022631406660718445,-0.1089003386755881,0.81235725,1.0,0.28952658097443396,-0.015376551252988186,0.022172641909317305,0.06641067515149228,False
82,0.1930871037885732,0.060296986932038873,-0.3910823277482531,0.00654024030211928,0.13153327,1.0,0.1939832783958755,-0.002558464677252797,0.022172641909317305,0.33652913279239005,False
82,0.28800027368419995,0.07915541959691459,-0.02051232921453014,0.00654024030211928,-2.3660717,1.0,0.1939832783958755,-0.023464641642508645,0.022172641909317305,0.007194993408566965,False
82,0.18089737540295475,-0.02115697463096859,-0.1051297981838985,-0.12925447395743564,0.5285363,1.0,0.1939832783958755,-0.020641584012183294,-0.23469167799287352,0.007194993408566965,False
83,0.20419029705370254,-0.0018017156339562726,0.022631406660718445,-0.9483262940284765,1.2182901,1.0,0.1939832783958755,0.015935684389484648,-0.11334103163203851,-0.6934457558877974,False
83,0.11336979192601297,-0.0572534162274183,-0.07275302781623652,0.00654024030211928,0.6782181,1.0,0.3012089379393743,0.04301821628707022,0.2530774519864708,0.007194993408566965,False
83,0.1930871037885732,-0.0018017156339562726,-0.4240265177467911,0.00654024030211928,-0.2715004,1.0,0.1939832783958755,0.026338038632818615,0.03471324239266117,-1.1328933415940552,False
83,0.1930871037885732,0.08374817493341118,0.08027394851394286,0.00654024030211928,0.32702667,1.0,0.1939832783958755,-0.0015279626922444288,0.022172641909317305,-0.16291395844319265,False
83,0.16010755708564428,-0.0018017156339562726,0.022631406660718445,-0.5043194285889266,0.9239493,1.0,0.1939832783958755,-0.04191168361896984,0.022172641909317305,0.007194993408566965,False
83,0.32708732453503064,-0.020323703383396088,0.022631406660718445,0.00654024030211928,-1.3626418,1.0,0.1939832783958755,-0.0015279626922444288,0.08141084190564389,0.007194993408566965,False
84,0.298015752290562,-0.0018017156339562726,-0.1467343066588984,-0.13494117941870729,-0.46855122,1.0,0.3174398930234242,-0.006139296482209306,0.022172641909317305,-0.8994133255683306,False
84,0.23118596877161213,0.0349201896455166,-0.1488636963886618,-0.41333829739527983,0.4007861,1.0,-0.024465272826026646,-0.010541353991173435,0.04063968774685735,0.4654164783611131,False
84,0.1930871037885732,-0.0018017156339562726,0.022631406660718445,0.00654024030211928,1.769186,1.0,0.1939832783958755,0.0064880104386375,0.022172641909317305,-0.25567785084204075,False
84,0.1930871037885732,-0.0685456785776262,0.022631406660718445,-0.2925033328215139,0.47471997,1.0,0.11565260773630763,-0.0015279626922444288,0.20077917977968718,0.007194993408566965,False
84,0.1930871037885732,-0.0018017156339562726,0.022631406660718445,-0.09472309972107841,0.8068092,1.0,0.1939832783958755,-0.06286185008163007,0.022172641909317305,-0.4713953357891298,False
84,0.2809171806792441,-0.03991366305848936,0.022631406660718445,-0.40792380518944615,-0.40818343,1.0,0.1939832783958755,0.00866705394128641,-0.025486110929616907,-0.5025498140516662,False
84,0.1930871037885732,-0.0018017156339562726,0.022631406660718445,0.00654024030211928,-0.8231944,1.0,0.11240019385391298,0.017366218076992377,-0.1945694140553978,0.007194993408566965,False
84,0.24092732115521598,-0.0216962084779011,0.022631406660718445,0.00654024030211928,0.6193975,1.0,0.1939832783958755,0.011572478244294733,-0.04707171861151489,0.6021228362263417,False
85,0.030348337588794433,-0.0018017156339562726,0.022631406660718445,0.00654024030211928,-0.2560472,1.0,0.11768312207879099,-0.0015279626922444288,-0.2706814466006871,-0.00744001419306555,False
85,0.1930871037885732,-0.014295380572721918,0.022631406660718445,0.354961074894781,0.93848526,1.0,0.1939832783958755,0.029160405939008052,0.26303959978755465,0.10547032546270632,False
85,0.22249264569135652,0.007217560515450372,0.022631406660718445,0.00654024030211928,-0.82212496,1.0,0.1939832783958755,-0.007958029428346053,-0.18602131030922747,0.437488980147508,False
85,0.1930871037885732,-0.021683414959134978,0.022631406660718445,0.00654024030211928,1.5256448,1.0,0.16185274571463854,-0.0015279626922444288,0.022172641909317305,-0.049467075617196904,False
85,0.1930871037885732,0.030348006643517583,0.022631406660718445,-0.17915202320528242,1.0928122,1.0,0.28352626503467726,-0.005455496367853583,0.022172641909317305,-0.2170307818524047,False
85,0.17410786718507107,-0.005278664175073312,-0.29417059168308146,0.02948680520483301,-0.6103658,1.0,0.30625764103521225,-0.03888199638680239,0.022172641909317305,0.6401352249187285,False
85,0.1038745469594657,-0.0018017156339562726,0.022631406660718445,0.023129808915586008,-0.91937876,1.0,0.2722703296294822,-0.0015279626922444288,0.2975817369663211,0.007194993408566965,False
85,0.1930871037885732,-0.0018017156339562726,0.022631406660718445,0.00654024030211928,0.6393985,1.0,0.12993491386709738,-0.0015279626922444288,0.31254875460084053,0.20605375793602107,False
86,0.1930871037885732,0.040782657834349305,-0.030956889245778593,0.00654024030211928,0.8114648,1.0,0.24679308374515557,-0.0015279626922444288,0.01807289067322622,0.007194993408566965,False
86,0.1149061080864898,-0.0018017156339562726,-0.11381296636057511,-0.2618209163128734,0.6854079,1.0,0.2824579201830868,0.008410620793316502,-0.11348557241950472,0.10225197185355524,False
86,0.18882215581241685,-0.0018017156339562726,0.022631406660718445,0.00654024030211928,2.1807039,1.0,0.1939832783958755,-0.0015279626922444288,-0.016005911227190497,0.007194993408566965,False
86,0.056749213769468426,-0.0018017156339562726,-0.0477950804104086,0.00654024030211928,-0.40223348,1.0,0.1939832783958755,0.003938838581756046,-0.19120607349436683,0.007194993408566965,False
86,0.36836349918097827,-0.0018017156339562726,0.01491600208020702,-0.3966398029784096,-2.2625108,1.0,0.3257033500959412,-0.0015279626922444288,-0.20416654784978266,0.5517788972703818,False
87,0.1930871037885732,-0.0018017156339562726,0.030469055678266483,0.414917473198325,-2.5163503,1.0,0.3749493242826613,0.053854717606329795,0.12514153476052417,0.007194993408566965,False
87,0.1930871037885732,-0.0018017156339562726,0.022631406660718445,0.6188671143990022,-1.2828789,1.0,0.1939832783958755,-0.07467837064989456,-0.3109278199816076,0.007194993408566965,False
87,0.18248003043088573,-0.009926096542724968,0.07282157083057161,0.00654024030211928,-1.141947,1.0,0.1939832783958755,-0.0015279626922444288,-0.14618998090867175,0.007194993408566965,False
87,0.2677617559072768,-0.08381379347063134,0.022631406660718445,0.00654024030211928,1.1277391,1.0,0.1939832783958755,-0.010202789299898912,0.02504920265140276,-0.11961618285608486,False
87,0.1930871037885732,-0.0018017156339562726,0.022631406660718445,0.00654024030211928,-0.5034266,1.0,0.1939832783958755,-0.0015279626922444288,-0.32562520238963316,0.007194993408566965,False
87,0.21822890874600517,-0.08073295799903164,0.022631406660718445,0.00654024030211928,0.8817293,1.0,0.22491560120101275,-0.02757109174618121,0.022172641909317305,0.007194993408566965,False
87,0.1930871037885732,0.016873597839774407,0.022631406660718445,-0.27054124477512587,-0.5731478,1.0,0.1939832783958755,-0.002251497051717067,-0.05975322466347818,-0.23614540727077257,False
88,0.1930871037885732,-0.0018017156339562726,0.022631406660718445,0.00654024030211928,0.357029,1.0,-0.01294837436762436,0.049502248817766166,0.20108197327332797,0.007194993408566965,False
88,0.1930871037885732,-0.0018017156339562726,0.022631406660718445,-0.33289133767247947,1.2550659,1.0,0.3562462643004064,0.02012805692460096,0.22046984613250992,0.8401979419719674,False
88,0.24977407582625785,-0.0018017156339562726,0.022631406660718445,-0.05531057145348639,-0.081903785,1.0,0.26669429651998294,-0.0015279626922444288,0.022172641909317305,0.24323247584053198,False
88,0.1930871037885732,-0.0018017156339562726,0.022631406660718445,0.00654024030211928,1.2170272,1.0,0.1939832783958755,-0.023834481160931002,-0.3022051672162031,-0.17421228325182142,False
88,0.1930871037885732,0.07019165626250214,0.09343623185025896,0.00654024030211928,0.21748161,1.0,0.22364384110282687,0.038220081047910796,0.022172641909317305,0.2404646444186379,False
88,0.1930871037885732,-0.0018017156339562726,0.07133173924883744,0.1785792697465588,-1.0477655,1.0,0.19849782428819207,-0.0015279626922444288,0.36978351259128495,-0.0068627775221062025,False
89,0.1930871037885732,-0.006871567301961087,-0.02944632367681249,0.00654024030211928,0.34654662,1.0,0.32209264194079795,0.041794147152370204,0.022172641909317305,0.007194993408566965,False
89,0.1930871037885732,0.015842209142163423,0.0800673090155766,0.00654024030211928,0.09262878,1.0,0.3471394019182386,0.0735500974751115,0.022172641909317305,0.007194993408566965,False
89,0.11824845385916746,-0.0018017156339562726,-0.09569166579561329,-0.2148687243891657,1.020478,1.0,0.1939832783958755,0.034381095524296496,0.022172641909317305,0.007194993408566965,False
89,0.1930871037885732,-0.0018017156339562726,0.022631406660718445,-0.2897087120687775,-1.4422565,1.0,0.3673696365330372,-0.0015279626922444288,0.022172641909317305,-0.4813392549545408,False
89,0.28034403195977864,-0.0018017156339562726,0.022631406660718445,0.00654024030211928,-0.718742,1.0,0.1939832783958755,-0.007933803897853621,0.190518080942979,0.22375907060396233,False
89,0.27525900808708326,-0.03111631240848179,-0.018938671625303077,0.00654024030211928,2.779182,1.0,0.21493009775060273,0.021548496422751348,0.26671464756463,-0.25406161273232863,False
89,0.1930871037885732,-0.0035795392102630436,0.1354888969721063,0.48152636925281767,0.4505437,1.0,0.18148427307329384,-0.0015279626922444288,0.022172641909317305,0.007194993408566965,False
89,0.1930871037885732,0.020952551786160668,0.022631406660718445,0.9507904846714531,0.07631007,1.0,0.12205545387686843,-0.0015279626922444288,-0.13135340204564955,-0.10003825938394999,False
89,0.19556200413274277,0.007521840853140568,0.022631406660718445,-0.04243597350429763,0.5604649,1.0,0.39560537156624787,0.0008082304146227112,-0.16628937166623828,-0.2625519221970491,False
89,0.17334177425113845,-0.007032409513278401,0.12160285497475162,0.4020645794073604,1.4449431,1.0,0.18850234644278607,-0.033655907340245976,0.18483293024929753,-0.04327519822537916,False
89,0.24718955476773763,-0.0018017156339562726,-0.1393338733770371,-0.16441733434493505,0.32008645,1.0,0.1939832783958755,0.035894665904972055,0.022172641909317305,-0.42767519223911105,False
90,0.1930871037885732,0.05010128869882065,0.022631406660718445,0.45872486174927385,1.9352206,1.0,0.1939832783958755,0.0017836734826621597,0.08328877987037481,0.007194993408566965,False
90,0.1930871037885732,-0.0018017156339562726,-0.7816590529830927,0.00654024030211928,0.6436374,1.0,0.039737042170194636,0.0024299547422137907,0.07137257150037904,-0.24388430651261003,False
90,0.24401600130439438,-0.018634349753469753,0.022631406660718445,0.4133017441979539,0.7125638,1.0,0.1939832783958755,-0.0023298036491452958,0.057142808431009204,0.007194993408566965,False
90,0.1930871037885732,-0.004010279013835845,0.022631406660718445,0.2051750943207268,-1.469856,1.0,0.1939832783958755,-0.0015279626922444288,0.022172641909317305,0.5367671813242003,False
90,0.20682123714247252,-0.0018017156339562726,0.2903171524262193,-0.739560858778743,0.7662902,1.0,0.1939832783958755,0.04240174242466026,0.47032920903182374,0.007194993408566965,False
90,0.2441266106932241,-0.005480472567065877,0.022631406660718445,-0.3430792506423106,-1.0325568,1.0,0.1939832783958755,-0.0015279626922444288,0.022172641909317305,-0.3418827735279798,False
91,0.1930871037885732,-0.0018017156339562726,-0.31841607882156997,-0.008338121040397503,1.1795624,1.0,0.1939832783958755,-0.01677933443419754,0.022172641909317305,0.869571369806965,False
91,0.1930871037885732,-0.00600786526960693,0.022631406660718445,0.00654024030211928,-1.0738649,1.0,0.10043812760541426,0.020924262635899013,-0.13021242607312278,0.73129376235341,False
91,0.4679416933421986,-0.0018017156339562726,0.019673386997879228,-0.8717518277471628,1.1227425,1.0,0.1939832783958755,0.0379581534699825,0.29085447069836834,-1.06797505082862,False
91,0.1930871037885732,-0.0018017156339562726,0.022631406660718445,0.00654024030211928,-0.028274775,1.0,0.1939832783958755,-0.003022089379729525,0.022172641909317305,0.5101165781904712,False
91,0.1940703271975895,-0.0018017156339562726,-0.3373197165468013,0.00654024030211928,0.6373955,1.0,0.1939832783958755,-0.0015279626922444288,-0.0026267503582394804,-0.7620621322299093,False
91,0.1930871037885732,-0.04110614581607451,-0.06662939570542255,0.268311415062089,2.0137932,1.0,0.1939832783958755,0.006193629766843622,-0.05256304460507513,-0.7881589688876192,False
92,0.1930871037885732,0.03884599733843639,-0.03495331056801611,0.00654024030211928,1.0728165,1.0,0.15889146923795902,-0.0015279626922444288,0.022172641909317305,0.007194993408566965,False
92,0.3992761207274988,-0.03748588130664571,-0.518692718735003,0.00654024030211928,-1.1026301,1.0,0.38623116038695704,0.01045706246083057,0.022172641909317305,0.007194993408566965,False
92,0.1930871037885732,-0.01152806818626833,0.022631406660718445,0.00654024030211928,-0.8791423,1.0,0.29662553409091214,-0.0015279626922444288,0.4918886363113229,0.5421831659654677,False
92,0.11446939644514252,-0.0018017156339562726,-0.6298649439495374,0.00654024030211928,1.6613344,1.0,0.1939832783958755,-0.0015279626922444288,0.022172641909317305,-0.3378356629257642,False
92,0.1930871037885732,0.018583483194011763,0.022631406660718445,0.07908138276442782,-0.27730262,1.0,0.1939832783958755,-0.015799878447770314,-0.21632164690592498,0.007194993408566965,False
92,0.1940190592725247,0.04770256812046744,0.022631406660718445,0.00654024030211928,0.8305687,1.0,0.1961243597250868,0.00794241532517891,0.022172641909317305,-0.4725675852387602,False
93,0.1930871037885732,0.01380563186728985,0.022631406660718445,-0.21223344446877432,-0.9369519,1.0,0.1939832783958755,0.08052204638938167,-0.11487210486511773,0.021393576409260512,False
93,0.20661287208736054,-0.0365467930130101,-0.19158714952764844,0.00654024030211928,-0.6041728,1.0,0.15623348134716342,-0.06749160124797235,-0.10670991458638043,0.007194993408566965,False
93,0.1930871037885732,-0.0018017156339562726,0.022631406660718445,0.00654024030211928,0.8335251,1.0,0.3052015501141395,-0.0015279626922444288,0.388569855474695,-0.027784689847439422,False
93,0.3528997141813469,-0.0018017156339562726,0.022631406660718445,0.00654024030211928,0.4800237,1.0,0.22846781015742318,-0.0015279626922444288,-0.00808405255635591,-0.39773882551111256,False
93,0.20056656841662648,-0.05288066854151129,0.022631406660718445,0.00654024030211928,2.1290486,1.0,0.1939832783958755,-0.03208893704737973,0.059612258186239414,0.8510909151071252,False
93,0.1930871037885732,-0.06499282173782975,-0.03176495055769472,-0.3374824489075581,-0.9921502,1.0,0.1939832783958755,0.03042899901560478,0.022172641909317305,0.007194993408566965,False
93,0.1930871037885732,-0.0018017156339562726,0.022631406660718445,0.22711945182939908,-0.38982457,1.0,0.1939832783958755,-0.0030556578644902223,-0.1306375345628098,0.007194993408566965,False
93,0.081256705794389,-0.046197746203980525,0.022631406660718445,0.8117345395082303,-0.23776984,1.0,0.12661267541416218,0.04008169006542628,-0.29356962316908,-0.34336171657080977,False
94,0.16844051786145153,0.015410774380398378,0.1546033472571735,0.00654024030211928,0.44127178,1.0,0.023230723761794914,-0.02231497163484327,0.022172641909317305,0.007194993408566965,False
94,0.12664591132995223,0.011927224718959559,0.16537859079578726,-0.36885930847664106,-0.69737047,1.0,0.1739850464581225,0.016787979264303598,-0.21076268292360073,0.007194993408566965,False
94,0.1930871037885732,-0.03099213431807852,-0.12503731496909762,0.00654024030211928,-0.8889786,1.0,0.33123561155674,-0.0015279626922444288,0.022172641909317305,0.007194993408566965,False
94,0.282455504726887,-0.0018017156339562726,0.022631406660718445,0.00654024030211928,-0.6946691,1.0,0.1939832783958755,0.07258363844518617,0.41609074908995647,0.007194993408566965,False
94,0.1930871037885732,-0.013605768515037739,-0.0017590554541753144,-0.37527131893430815,-1.1197493,1.0,0.1939832783958755,-0.0015279626922444288,0.022172641909317305,-0.07660450842206834,False
95,0.12067206528325435,-0.006905814789274495,0.18184306922831803,0.00654024030211928,-1.1119173,1.0,0.1939832783958755,-0.0015279626922444288,0.3365505418189324,0.007194993408566965,False
95,-0.007573352346855494,-0.0018017156339562726,-0.07466491252394704,-0.021015375629734923,1.7923782,1.0,0.1939832783958755,0.0020435772450496993,0.06240413795596349,0.007194993408566965,False
95,0.22343999434070197,-0.0208862422373785,0.022631406660718445,0.5557088869932745,1.7797182,1.0,0.1939832783958755,-0.0015279626922444288,0.08446971643102943,0.007194993408566965,False
95,0.1930871037885732,-0.025614095874439562,0.001785994310222385,0.00654024030211928,0.14306426,1.0,0.1939832783958755,-0.0015279626922444288,0.022172641909317305,0.007194993408566965,False
95,0.1930871037885732,-0.006189067921948488,0.09510859839347893,0.00654024030211928,0.28189772,1.0,0.4067055754979494,-0.059449280527584386,0.022172641909317305,0.007194993408566965,False
95,0.19167218273021083,-0.0018017156339562726,0.11135824197965241,-0.33674334649272697,1.0790436,1.0,0.3145031814913075,-0.0015279626922444288,0.022172641909317305,0.007194993408566965,False
95,0.21701159470472095,-0.005755473942765234,0.022631406660718445,0.10754814357866181,-0.48648006,1.0,0.24742368166519302,-0.0015279626922444288,-0.04788429608146137,0.007194993408566965,False
95,0.2694588786357355,-0.01463390970773154,0.19155640967044582,-0.29396947728542017,2.2837715,1.0,0.1939832783958755,-0.0015279626922444288,-0.09574093550824232,0.007194993408566965,False
96,0.1930871037885732,-0.01601167578640251,-0.09179949319078816,0.0182249571656682,-0.30057266,1.0,0.1939832783958755,-0.0015279626922444288,0.022172641909317305,0.38205919076465533,False
96,0.17653982317445274,-0.0018017156339562726,0.12069671699088344,0.00654024030211928,2.1744516,1.0,0.25794150422954665,-0.0013108681956740845,-0.023649459883699705,0.007194993408566965,False
96,0.2131976702918842,-0.0018017156339562726,0.022631406660718445,0.0208145607008274,-0.8396095,1.0,0.1939832783958755,-0.0015279626922444288,0.022172641909317305,0.007194993408566965,False
96,0.15672583229394507,0.03656704275021978,0.20587814263102722,0.35472911986025807,-1.2740723,1.0,0.1939832783958755,-0.0026101355043212796,0.022172641909317305,-1.3981191655897838,False
96,0.1930871037885732,0.04819764559457078,-0.10536625221234491,-0.04684747529234298,0.20867434,1.0,0.08488361231935757,-0.0062854460922504955,0.14649618048309634,0.007194993408566965,False
96,0.1930871037885732,-0.0018017156339562726,0.022631406660718445,-0.07689079591906031,-2.0484664,1.0,0.24749835452998187,-0.0015279626922444288,-0.21073988173872144,-0.7201078609412337,False
96,0.1930871037885732,-0.0018017156339562726,0.022631406660718445,0.6833629983719712,-0.007211089,1.0,0.3316047060328455,-0.0015279626922444288,0.10205967490226703,0.007194993408566965,False
96,0.26128270101902595,-0.056107417723355285,-0.07688971847738292,0.00654024030211928,-0.029990911,1.0,0.1939832783958755,-0.0015279626922444288,-0.1601879969479789,-0.02281689561579869,False
96,0.1930871037885732,0.02173166738497303,0.022631406660718445,0.00654024030211928,-0.009908438,1.0,0.3167505219037231,-0.0015279626922444288,0.022172641909317305,-0.012939274006958237,False
96,0.267221076937307,-0.0018017156339562726,0.022631406660718445,0.00654024030211928,0.25133833,1.0,0.1939832783958755,-0.0015279626922444288,0.022172641909317305,0.007194993408566965,False
97,0.2619401122884993,-0.08491855298526597,0.022631406660718445,0.025083896427388726,1.6979184,1.0,0.2515360626912799,-0.010252233929872559,-0.17174886084712168,-0.4923610787092008,False
97,0.1930871037885732,-0.019104588203476793,-0.18934426030784418,0.18309917082203991,-1.2553517,1.0,0.47540330198815073,-0.0015279626922444288,0.022172641909317305,0.007194993408566965,False
97,0.1930871037885732,-0.018374609620371837,-0.04410026734907323,0.11236332560915728,1.8066416,1.0,0.07515755350032974,-0.018986102899841883,0.022172641909317305,0.007194993408566965,False
97,0.2623574550715182,-0.0018017156339562726,0.022631406660718445,0.00654024030211928,0.63225603,1.0,0.1939832783958755,-0.0015279626922444288,0.022172641909317305,-0.14981878626666797,False
97,0.22014925813928943,-0.025875104093362345,0.022631406660718445,0.00654024030211928,-0.598446,1.0,0.16519621543414476,-0.0015279626922444288,0.1048326130118834,0.007194993408566965,False
97,0.2700292865510465,-0.0018017156339562726,0.022631406660718445,0.00654024030211928,-1.5944555,1.0,0.2546671055780212,-0.0015279626922444288,-0.26715654725919835,0.007194993408566965,False
97,0.27155472347497706,-0.0018017156339562726,-0.27754406422718847,-0.09810416025883138,0.085463226,1.0,0.13651984504290193,0.009697800225063937,-0.03861127459600648,0.007194993408566965,False
97,0.15393649529265635,-0.0018017156339562726,-0.4340813196732267,-0.0763471524319312,0.18240583,1.0,0.1939832783958755,0.01570985801304718,0.022172641909317305,0.007194993408566965,False
97,0.1346794297086943,-0.0002873611228760059,0.022631406660718445,0.00654024030211928,-0.90036476,1.0,0.1939832783958755,-0.006826406091687184,0.022172641909317305,0.45649557487698234,False
97,0.28396071772266945,-0.004702001818715592,0.022631406660718445,0.00654024030211928,2.3528538,1.0,0.1939832783958755,-0.0015279626922444288,-0.11508699969352457,-0.3676780851766623,False
97,0.1930871037885732,-0.006119893381700134,0.022631406660718445,0.00654024030211928,-1.1437948,1.0,0.1510841399927718,0.021992939414631884,0.022172641909317305,0.41432531500748,False
97,0.1930871037885732,0.011650661488585935,0.022631406660718445,0.00654024030211928,-2.155389,1.0,0.06600038150280627,-0.0015279626922444288,0.022172641909317305,0.007194993408566965,False
97,0.21680848126704003,-0.0018017156339562726,0.00017298445951433733,0.00654024030211928,-1.9348241,1.0,0.1939832783958755,-0.0015279626922444288,0.1873118910633616,-0.6963122089914829,False
98,0.16928505963407273,-0.0018017156339562726,-0.16020133048407284,0.00654024030211928,0.7981068,1.0,0.22372953679672902,-0.0015279626922444288,0.022172641909317305,0.007194993408566965,False
98,0.15584222070165685,-0.05597432111198542,0.29074082030325377,0.00654024030211928,-0.82165676,1.0,0.1939832783958755,-0.0015279626922444288,0.022172641909317305,0.1968600660428903,False
98,0.29998144328795034,-0.0018017156339562726,0.022631406660718445,0.00654024030211928,0.7994618,1.0,0.1939832783958755,-0.03943308725315962,-0.24698377920692186,-0.16787488928643227,False
98,0.1930871037885732,-0.0018017156339562726,0.022631406660718445,0.8043291149231959,1.5796913,1.0,0.1939832783958755,-0.08160867481097907,-0.2497518118434868,0.007194993408566965,False
98,0.1930871037885732,-0.00636188424326803,0.022631406660718445,0.00654024030211928,-0.16596293,1.0,0.1939832783958755,-0.009843900653917168,-0.1312156587029485,0.007194993408566965,False
98,0.29496600072183937,-0.013042722688726586,-0.2674056065230402,-0.24218154670779432,-1.0477655,1.0,0.2289539220588367,-0.11518014093359943,0.03079563335802823,0.087649474919354,False
99,0.25702816752606517,-0.0018017156339562726,0.022631406660718445,0.00654024030211928,-0.568246,1.0,0.22665511513824638,0.08130122454196494,0.014575386826150217,0.007194993408566965,False
99,0.1930871037885732,-0.023642502758066127,0.01791310285280586,0.00654024030211928,-1.7989607,1.0,0.2445138602799828,-0.0015279626922444288,-0.16286675582646637,0.007194993408566965,False
99,0.2844594830023663,-0.0018017156339562726,0.022631406660718445,0.00654024030211928,-1.7514224,1.0,0.3360816833530901,0.027432672646992062,0.022172641909317305,0.007194993408566965,False
99,0.270455638105381,0.01736528632831068,0.022631406660718445,0.3173554144242451,-1.0220635,1.0,0.21771809527750996,-0.0015279626922444288,0.022172641909317305,-0.8116476360563296,False
99,0.3083795115228921,-0.0018017156339562726,0.022631406660718445,0.13549646617016922,2.5348153,1.0,0.1939832783958755,-0.023796236941819017,0.022172641909317305,0.7441873415479817,False
99,0.16801609784876356,0.031046030249839617,0.022631406660718445,0.00654024030211928,-0.26139036,1.0,0.1939832783958755,0.06556191283800412,0.022172641909317305,0.7569939283751492,False
99,0.1930871037885732,-0.0018017156339562726,-0.17987045748503894,-0.11707453057510375,-1.0602703,1.0,0.30082185073547746,-0.0015279626922444288,0.022172641909317305,0.08242987827738747,False
99,0.1930871037885732,0.015910189284425395,-0.047695807266286916,0.00654024030211928,0.8173916,1.0,0.3757411717504938,-0.0015279626922444288,-0.12351360764789582,0.007194993408566965,False
99,0.1930871037885732,0.011960399311344704,0.3063148608013615,0.15656000296610573,-1.4265437,1.0,0.24959749849450186,-0.0015279626922444288,0.022172641909317305,1.2164526704627583,False
100,0.1930871037885732,0.00998742675863492,0.0637067047949417,0.00654024030211928,0.15426642,1.0,0.21356052122289385,0.039063575927388114,0.022172641909317305,0.007194993408566965,False
100,0.23338123456378268,-0.020083778401317663,0.022631406660718445,0.04274505778915334,1.4312141,1.0,0.1939832783958755,-0.0015279626922444288,-0.009843710593579458,-0.2339588777750824,False
100,0.1930871037885732,-0.0018017156339562726,0.09393151296398189,-0.4818318146048622,0.6627748,1.0,0.1708113888154998,-0.006056479854420666,-0.08394051288139427,-0.8453629657837546,False
100,0.14796348904667433,-0.0018017156339562726,0.022631406660718445,0.0936122109422724,0.50335145,1.0,0.1939832783958755,0.0025835011033260376,-0.4832466921869412,0.007194993408566965,False
100,0.23174261922428707,-0.028624552582759387,0.022631406660718445,-0.3770125117396323,1.1971905,1.0,0.1939832783958755,-0.0015279626922444288,0.022172641909317305,0.01010313187157021,False
100,0.1930871037885732,0.023201965738684455,0.022631406660718445,0.18508306498779195,2.2767582,1.0,0.1939832783958755,-0.0015279626922444288,0.022172641909317305,0.8967084750255158,False
101,0.21444551681510363,-0.019939650229275106,0.022631406660718445,-0.7193455977085472,0.15322113,1.0,0.06012395965060774,-0.0015279626922444288,-0.3026644482259145,0.007194993408566965,False
101,0.16625487160475347,-0.04359022900653483,0.022631406660718445,0.56647612953249,1.5014565,1.0,0.2332217910020342,0.06786736490725925,-0.32128829609544146,-0.1669582117647215,False
101,0.1930871037885732,-0.0018017156339562726,-0.3412633277275037,0.7924472425804936,1.2085586,1.0,0.1792894038391327,-0.0015279626922444288,-0.02631670601678515,-0.9016444796006056,False
101,0.1930871037885732,-0.0018017156339562726,0.022631406660718445,0.00654024030211928,0.2943159,1.0,0.1939832783958755,-0.0015279626922444288,0.19654223590851205,0.007194993408566965,False
101,0.2127904032088175,0.041369040107854776,0.022631406660718445,0.00654024030211928,0.10092306,1.0,0.18125837833366473,-0.0015279626922444288,0.2988894990225971,0.007194993408566965,False
102,0.1930871037885732,-0.0018017156339562726,0.022631406660718445,0.00654024030211928,-0.06818119,1.0,0.12945723129987546,-0.020416692913607384,0.022172641909317305,-0.716079495556262,False
102,0.36381072573288636,-0.0018017156339562726,0.18086830432447742,0.00654024030211928,0.055790305,1.0,0.31886906665637343,-0.0015279626922444288,0.022172641909317305,0.007194993408566965,False
102,0.29605073313374636,-0.0018017156339562726,0.022631406660718445,0.1958102923134622,-0.20792603,1.0,0.1939832783958755,0.004344661409501816,0.08136488844835081,0.007194993408566965,False
102,0.1930871037885732,-0.0018017156339562726,0.37133623620919015,-0.07839216745130133,-0.53269804,1.0,0.1939832783958755,-0.0015279626922444288,0.022172641909317305,0.007194993408566965,False
102,0.15942481437276002,-0.0018017156339562726,0.022631406660718445,0.00654024030211928,1.278209,1.0,0.1939832783958755,-0.016504857890003558,0.0785667793129973,0.007194993408566965,False
103,0.11068303276488967,-0.0018017156339562726,0.022631406660718445,-0.621746925824098,0.3647331,1.0,0.2704167513880841,-0.0015279626922444288,0.022172641909317305,-0.24444618984968833,False
103,0.22785016580996614,-0.0018017156339562726,-0.10285636487781313,0.00654024030211928,-0.07858488,1.0,0.1939832783958755,-0.009848172280116791,0.09441777684479154,0.007194993408566965,False
103,0.31284628937768066,0.013418253917896656,0.022631406660718445,0.00654024030211928,-0.07858488,1.0,0.19309432423704223,-0.0015279626922444288,0.022172641909317305,0.007194993408566965,False
103,0.1930871037885732,-0.0018017156339562726,0.3582977245142247,0.2784315019749527,-1.035501,1.0,0.1939832783958755,0.0003958943721050702,0.01838173768396573,0.007194993408566965,False
103,0.1930871037885732,-0.03081404424003435,-0.036083675218402236,0.13540829049605693,-0.23567128,1.0,0.12009244270815049,-0.0008645065087687397,0.022172641909317305,-0.3739825203183341,False
104,0.24573234020014215,-0.017905983787772244,0.11718125802599758,-0.2814186686558217,0.47676122,1.0,0.21399486026786965,-0.0015279626922444288,0.18866574311097184,0.007194993408566965,False
104,0.21989707552750887,-0.0018017156339562726,0.022631406660718445,0.00654024030211928,1.1001593,1.0,0.1939832783958755,-0.0015279626922444288,0.11352609625463009,0.04820981537642835,False
104,0.15746729234597134,-0.0018017156339562726,0.022631406660718445,0.00654024030211928,0.6197681,1.0,0.1939832783958755,0.06308394523042016,-0.003550210536390104,0.44983872965112365,False
104,0.10130268780537495,-0.007314185585096843,0.022631406660718445,0.00654024030211928,1.7018193,1.0,0.3098915403246956,-0.0015279626922444288,-0.12752388550582694,0.007194993408566965,False
104,0.17715003382641917,-0.04006126929650817,0.3349892404506139,0.28134672638524794,0.17725724,1.0,0.1939832783958755,-0.0015279626922444288,0.022172641909317305,0.007194993408566965,False
104,0.1930871037885732,-0.0018017156339562726,0.022631406660718445,0.00654024030211928,-2.2207072,1.0,0.07339810980094653,0.0006985147239670811,0.022172641909317305,0.007194993408566965,False
104,0.1930871037885732,-0.0018017156339562726,0.546638474792609,-0.09856420921078085,1.3021833,1.0,0.1939832783958755,0.04451058965604315,0.022172641909317305,0.47113424280076843,False
105,0.1569145507839011,-0.03431354715475331,0.022631406660718445,0.00654024030211928,1.2884855,1.0,0.1939832783958755,-0.0015279626922444288,-0.1127848504628059,-0.6929481158680699,False
105,0.1930871037885732,0.007284857489574259,0.022631406660718445,-0.6357955598783943,1.3374703,1.0,0.26998908160187607,-0.0015279626922444288,0.022172641909317305,-0.5881573648824436,False
105,0.24150806243660794,-0.0018017156339562726,0.022631406660718445,0.22606371981211112,-0.8841155,1.0,0.1939832783958755,-0.04245346886357849,0.022172641909317305,0.007194993408566965,False
105,0.2744179858429167,-0.0018017156339562726,0.23878867577015994,0.00654024030211928,-0.2927307,1.0,0.07935181513791381,-0.03456048608140401,-0.04340223459661814,-0.2748043603641565,False
105,0.3064326396960908,-0.0018017156339562726,-0.2653144844478723,-0.1958450094551059,0.55311215,1.0,0.1939832783958755,-0.04724740452175172,-0.3631570449732735,-0.22417698644377154,False
106,0.1930871037885732,-0.0018017156339562726,0.2820422925366925,-0.23637844071643244,-1.7352359,1.0,0.1939832783958755,0.015658077153289103,0.03646239462303647,0.007194993408566965,False
106,0.11957084223910878,-0.0018017156339562726,0.022631406660718445,-0.9558796831008441,-1.5537964,1.0,0.1288973560645407,-0.0015279626922444288,0.022172641909317305,0.18697886145866643,False
106,0.22832954696223068,-0.003011321643945869,0.022631406660718445,0.00654024030211928,1.292818,1.0,0.09774514751241024,-0.0015279626922444288,0.022172641909317305,0.007194993408566965,False
106,0.2385418977600445,-0.0018017156339562726,-0.1334376293429453,-0.11623866622576404,-1.5129428,1.0,0.10596210053805534,-0.0015279626922444288,0.2674169201579395,-0.6847519789193997,False
106,0.3165948391220643,-0.0018017156339562726,-0.16960015438424914,0.11096949833842158,1.8358569,1.0,0.1939832783958755,0.017954234080099427,0.033665897076990615,0.6484105649600647,False
106,0.1816820699227435,-0.024422860242583,0.022631406660718445,0.00654024030211928,0.820858,1.0,0.1939832783958755,-0.0015279626922444288,0.022172641909317305,0.42301785442755496,False
106,0.11018664946540507,-0.0018017156339562726,0.022631406660718445,-0.6613790877525414,-0.21093357,1.0,0.1939832783958755,0.03226852552024898,-0.27951908053363944,0.007194993408566965,False
106,0.1930871037885732,-0.05862678461588879,0.022631406660718445,-1.0994372047838177,-0.36072838,1.0,0.2754000367616857,0.032490521711158175,-0.39640874041413254,0.007194993408566965,False
107,0.20176559484300405,-0.0018017156339562726,0.022631406660718445,-0.3900548072746021,1.4030641,1.0,0.05669797378966754,-0.0015279626922444288,0.3785244219084833,0.1662472881602248,False
107,0.18972464097147487,-0.0018017156339562726,-0.042088715536892515,0.00654024030211928,-2.4399114,1.0,0.1939832783958755,-0.0015279626922444288,0.26509685571053,0.007194993408566965,False
107,0.1930871037885732,-0.0039015396718493738,0.048304873606221876,0.00654024030211928,1.4473988,1.0,0.2087418476168427,-0.0015279626922444288,0.022172641909317305,0.007194993408566965,False
107,0.1930871037885732,-0.0018017156339562726,0.022631406660718445,0.00654024030211928,-0.10621145,1.0,0.1939832783958755,-0.0034251548406705693,-0.021057356235428173,0.007194993408566965,False
107,0.09809985583525628,0.023291617310492604,0.37140425030195373,-0.6396838938002767,0.5463278,1.0,0.33495389552178284,-0.0015279626922444288,0.09196044692382511,0.37855834855156145,False
107,0.1930871037885732,-0.02729654184263604,-0.2097383521694345,-0.3090441064551705,0.21474063,1.0,0.33645121927513977,-0.0015279626922444288,0.1372753150013773,0.27108588494792324,False
108,0.15040221306637058,-0.021354797329653154,0.022631406660718445,-0.3065837198387854,-2.2413821,1.0,0.3038176627461473,-0.03066530005166624,0.022172641909317305,0.4242445560033931,False
108,0.1465712063435182,-0.02966391397699239,-0.08344225181504644,0.3320552362271758,0.14805624,1.0,0.19891212130674804,-0.0006382560480067937,-0.1276367211384417,-0.751453212833338,False
108,0.1930871037885732,0.018127847381080905,0.10377066780482312,-0.2948341155073879,1.025367,1.0,0.1939832783958755,0.040914778996259074,0.022172641909317305,0.007194993408566965,False
108,0.22992903140564355,-6.306222007487067e-05,0.16700762170066888,0.5649682238020858,-3.0,1.0,0.1939832783958755,-0.0015279626922444288,0.022172641909317305,0.007194993408566965,False
108,0.1930871037885732,0.009457009252199645,0.1166823777683498,-0.6018148493420689,-1.0093153,1.0,0.1939832783958755,-0.0015279626922444288,0.022172641909317305,-0.6705911502421746,False
108,0.1930871037885732,-0.0018017156339562726,-0.20196143870561825,0.00654024030211928,0.539644,1.0,0.06855557718328631,-0.0015279626922444288,0.022172641909317305,0.22224489383240967,False
108,0.1930871037885732,-0.0018017156339562726,0.022631406660718445,0.00654024030211928,0.81019354,1.0,0.1939832783958755,-0.0015279626922444288,0.22485492943837979,0.08197071145111015,False
108,0.1233535489689717,0.057447142201478806,-0.20807805734948678,-0.03950123200210562,-1.3497704,1.0,0.1939832783958755,-0.0015279626922444288,-0.5176212435825743,0.007194993408566965,False
108,0.1930871037885732,-0.0018017156339562726,0.022631406660718445,0.5842372321751836,-2.0730405,1.0,0.24293868981772154,-0.01124586186473699,0.022172641909317305,0.007194993408566965,False
108,0.318124910219036,-0.021041419000171976,0.022631406660718445,0.10910914191921087,0.6865287,1.0,0.23824914105310954,-0.0015279626922444288,0.060098238915327756,0.4659407984667433,False
108,0.1930871037885732,-0.0018017156339562726,0.22018296934257783,-0.24707740718503293,0.57295763,1.0,0.1939832783958755,-0.03185647989148121,0.022172641909317305,0.007194993408566965,False
108,0.1930871037885732,-0.0018017156339562726,0.43822124834130427,0.00654024030211928,0.597401,1.0,0.1939832783958755,-0.0015279626922444288,0.022172641909317305,0.03707033353489224,False
108,0.1930871037885732,-0.0018017156339562726,0.022631406660718445,-0.20866334219793425,1.2328339,1.0,0.2923239173664004,0.009978360005096939,0.022172641909317305,-0.26401861715133035,False
109,0.1930871037885732,0.011902428925061836,0.047943120732110746,0.4901382624265426,-1.0299287,1.0,0.18249454494982176,-0.0015279626922444288,-0.29254210698478483,-0.023523490210076544,False
109,0.11019050491414603,-0.0018017156339562726,-0.18361603793054668,0.00654024030211928,0.5964579,1.0,0.12645173031184587,-0.005357148101963463,0.022172641909317305,-0.158201083241735,False
109,0.1930871037885732,-0.004316054887145678,0.022631406660718445,0.00654024030211928,0.8073758,1.0,0.1939832783958755,0.030783906836066542,-0.12651840981675302,-0.15614486030475058,False
109,0.08993467197337243,-0.013459776204432394,0.022631406660718445,0.00654024030211928,-2.2967367,1.0,0.10870099100924778,-0.0015279626922444288,0.022172641909317305,-0.5047966558288579,False
109,0.1930871037885732,0.0026689127540588152,0.022631406660718445,0.00654024030211928,1.0728165,1.0,0.1939832783958755,-0.013404267688522035,0.022172641909317305,0.007194993408566965,False
109,0.1930871037885732,-0.023339229815003325,0.022631406660718445,0.00654024030211928,-1.5793438,1.0,0.1939832783958755,-0.027756549224667134,0.022172641909317305,0.020623534714383798,False
109,0.27906877930365254,-0.0018017156339562726,-0.40697120579304075,0.00654024030211928,1.1438482,1.0,0.1939832783958755,0.051813558817829244,-0.07953057062759568,0.007194993408566965,False
109,0.1930871037885732,-0.04202405131240844,0.022631406660718445,0.00654024030211928,-0.36162418,1.0,0.14478657870988343,-0.0015279626922444288,0.05795097048758781,0.13691304328903908,False
109,0.1930871037885732,-0.0018017156339562726,0.022631406660718445,0.00654024030211928,-1.9010118,1.0,0.20265292662607798,0.048029351234851504,0.040992520966595516,0.007194993408566965,False
109,0.2588523635546603,-0.032399219641425364,0.022631406660718445,0.00654024030211928,0.7392379,1.0,0.1939832783958755,-0.06569417534622783,0.022172641909317305,0.007194993408566965,False
109,0.389322756835902,-0.0007870997621400757,-0.2760698354207393,0.00654024030211928,-1.2606168,1.0,0.1939832783958755,-0.0015279626922444288,0.022172641909317305,0.007194993408566965,False
109,0.17230391226236597,-0.006608808914999033,0.24667941945616148,0.35855891600685963,-0.49022517,1.0,0.03660364363656193,-0.0015279626922444288,0.022172641909317305,0.007194993408566965,False
110,0.19593666022710252,-0.0018017156339562726,0.022631406660718445,0.00654024030211928,2.403867,1.0,0.24548238507024356,-0.027007179451660254,0.022172641909317305,0.007194993408566965,False
110,0.07077309173080283,-0.029395771465298738,0.022631406660718445,0.17511868279700057,-2.2133696,1.0,0.13692640534073033,-0.0015279626922444288,0.024978777905333656,0.007194993408566965,False
110,0.12244803002982765,0.005318017075032021,-0.12539311466460873,0.00654024030211928,0.085663974,1.0,0.1939832783958755,-0.0015279626922444288,0.03413513288116974,0.43814659148721086,False
110,0.1930871037885732,-0.0018017156339562726,0.1938192400930769,0.05383715168016752,0.74849266,1.0,0.1939832783958755,0.001429813920055731,-0.08470292871984945,0.7691219747365649,False
110,0.25210724453052336,-0.0018017156339562726,0.022631406660718445,0.26686751927292046,0.8272291,1.0,0.34639609828198537,-0.0015279626922444288,0.4743877029111591,0.007194993408566965,False
110,0.1930871037885732,-0.0018017156339562726,0.19522531862293832,-0.7585476905942449,-1.4056771,1.0,0.1939832783958755,-0.0015279626922444288,0.022172641909317305,0.007194993408566965,False
110,0.1930871037885732,0.02748640067893312,0.022631406660718445,0.00654024030211928,0.6571319,1.0,0.1939832783958755,0.08179016265765682,0.022172641909317305,0.007194993408566965,False
111,0.1930871037885732,-0.037049720043169816,0.022631406660718445,0.00654024030211928,0.49612617,1.0,0.2821659721912846,-0.0015279626922444288,0.022172641909317305,0.007194993408566965,False
111,0.15550085697976668,-0.027846767950060723,0.022631406660718445,0.00654024030211928,-1.9311433,1.0,0.20351140008414037,-0.0013564505472516606,0.3645131035525913,0.007194993408566965,False
111,0.18911394361682082,0.050649541937183094,0.022631406660718445,0.00654024030211928,-1.3119987,1.0,0.1939832783958755,-0.032925565363061154,-0.19607275137325172,0.007194993408566965,False
111,0.1930871037885732,-0.0018017156339562726,0.30128450270367574,0.00654024030211928,0.62738574,1.0,0.2064170125106075,-0.0015279626922444288,-0.12896520711168455,0.31959623227034106,False
111,0.06785319625640687,-0.0018017156339562726,0.022631406660718445,-0.08184127005257259,-1.4471247,1.0,0.36601575226697125,0.020611717400931207,0.022172641909317305,0.2400422582564869,False
111,0.1930871037885732,0.02880018999373135,0.022631406660718445,-0.2840467123567596,-0.91528946,1.0,0.1939832783958755,-0.0015279626922444288,0.18456345106170793,0.007194993408566965,False
112,0.1930871037885732,-0.0018017156339562726,0.022631406660718445,-0.1970808369341665,1.0369283,1.0,0.31352950396131973,0.05625663166679628,-0.3757934265246224,0.007194993408566965,False
112,0.23069989211727662,-0.0018017156339562726,0.022631406660718445,0.038808045891009196,-0.32506332,1.0,0.1939832783958755,-0.0015279626922444288,-0.055502500606574065,0.03825427144644007,False
112,0.18428536339022,-0.028637964424365732,0.022631406660718445,0.00654024030211928,0.19687194,1.0,0.1939832783958755,-0.0015279626922444288,0.022172641909317305,0.19523875034520627,False
112,0.07074334751635772,-0.0018017156339562726,0.022631406660718445,1.0385639545860432,-1.8964386,1.0,0.22112329322060748,-0.0015279626922444288,0.293755741054275,0.007194993408566965,False
112,0.23095713834564618,-0.0018017156339562726,0.022631406660718445,0.00654024030211928,0.7105218,1.0,0.1939832783958755,-0.0015279626922444288,0.0017533653028280645,0.007194993408566965,False
112,0.1930871037885732,-0.0018017156339562726,0.022631406660718445,0.08652467599790829,-1.0455633,1.0,0.1939832783958755,0.02203035052909408,-0.05697010989157715,0.3825591602871084,False
112,0.1930871037885732,-0.0018017156339562726,0.242691178890791,-0.11633742622086805,-1.0857533,1.0,0.1704640926356694,-0.017373419264100926,0.022172641909317305,-0.07166038457700814,False
113,0.1930871037885732,0.022159253349058893,-0.2234303516721599,0.00654024030211928,2.3563094,1.0,0.1939832783958755,-0.007072376964754795,0.022172641909317305,0.28303461419719805,False
113,0.1930871037885732,-0.0018017156339562726,0.022631406660718445,0.24772458672333636,0.7481911,1.0,0.38213327857679336,-0.022489090506649056,0.022172641909317305,-1.0135596870857477,False
113,0.1930871037885732,-0.08024892649566719,0.022631406660718445,0.1762482350530421,-0.33120418,1.0,0.1939832783958755,-0.0015279626922444288,0.022172641909317305,0.3952192432319322,False
113,0.19740486473224772,0.02972932224163457,0.022631406660718445,0.00654024030211928,0.46190214,1.0,0.4248614251767835,0.0174651151964175,0.022172641909317305,0.007194993408566965,False
113,0.1930871037885732,-0.038411395317928816,0.022631406660718445,-0.21767270542577233,-1.1874999,1.0,0.1939832783958755,-0.0015279626922444288,-0.6230089442502681,0.39366546491404664,False
114,0.1873509413851605,-0.0018017156339562726,-0.006901935436592625,0.6605471624338876,0.41216737,1.0,0.28262343196758366,-0.02532682047216667,0.022172641909317305,0.007194993408566965,False
114,0.1930871037885732,0.016451250589752206,0.022631406660718445,0.00654024030211928,-0.77918744,1.0,0.2077853531799513,-0.0015279626922444288,0.022172641909317305,0.007194993408566965,False
114,0.1930871037885732,0.03998242493853614,0.022631406660718445,0.15028323961009074,1.0535456,1.0,0.1032972435961465,-0.0015279626922444288,0.022172641909317305,-0.15224294323959567,False
114,0.1930871037885732,0.022493543304596145,-0.1041529613404471,0.00654024030211928,0.71812403,1.0,0.26525737474960065,-0.007433254713583557,0.022172641909317305,0.007194993408566965,False
114,0.2758973711494107,-0.0018017156339562726,-0.3705264689583649,0.00654024030211928,1.5119667,1.0,0.17877978303841058,-0.0015279626922444288,-0.12918654829732198,0.007194993408566965,False
114,0.1930871037885732,-0.0018017156339562726,0.022631406660718445,-0.295474646932847,-0.51357555,1.0,0.3537851574951195,-0.004359689326614274,0.022172641909317305,0.007194993408566965,False
114,0.1930871037885732,-0.028747121985773262,0.022631406660718445,0.00654024030211928,0.5687984,1.0,0.17404718378032574,-0.0015279626922444288,-0.08578997374610486,-0.5118893728537393,False
114,0.1930871037885732,-0.0018017156339562726,-0.2857513574850883,0.9487588710585088,-0.56908756,1.0,0.20068162502641812,-0.0015279626922444288,0.022172641909317305,-0.180879301852864,False
114,0.1930871037885732,0.011390288622581603,0.022631406660718445,0.00654024030211928,-0.5498703,1.0,0.07306531283703936,-0.0015279626922444288,0.34374803132475507,0.0027906681227932786,False
114,0.1742577009932451,-0.01195583296617557,-0.2323729792161539,0.00654024030211928,0.65827143,1.0,0.1939832783958755,-0.027385293690322728,0.022172641909317305,-0.2299013026098423,False
114,0.1930871037885732,0.029607308281172078,0.022631406660718445,0.00654024030211928,0.6176239,1.0,0.18868610592816268,-0.0015279626922444288,0.14982879113242728,0.007194993408566965,False
115,0.1930871037885732,-0.0018017156339562726,0.022631406660718445,0.00654024030211928,1.9730544,1.0,0.12162925304009518,-0.0015279626922444288,0.022172641909317305,0.007194993408566965,False
115,0.1930871037885732,-0.0018017156339562726,-0.24275094535737668,0.00654024030211928,-0.74084115,1.0,0.1939832783958755,-0.0015279626922444288,-0.0372401022300277,0.007194993408566965,False
115,0.24078313882413202,-0.0018017156339562726,-0.27375965193695645,0.00654024030211928,2.2847095,1.0,0.1939832783958755,-0.0015279626922444288,0.022172641909317305,-0.36851838048791385,False
115,0.013125261704075408,-0.0018017156339562726,0.022631406660718445,0.00654024030211928,0.27519494,1.0,0.26178225138839784,-0.018888607387296124,-0.2407738989356398,0.4340530728228864,False
115,0.1930871037885732,-0.0018017156339562726,0.022631406660718445,-0.29376607111670144,0.38208073,1.0,0.1939832783958755,-0.013294600464646346,0.022172641909317305,0.5849378398312212,False
115,0.1930871037885732,-0.0018017156339562726,0.022631406660718445,0.32707225310776034,1.8614228,1.0,0.1939832783958755,-0.0015279626922444288,0.20596540582955358,0.007194993408566965,False
115,0.1930871037885732,-0.002173324631540902,0.022631406660718445,-0.2221277145332684,-2.8039138,1.0,0.1939832783958755,-0.0015279626922444288,0.022172641909317305,-0.48193498887809855,False
115,0.13596214132208756,-0.06165364783957079,-0.16084429322770666,0.5230801614587302,1.0001018,1.0,0.2830655172472082,-0.0015279626922444288,0.022172641909317305,0.007194993408566965,False
115,0.1930871037885732,-0.004344958532412527,0.17294404969031077,0.00654024030211928,0.30549762,1.0,0.19507801296211683,-0.0015279626922444288,-0.24100807432114943,-0.28775257367733637,False
116,0.10134803704403099,-0.0018017156339562726,0.3415170758790202,0.07547984704030235,0.6569426,1.0,0.19151683047522164,-0.0015279626922444288,-0.008474276598518023,-0.08204778282377967,False
116,0.25043736951801815,0.009290764248564988,0.022631406660718445,0.00654024030211928,-0.9805546,1.0,0.19001579629259302,-0.0015279626922444288,0.022172641909317305,0.007194993408566965,False
116,0.1930871037885732,-0.0018017156339562726,0.022631406660718445,-0.41825925063350905,-0.49360588,1.0,0.1939832783958755,-0.0015279626922444288,0.04055141483206404,0.007194993408566965,False
116,0.3528382713071544,-0.0018017156339562726,0.06690950515433454,0.00654024030211928,0.94625413,1.0,0.1939832783958755,0.046740171565996795,0.022172641909317305,0.007194993408566965,False
116,0.1930871037885732,-0.0018017156339562726,0.022631406660718445,-0.8616727460778691,-1.0366504,1.0,0.27688136190513674,-0.0015279626922444288,-0.005343414499913282,0.007194993408566965,False
116,0.1930871037885732,-0.03051522400742476,0.022631406660718445,-0.285738943677224,0.34901878,1.0,0.1681525751163432,0.02211014256783184,-0.2895532012792951,-0.16838668831491307,False
116,0.1930871037885732,-0.0018017156339562726,0.3520403501606466,-0.0951164206493606,-1.0098882,1.0,0.1939832783958755,-0.0015279626922444288,0.022172641909317305,0.08141971580938737,False
116,0.1930871037885732,-0.0018017156339562726,0.022631406660718445,0.00654024030211928,-0.06554651,1.0,0.2101654137446311,-0.029628902148373756,-0.08111830548777013,0.7619243936905574,False
117,0.1930871037885732,0.011089005578659265,0.07043472558118954,0.00654024030211928,-0.69749063,1.0,0.1355145736833617,-0.0015279626922444288,0.022172641909317305,0.007194993408566965,False
117,0.1930871037885732,0.05396663437401243,0.22105363144024626,0.00654024030211928,-0.39940915,1.0,0.24858935773632485,-0.02298188762595458,0.022172641909317305,-0.11352853706180166,False
117,0.20454545736530755,-0.008306855089853956,-0.08522392533200561,0.00654024030211928,1.1036129,1.0,0.18202450586689953,-0.0015279626922444288,0.022172641909317305,0.2169833843406248,False
117,0.20313678709636435,-0.0018017156339562726,0.49527678441151024,-0.7735922588523351,-0.9841587,1.0,0.24968023916447635,0.02760015287985897,0.022172641909317305,-0.4602884851849902,False
117,0.1930871037885732,-0.0018017156339562726,-0.09412810040049982,0.262509083094201,-0.8902273,1.0,0.12474420217771849,0.024311723778109577,0.011156112413225732,-0.361252406697826,False
117,0.22212669107759578,-0.0018017156339562726,0.10938633911514109,0.00654024030211928,-0.33517545,1.0,0.1939832783958755,-0.01066737416858365,0.03119643025500525,0.007194993408566965,False
118,0.20523967671842913,-0.0018017156339562726,0.03345879401287041,0.00654024030211928,0.13122782,1.0,0.1939832783958755,-0.0015279626922444288,-0.25517244733721917,-0.4623056889513231,False
118,0.3271067773734306,-0.025953853795093525,0.022631406660718445,0.00654024030211928,-1.3388447,1.0,0.1392287742734215,0.01937904475783526,0.022172641909317305,-0.3130223094728257,False
118,0.1904340750323383,-0.0018017156339562726,-0.1288998384099148,-0.07952400577667271,-2.6989927,1.0,0.1939832783958755,-0.0015279626922444288,0.022172641909317305,0.007194993408566965,False
118,0.1930871037885732,0.05637480271576327,0.022631406660718445,0.15232571655248833,0.38219112,1.0,0.14694403540028048,0.004668338284900283,0.022172641909317305,0.007194993408566965,False
118,0.2129374694919052,-0.0018017156339562726,0.022631406660718445,0.02037639591256109,-1.133792,1.0,0.1939832783958755,0.006910793364580024,0.022172641909317305,-0.17817216489651233,False
119,0.09721140011974796,-0.0018017156339562726,0.022631406660718445,0.00654024030211928,0.110945106,1.0,0.1939832783958755,0.004285665549097458,0.08106523523765746,0.007194993408566965,False
119,0.2020883922888409,0.025784789322701788,-0.25538281215333053,0.35766320884266106,0.37953115,1.0,0.1939832783958755,-0.0015279626922444288,-0.2823083929757675,0.04306300659501261,False
119,0.1930871037885732,0.04897317963693151,0.022631406660718445,0.09112058437847037,-0.23956138,1.0,0.2341976567339002,-0.0015279626922444288,0.3115629788234245,0.007194993408566965,False
119,0.1930871037885732,-0.004947679364718011,0.022631406660718445,0.00654024030211928,0.39298737,1.0,0.1939832783958755,0.07316102188470465,0.022172641909317305,0.6084395012573222,False
119,0.2982821523467344,-0.0018017156339562726,0.41998152621379903,0.00654024030211928,-1.8127819,1.0,0.1939832783958755,0.0040924357019959355,0.06693462026327278,0.007194993408566965,False
120,0.192247829856806,-0.04179611812541348,0.022631406660718445,0.00654024030211928,-1.2818317,1.0,0.1939832783958755,-0.0015279626922444288,0.4757541355954222,0.2685930076445943,False
120,0.1930871037885732,-0.031336309579023225,0.08552160249423725,0.12259184781054855,-0.8646802,1.0,0.1939832783958755,-0.0015279626922444288,0.022172641909317305,0.007194993408566965,False
120,0.1930871037885732,-0.0018017156339562726,0.0684915623672889,0.00654024030211928,-0.013501346,1.0,0.1939832783958755,0.05133023760895858,0.23729871997219396,0.17343065559975884,False
120,0.05718734543748069,-0.0018017156339562726,0.022631406660718445,0.00654024030211928,1.1721768,1.0,0.29292350751443197,0.006127996577413353,-0.37626665351139854,-0.033423198871613824,False
120,0.23624830657315152,-0.0018017156339562726,0.022631406660718445,0.00654024030211928,-0.2451185,1.0,0.1939832783958755,0.007996962066176025,0.022172641909317305,-0.38847654068226084,False
120,0.1930871037885732,-0.009025074403943543,0.030476123861927003,-0.19387607374300037,-1.4201955,1.0,0.1939832783958755,-0.0015279626922444288,-0.10341745469759184,0.2951034220322746,False
120,0.1930871037885732,0.0037662415870611445,0.022631406660718445,-0.5009773392330565,1.7466694,1.0,0.08550819744119062,-0.0015279626922444288,0.022172641909317305,0.4003650055570455,False
121,0.1930871037885732,-0.0018017156339562726,0.022631406660718445,0.00654024030211928,1.2152417,1.0,0.1939832783958755,0.039692237220083665,-0.12347683122865724,0.007194993408566965,False
121,0.2498631748649338,-0.049511977587667816,0.022631406660718445,-0.4654597420874208,0.44347423,1.0,0.1939832783958755,0.006345088454157755,0.022172641909317305,0.007194993408566965,False
121,0.19214023897895832,-0.0018017156339562726,0.30547380895803694,0.00654024030211928,1.2505753,1.0,0.1939832783958755,-0.0015279626922444288,0.022172641909317305,0.007194993408566965,False
121,0.34055479634935293,-0.0018017156339562726,-0.36708140730316585,-0.45923598133882104,0.5493988,1.0,0.4024859916076742,-0.004333624023353558,0.022172641909317305,0.007194993408566965,False
121,0.1930871037885732,-0.031191341693123497,0.022631406660718445,0.00654024030211928,0.22784615,1.0,0.1939832783958755,-0.0015279626922444288,0.11344862293868438,0.007194993408566965,False
121,0.1930871037885732,-0.0018017156339562726,0.23849409070361927,0.00654024030211928,1.2363155,1.0,0.1607864977312826,-0.0015279626922444288,0.022172641909317305,0.25782955850082045,False
122,0.18472756427442819,-0.0018017156339562726,-0.3000589273279546,0.3658445289583548,-1.0682204,1.0,0.30222663067444566,-0.0015279626922444288,0.06248993741031411,0.8966580267321174,False
122,0.1930871037885732,-0.0018017156339562726,0.10620245857989373,0.00654024030211928,0.12756836,1.0,0.1318556527810974,0.012798395666197346,0.6296771912848849,0.007194993408566965,False
122,0.17675619973753015,0.004647516695135981,0.022631406660718445,0.00654024030211928,0.6571319,1.0,0.1939832783958755,-0.0015279626922444288,0.022172641909317305,-0.6908629197409375,False
122,0.1930871037885732,0.0489282831107025,-0.7055263809956458,0.00654024030211928,-2.435062,1.0,0.12875881053831995,0.08257574366484412,0.022172641909317305,0.007194993408566965,False
122,0.1930871037885732,-0.0018017156339562726,0.022631406660718445,-0.35555042485682836,1.2385279,1.0,0.1939832783958755,-0.0015279626922444288,0.09769941641081555,0.5340603719541694,False
123,0.1930871037885732,-0.0018017156339562726,0.022631406660718445,0.38372598325096463,-1.3566401,1.0,0.1939832783958755,-0.007209848401360689,0.022172641909317305,0.007194993408566965,False
123,0.19048859623085804,-0.0018017156339562726,0.10192255117278648,0.00654024030211928,1.1589283,1.0,0.1939832783958755,-0.0015279626922444288,-0.25052414590479155,0.007194993408566965,False
123,0.20008747451437953,0.023605334931532294,-0.16242785819014305,-0.46325665527419196,2.2837715,1.0,0.18574454039344496,-0.0015279626922444288,0.06669287699090844,0.007194993408566965,False
123,0.20980965272073007,-0.036212859379109584,0.022631406660718445,0.00654024030211928,-0.11716324,1.0,0.19675863572706384,-0.0015279626922444288,-0.14807432622090722,0.007194993408566965,False
123,0.17932665222542185,0.01677192172273236,0.39520988314316197,0.00654024030211928,-0.6433662,1.0,0.18998545259228755,0.05019445922835454,0.3050233103280714,-0.5289098117203935,False
123,0.1930871037885732,-0.0018017156339562726,-0.281409778260458,-0.3160791158065858,2.0820487,1.0,0.1939832783958755,-0.0015279626922444288,0.23513797124599403,0.007194993408566965,False
123,0.1930871037885732,-0.0018017156339562726,0.022631406660718445,0.00654024030211928,-0.34323767,1.0,0.35819051401649926,0.008816570027664008,0.022172641909317305,0.007194993408566965,False
123,0.1606437240354044,0.0009458710093885108,-0.36556058417401394,0.00654024030211928,-1.7408581,1.0,0.1939832783958755,0.006502605488964454,0.022172641909317305,0.007194993408566965,False
123,0.15804178856385817,-0.0018017156339562726,-0.23062817260588436,0.00654024030211928,1.3562154,1.0,0.1817960404657596,0.03644218070891746,-0.2719452446956988,-1.3851851840823173,False
123,0.1930871037885732,-0.0018017156339562726,-0.19786222777837034,0.2541939829213464,-0.21810775,1.0,0.1939832783958755,-0.005659299177503482,0.12490961218669425,0.007194993408566965,False
124,0.1930871037885732,-0.0018017156339562726,0.022631406660718445,-0.15394767683060961,0.3928962,1.0,0.1939832783958755,-0.0015279626922444288,-0.1701096136436913,0.396898414313712,False
124,0.12191904719346407,-0.013804542278090953,0.36391740838364806,0.00654024030211928,-1.8472123,1.0,0.2907203649743871,-0.0044642891521602356,0.022172641909317305,0.007194993408566965,False
124,0.1930871037885732,0.01781436556112435,-0.04580211282652091,0.00654024030211928,0.9778688,1.0,0.1939832783958755,-0.007188613402181883,0.25319849916642023,0.007194993408566965,False
124,0.2234804250192563,0.006868565742367583,0.022631406660718445,0.00654024030211928,-1.0745682,1.0,0.2501592993474894,-0.0015279626922444288,0.022172641909317305,0.1672068066929961,False
124,0.1930871037885732,-0.0018017156339562726,0.022631406660718445,0.00654024030211928,-0.74404705,1.0,0.1939832783958755,-0.0015279626922444288,0.022172641909317305,-0.16839726207337788,False
124,0.1930871037885732,-0.0018017156339562726,0.022631406660718445,0.23001262557096155,1.5626131,1.0,0.1939832783958755,-0.0015279626922444288,0.022172641909317305,0.2510525436929599,False
124,0.1930871037885732,-0.03828815519183402,0.022631406660718445,-1.0275259599244753,-0.28391528,1.0,0.22701008334414008,0.012256723074104236,0.022172641909317305,0.007194993408566965,False
124,0.16300583914343497,-0.0018017156339562726,-0.7421420090748398,0.00654024030211928,-1.4207133,1.0,0.1939832783958755,-0.0015279626922444288,0.022172641909317305,0.007194993408566965,False
124,0.1930871037885732,0.045628482753303105,-0.07513268450518493,0.00654024030211928,-1.1589817,1.0,0.1939832783958755,-0.03846621429073533,0.022172641909317305,-0.4514533729184208,False
125,0.2967634567321865,-0.0018017156339562726,-0.19954514856796451,-0.34353106434450886,1.2106388,1.0,0.1939832783958755,0.007490374183107967,0.17654136421409802,0.007194993408566965,False
125,0.1930871037885732,-0.0018017156339562726,0.2670477920298132,0.02383826090087852,1.151479,1.0,0.1939832783958755,-0.01945427627511168,0.09831149364126958,-0.2943798815366057,False
125,0.21165696808130502,-0.0018017156339562726,-0.0603275476058326,0.00654024030211928,-1.0197198,1.0,0.08517375647169845,-0.010897845496417579,0.27833550842244575,0.14590308568609203,False
125,0.21237870617697469,-0.0018017156339562726,0.1425908542210217,0.00654024030211928,0.29272026,1.0,0.1939832783958755,-0.031865240589433706,0.0758021941609725,0.332291730936288,False
125,0.42597981377720534,-0.0018017156339562726,0.022631406660718445,0.14888020506012498,0.8651581,1.0,0.1639378699648642,-0.0015279626922444288,0.022172641909317305,-0.8231865366190829,False
126,0.1930871037885732,0.014810787694402004,-0.2358746738873812,0.00654024030211928,0.40198803,1.0,0.19210786760808587,-0.0015279626922444288,0.022172641909317305,0.18174364986874328,False
126,0.1930871037885732,-0.0018017156339562726,0.022631406660718445,0.00654024030211928,-0.2488637,1.0,0.1939832783958755,-0.0015279626922444288,0.30870434609809627,0.007194993408566965,False
126,0.1930871037885732,-0.006052933734125732,0.022631406660718445,-0.2179819548044084,1.5276899,1.0,0.07715118427306822,-0.0015279626922444288,-0.09847202593423293,0.13665654319987725,False
126,0.1930871037885732,0.043780845026309974,0.43003232044483725,-0.4683259330106727,-0.6114493,1.0,0.1939832783958755,-0.005981919608090544,-0.1827445323303131,0.7904377982380972,False
126,0.1930871037885732,-0.016230693072442914,0.022631406660718445,-0.38401616414008233,0.14602049,1.0,0.1939832783958755,-0.0015279626922444288,0.022172641909317305,0.6362118327503232,False
126,0.16383189575711743,-0.0018017156339562726,-0.03297503624601619,0.00654024030211928,-0.30258134,1.0,0.1939832783958755,-0.0015279626922444288,0.29236781401095546,0.07046772708858118,False
127,0.1930871037885732,-0.0018017156339562726,0.022631406660718445,0.15092428405110808,0.9235344,1.0,0.1939832783958755,-0.0015279626922444288,-0.11954173486526609,-0.3933534274349833,False
127,0.10831902428797242,-0.0379739843087123,0.028737740994007124,0.00654024030211928,2.4112215,1.0,0.1939832783958755,0.03136774552670791,-0.09201540914565146,0.007194993408566965,False
127,0.28631681680375376,-0.025291635273239615,0.022631406660718445,0.00654024030211928,-2.461123,1.0,0.1939832783958755,-0.0015279626922444288,-0.2577192363124618,0.007194993408566965,False
127,0.1930871037885732,0.02074624679851331,0.022631406660718445,0.7249494435681542,-1.1053321,1.0,0.42745826899875017,-0.0015279626922444288,0.5147723267612194,-0.515783973824397,False
127,0.1930871037885732,0.0063457777109777605,0.034893742297531685,0.00654024030211928,1.2499894,1.0,0.10348524629038255,-0.009508982760354927,0.09619589379676284,0.007194993408566965,False
127,0.29552770524791333,0.004951673892260539,0.022631406660718445,-0.40553398071300595,-1.1989294,1.0,0.1939832783958755,0.053040067010481945,-0.1395957573114304,0.12857094843522635,False
127,0.10904518469786625,-0.0018017156339562726,-0.09310807382995026,0.00654024030211928,1.2763696,1.0,0.1939832783958755,-0.0015279626922444288,-0.007448425641903896,0.007194993408566965,False
127,0.17936137607638436,-0.0018017156339562726,0.022631406660718445,0.031991518165507465,1.1796674,1.0,0.35435952433524054,0.053153825092567206,-0.16978594994661092,0.007194993408566965,False
127,0.1930871037885732,-0.00456919570118009,-0.14079085547489506,-0.5572635702310783,-1.4362087,1.0,0.1939832783958755,0.0061744500211168875,0.022172641909317305,0.007194993408566965,False
128,0.2585874675052245,0.04237752990028126,0.32267452632635113,0.00654024030211928,1.4797993,1.0,0.11953561192760277,-0.0015279626922444288,0.0662300802296363,0.007194993408566965,False
128,0.1930871037885732,-0.0018017156339562726,-0.12499224785070892,-0.14977189219118123,1.1520543,1.0,0.1939832783958755,-0.0015279626922444288,0.022172641909317305,0.007194993408566965,False
128,0.24973726965124762,0.002265092264137975,-0.5338283056837363,0.4859974168467145,-1.1782339,1.0,0.1939832783958755,-0.01848503368012219,-0.20973081715485045,0.007194993408566965,False
128,0.1930871037885732,-0.0018017156339562726,-0.09831062664589993,0.00654024030211928,1.8789737,1.0,0.1939832783958755,-0.03562968682532543,0.5141448553176208,0.007194993408566965,False
128,0.08658233257217612,-0.0018017156339562726,-0.405830024256048,0.34678601896906197,0.23516005,1.0,0.1939832783958755,-0.0015279626922444288,0.11681394324331264,-0.39988684541487235,False
129,0.10235606511237279,-0.0018017156339562726,0.022631406660718445,0.5184862421384905,0.9662973,1.0,0.1939832783958755,0.041172776835273275,0.022172641909317305,0.007194993408566965,False
129,0.1930871037885732,-0.0018017156339562726,0.022631406660718445,0.12931147859744735,0.52875537,1.0,0.12345872681071703,-0.0015279626922444288,0.022172641909317305,0.007194993408566965,False
129,0.20094476789741575,-0.0018017156339562726,-0.13684918004997926,-0.11279130067717252,1.6289883,1.0,0.1939832783958755,0.00030167003972705127,0.022172641909317305,0.007194993408566965,False
129,0.17036557395602056,-0.0018017156339562726,-0.13538058341740167,0.00654024030211928,1.1797123,1.0,0.1687029649722321,-0.01325275136503716,0.022172641909317305,0.007194993408566965,False
129,0.20379324977275637,-0.014095936086587789,0.22638752382720478,0.00654024030211928,-1.8284576,1.0,0.17873411811938938,-0.044473768597923014,-0.08931430744656582,0.007194993408566965,False
129,0.1930871037885732,0.028066597104024333,-0.17269074899993087,0.00654024030211928,-0.21199691,1.0,0.26845312371727176,-0.0015279626922444288,0.022172641909317305,1.0456015536020573,False
129,0.19282500961970755,0.00875741887868078,0.022631406660718445,0.00654024030211928,-0.7215849,1.0,0.06412592591270605,-0.0015279626922444288,0.022172641909317305,0.007194993408566965,False
129,0.22789714502546612,-0.0018017156339562726,0.20482326272890275,0.10547789179393385,0.092668176,1.0,0.2533117219179726,-0.0015279626922444288,0.022172641909317305,-0.6204320063696083,False
129,0.24598838780385365,-0.0018017156339562726,0.05401677337944942,-0.13677289696938424,0.05352342,1.0,0.18051176765839902,0.00478060765089359,0.22248161671490485,0.007194993408566965,False
130,0.1930871037885732,-0.033927616762009366,0.022631406660718445,0.00654024030211928,-2.4098713,1.0,0.2170787217165489,-0.0015279626922444288,0.022172641909317305,0.2523895690619369,False
130,0.2606678065694306,-0.0018017156339562726,-0.5639227518870769,0.00654024030211928,-0.35840148,1.0,0.1939832783958755,0.05706996711002088,-0.07586000896901665,0.007194993408566965,False
130,0.23280856682109083,-0.0018017156339562726,0.10263031796189954,0.00654024030211928,0.2571576,1.0,0.030673685046933463,-0.0015279626922444288,-0.08437817275043956,0.09092012404476779,False
130,0.1930871037885732,0.014748893840096963,0.022631406660718445,0.00654024030211928,2.2953901,1.0,0.1676991606593424,-0.0015279626922444288,0.022172641909317305,-0.49120116834431937,False
130,0.2971066451119957,0.015345623851134034,0.5538214322346655,0.00654024030211928,-1.8080115,1.0,0.1939832783958755,-0.0015279626922444288,0.022172641909317305,-0.9907659396988275,False
130,0.11532243547409775,0.014397031463842042,0.06205601579830692,0.00654024030211928,0.98132336,1.0,0.1939832783958755,-0.011248520333112376,0.1222604129281251,0.007194993408566965,False
130,0.2520172751529237,0.028289987190150884,0.022631406660718445,0.00654024030211928,0.5240805,1.0,0.1939832783958755,-0.0015279626922444288,0.07777804166188633,-0.12029683443368183,False
130,0.3579810429308925,-0.0018017156339562726,0.022631406660718445,0.12405390615053453,-0.79559135,1.0,0.1939832783958755,-0.0015279626922444288,-0.12059801097009543,-0.19066894606043303,False
130,0.3626560913632126,0.01066266412028995,0.022631406660718445,0.00654024030211928,0.81442237,1.0,0.13371562057197983,-0.01476532359202854,-0.3145879855481929,-0.6773333863023137,False
130,0.23620875195943486,-0.047412677224680184,0.022631406660718445,-0.43417374927406277,-0.25925317,1.0,0.30809429971913144,-0.0015279626922444288,0.022172641909317305,-0.5783786948166204,False
130,0.1930871037885732,-0.03994284213252137,0.022631406660718445,0.9037533301710771,-0.44235143,1.0,0.20178965434615756,-0.0015279626922444288,0.022172641909317305,0.36483138975695445,False
130,0.1930871037885732,-0.0018017156339562726,-0.19983284662396794,-0.03145793107213317,-0.78478914,1.0,0.1939832783958755,-0.0015279626922444288,-0.17365064350690387,-0.341456219739859,False
130,0.1009781277323538,0.002426120823811267,0.022631406660718445,0.29099433496921523,-1.0551795,1.0,0.1939832783958755,-0.0015279626922444288,0.18190047161740977,0.007194993408566965,False
131,0.13036214019860343,-0.0018017156339562726,0.022631406660718445,0.00654024030211928,1.2563356,1.0,0.23249243477427398,-0.0015279626922444288,-0.34220094211694474,0.007194993408566965,False
131,0.1930871037885732,-0.0018017156339562726,0.19671567548513721,0.00654024030211928,-0.6340464,1.0,0.19308265255850246,-0.0015279626922444288,-0.11641093128125043,0.007194993408566965,False
131,0.35228380433634066,-0.014356749114613973,0.022631406660718445,-0.3696182834941505,-1.0018944,1.0,0.2464404978251327,0.04584125688852694,0.022172641909317305,0.6628675316712644,False
131,0.1930871037885732,-0.0018017156339562726,0.022631406660718445,0.00654024030211928,-0.38361585,1.0,0.28799569210705006,-0.0015279626922444288,0.022172641909317305,0.007194993408566965,False
131,0.1217834728197176,-0.0018017156339562726,0.1892632491646859,-0.09441884549393076,-0.68958044,1.0,0.1939832783958755,0.028965082196021803,0.022172641909317305,0.285240216496453,False
131,0.2238258293277725,0.038889227537011246,-0.4310495564695922,0.18687350728671032,-0.4109423,1.0,0.3870260066427547,-0.0015279626922444288,-0.16830748132911721,-0.1626223702192285,False
132,0.1930871037885732,-0.0018017156339562726,-0.12873294513337807,-0.24183501819859038,1.2186784,1.0,0.1603771403406186,0.024675850766063812,-0.12570365267836323,0.007194993408566965,False
132,0.07234510705625535,0.03730620578551287,-0.16132729834242104,0.00654024030211928,0.26775292,1.0,0.3122975805540221,-0.0015279626922444288,0.022172641909317305,0.007194993408566965,False
132,0.1930871037885732,-0.0018017156339562726,0.022631406660718445,0.514334560230028,1.1785642,1.0,0.26514246941480124,-0.0015279626922444288,0.06250505611726839,0.8243314077209805,False
132,0.13413668177514268,-0.0018017156339562726,-0.06303212917186654,0.00654024030211928,-0.690151,1.0,0.312021562671893,-0.02243110327923265,0.022172641909317305,-1.0815828409994277,False
132,0.14908798983975294,-0.0018017156339562726,0.022631406660718445,0.00654024030211928,2.2063844,1.0,0.18757518437637558,-0.0015279626922444288,0.022172641909317305,0.007194993408566965,False
132,0.1930871037885732,-0.0018017156339562726,0.0529923159709059,0.00654024030211928,-1.214345,1.0,0.09699236039949535,-0.0015279626922444288,0.022172641909317305,-0.45014863300127955,False
132,0.20170342477773706,-0.02095330013540421,0.022631406660718445,0.5992167464603756,-1.0817763,1.0,0.1939832783958755,-0.018841391574243253,-0.07896478331332195,0.007194993408566965,False
133,0.1930871037885732,-0.021537932240870406,-0.23840959959073071,0.45834407820121403,-0.338941,1.0,0.1939832783958755,-0.0015279626922444288,0.19172962550993974,0.007194993408566965,False
133,0.07904903767255567,-0.036560325375170045,0.022631406660718445,0.3352815460717894,-0.8986751,1.0,0.2416997337198659,0.07414445738673887,0.022172641909317305,-0.20471535611550953,False
133,0.1930871037885732,-0.026426558986431366,0.022631406660718445,-0.8630329393285826,1.559714,1.0,0.2180032084683153,-0.0015279626922444288,0.022172641909317305,0.5073160427342204,False
133,0.17697042908286817,0.017228868851686657,0.022631406660718445,0.00654024030211928,1.5267618,1.0,0.2824854724989094,-0.0015279626922444288,-0.03962137781383368,0.5367722043144522,False
133,0.41406012522040725,0.015438640828400935,0.37360929987346697,0.00654024030211928,-0.0044944286,1.0,0.2012388668083621,-0.053162793352274126,-0.18565643283656974,0.007194993408566965,False
134,0.06737915165596395,-0.0018017156339562726,0.022631406660718445,-0.09236118509106286,0.428912,1.0,0.1939832783958755,-0.04152490299608881,0.054024714703363924,-0.9596308982246566,False
134,0.1930871037885732,-0.0018017156339562726,0.022631406660718445,-0.16982860445305184,0.024054378,1.0,0.30268813196447447,-0.0015279626922444288,0.022172641909317305,0.2111572980242353,False
134,0.1930871037885732,0.0330704035086549,-0.12512765348161126,0.1320498926455975,-1.8526602,1.0,0.1939832783958755,-0.0015279626922444288,0.022172641909317305,0.007194993408566965,False
134,0.1930871037885732,-0.0317945863640852,-0.11084352671133652,-0.018056484145144037,-0.9438728,1.0,0.2533683982494016,-0.06358917139950293,-0.204873618639397,0.007194993408566965,False
134,0.13607798419628747,0.07311081603145593,0.6810903909193555,0.40782943423867557,1.1587411,1.0,0.1635399673353364,-0.0015279626922444288,-0.0011524484671100385,-1.5938736857431544,False
134,0.1930871037885732,-0.011534290059848067,0.19339566949020254,0.00654024030211928,1.5435323,1.0,0.1939832783958755,-0.01031856595787305,0.022172641909317305,0.3736513238573283,False
134,0.2694602299514328,-0.028200618915450087,0.022631406660718445,-0.7423950807324688,-1.385576,1.0,0.1939832783958755,-0.0015279626922444288,0.022172641909317305,0.007194993408566965,False
135,0.1930871037885732,-0.00030405616706350976,0.022631406660718445,0.00654024030211928,-0.6853744,1.0,0.17335807524485009,-0.03466711299727316,0.022172641909317305,-0.20956734630785356,False
135,0.09101643454456611,0.00928881364960505,0.022631406660718445,0.3334441943502444,0.6775631,1.0,0.1939832783958755,-0.0015279626922444288,0.022172641909317305,0.007194993408566965,False
135,0.13557571083996398,-0.0018017156339562726,0.022631406660718445,-0.22833520278837066,1.628755,1.0,0.2926857051510171,-0.0015279626922444288,0.04238885216777204,0.007194993408566965,False
135,0.07548935147461534,-0.0018017156339562726,0.022631406660718445,0.6701145245842134,0.50804895,1.0,0.1939832783958755,-0.0015279626922444288,0.022172641909317305,0.007194993408566965,False
135,0.1768919974219215,-0.0018017156339562726,-0.19090049123128378,0.6261705838920345,-1.5618467,1.0,0.1299653812483786,0.0429104261684825,0.022172641909317305,-0.6365662150431434,False
136,0.32543748258687444,0.00027815439227948805,0.022631406660718445,0.00654024030211928,-0.52439713,1.0,0.1939832783958755,-0.0015279626922444288,0.022172641909317305,0.007194993408566965,False
136,0.2246672924673149,-0.04914354625530457,0.022631406660718445,0.28530349838265856,1.9650124,1.0,0.1939832783958755,0.03831436072411186,0.14309467865755182,0.007194993408566965,False
136,0.1930871037885732,-0.0018017156339562726,-0.07677149146315972,0.11179405834493339,-0.81450784,1.0,0.1939832783958755,-0.0015279626922444288,0.022172641909317305,0.4464761288653941,False
136,0.1930871037885732,-0.0018017156339562726,0.3108832250029212,0.00654024030211928,2.2641032,1.0,0.29888869044594635,-0.0015279626922444288,-0.30528092807675483,-0.11525446199125114,False
136,0.22198270915350085,0.012948566980422953,-0.09613556669795503,0.00654024030211928,-0.81359124,1.0,0.1865676258701766,0.024526373977075352,0.160743478424328,0.007194993408566965,False
136,0.028356727287494082,0.02794094918686952,0.19016542809023676,0.00654024030211928,-0.38593924,1.0,0.1624190675829848,-0.0015279626922444288,0.019353008243322357,-0.0638183502418487,False
137,0.2200231181631304,-0.0018017156339562726,0.022631406660718445,0.00654024030211928,1.2141802,1.0,0.1939832783958755,-0.0015279626922444288,0.022172641909317305,0.007194993408566965,False
137,0.1930871037885732,0.0515984212157929,-0.4745739455882654,0.00654024030211928,-1.2164102,1.0,0.1939832783958755,0.01695986866423212,0.022172641909317305,-0.5345920876419656,False
137,0.12298808296653657,-0.0018017156339562726,-0.7285132766858635,0.00654024030211928,0.6023601,1.0,0.1939832783958755,-0.0015279626922444288,-0.025431507065571086,0.007194993408566965,False
137,0.20396735000434257,-0.0018017156339562726,0.2795982014440733,0.00654024030211928,0.29147142,1.0,0.1939832783958755,-0.0015279626922444288,0.14840375608719775,0.007194993408566965,False
137,0.3257508656758228,-0.006125803473847724,0.022631406660718445,-0.5436514134138698,-2.572312,1.0,0.032093238202755725,0.04919311983582768,0.022172641909317305,0.7542117013543814,False
137,0.22929786009126463,-0.0018017156339562726,0.022631406660718445,0.00654024030211928,0.5122031,1.0,0.1939832783958755,0.01736572161997623,0.022172641909317305,0.007194993408566965,False
137,0.1930871037885732,-0.00923282825824617,-0.2530504890707019,0.07517088567040073,1.609014,1.0,0.2545590997388828,-0.021169057147666804,0.022172641909317305,0.832828996881718,False
138,0.1930871037885732,-0.0002995823327632684,0.022631406660718445,0.00654024030211928,-0.41803354,1.0,0.1939832783958755,0.019407234084979047,-0.16299265971730967,-0.5498149875696026,False
138,0.2642630621449633,0.011190086952969403,0.0579292592607639,0.00654024030211928,-0.30649623,1.0,0.2390524470876467,-0.0015279626922444288,0.2286129704076377,-0.046545433318081975,False
138,0.1439634953334125,-0.0018017156339562726,0.022631406660718445,0.5138530816281794,2.1385796,1.0,0.2423609969107457,0.03525668065174632,0.022172641909317305,-0.13338408994078793,False
138,0.1930871037885732,0.00931925687944387,0.4487904360265126,-0.30098551406145235,2.2331269,1.0,0.06412764602966073,-0.0015279626922444288,0.022172641909317305,-0.5398473729936559,False
138,0.1930871037885732,-0.0018017156339562726,0.022631406660718445,0.00654024030211928,0.77962226,1.0,0.1939832783958755,0.04877395292464261,0.022172641909317305,0.007194993408566965,False
139,0.1930871037885732,-0.002729262692703039,0.022631406660718445,-0.6489978082642698,-0.6387014,1.0,0.1939832783958755,-0.0015279626922444288,-0.03831915513865755,0.007194993408566965,False
139,0.1930871037885732,-0.0018017156339562726,0.022631406660718445,0.00654024030211928,0.81397486,1.0,0.29583149461563296,-0.0015279626922444288,0.022172641909317305,0.007194993408566965,False
139,0.1930871037885732,-0.021474611790012397,0.43677719397932774,0.00654024030211928,1.188535,1.0,0.2517572423315576,-0.0015279626922444288,0.1449659264542643,-0.8247464298816228,False
139,0.11903332397365135,-0.0018017156339562726,0.07459923665213339,0.4675184164322651,1.7668085,1.0,0.1939832783958755,-0.0015279626922444288,0.022172641909317305,0.07003955356809656,False
139,0.4410564353777247,0.011869281842803059,-0.08678174182425534,0.00654024030211928,0.093126655,1.0,0.1939832783958755,-0.0015279626922444288,0.022172641909317305,0.007194993408566965,False
139,0.1930871037885732,-0.0018017156339562726,0.022631406660718445,0.026368183626091966,-0.34852275,1.0,0.1909379026612728,-0.0015279626922444288,0.022172641909317305,0.007194993408566965,False
140,0.1930871037885732,-0.028681886306117788,0.022631406660718445,0.00654024030211928,-0.4745113,1.0,0.1939832783958755,0.05437999270784735,0.039460228679577075,0.007194993408566965,False
140,0.1930871037885732,-0.018305730813981916,-0.5331443905186872,0.00654024030211928,0.8721601,1.0,0.3434138264839808,-0.0015279626922444288,0.18722162255726976,0.007194993408566965,False
140,0.1930871037885732,-0.0018017156339562726,0.022631406660718445,-0.6941895467985357,1.1735991,1.0,0.31932216525119006,0.004565664031422228,0.022172641909317305,-0.32816815381812176,False
140,0.1930871037885732,-0.0018017156339562726,0.022631406660718445,-0.3763576158785416,-2.155389,1.0,0.18069252074467346,0.021856700606132047,0.08101240631614715,-0.43285447756438294,False
140,0.2232606644410216,0.08917301465202848,0.022631406660718445,-0.09723657894760826,0.10452604,1.0,0.14818907279657323,-0.0015279626922444288,0.022172641909317305,-0.5176676679657766,False
140,0.1930871037885732,-0.011975450306286436,0.017843847602555356,0.00654024030211928,2.0504332,1.0,0.1939832783958755,0.0013399466856987164,0.04505434286318499,0.4650530759359405,False
140,0.1898739918942373,-0.0018017156339562726,0.022631406660718445,0.00654024030211928,2.2056093,1.0,0.25233017827792875,-0.0015279626922444288,0.022172641909317305,0.007194993408566965,False
140,-0.006161204539493453,-0.026907844717183306,0.022631406660718445,0.2067122509382256,-0.3363524,1.0,0.1939832783958755,-0.033443373960641926,-0.1872803102079344,0.007194993408566965,False
141,0.1930871037885732,-0.0018017156339562726,0.022631406660718445,-0.4420785090024827,-1.4754072,1.0,0.1939832783958755,-0.0015279626922444288,0.022172641909317305,0.007194993408566965,False
141,0.17422534194475292,-0.0018017156339562726,-0.18068577058559282,0.00654024030211928,-1.2832122,1.0,0.1939832783958755,-0.03972733824356933,0.022172641909317305,-0.1551518005725806,False
141,0.4529471584443778,-0.0018017156339562726,0.022631406660718445,0.285942265754619,-2.0665658,1.0,0.3146797446466813,-0.0015279626922444288,-0.03660128870857855,0.007194993408566965,False
141,0.1930871037885732,0.004267980441763063,-0.3800177422203297,-0.1435877866452087,0.024054378,1.0,0.2381446249202708,-0.0015279626922444288,-0.12572264066252062,-0.8278346953229487,False
141,0.1930871037885732,0.0009978956058598124,-0.04804929183678691,0.00654024030211928,0.8870423,1.0,0.2663976676789457,-0.0015279626922444288,0.12795783218065093,0.21381285833430594,False
141,0.1930871037885732,-0.0018017156339562726,-0.00916569239559896,0.00654024030211928,-0.032567985,1.0,0.29193682255136655,0.07582859153541593,-0.03536532892932301,0.006459439273571165,False
141,0.1930871037885732,-0.0018017156339562726,0.022631406660718445,-0.12574656357269498,0.41274005,1.0,0.26345245450683624,0.025860095926608376,0.022172641909317305,-0.26906035262035954,False
141,0.24958808668862836,-0.0018017156339562726,0.043676306426957134,0.00654024030211928,0.18684977,1.0,0.3119390883917124,-0.0015279626922444288,0.14817943065751707,-0.1536514916219405,False
141,0.21978226904373782,0.021837211949784517,0.18845704092552026,0.6787462903606167,-0.90148747,1.0,0.1266689826054483,0.02783910720409546,0.09477141464012959,0.007194993408566965,False
141,0.1930871037885732,-0.0018017156339562726,0.022631406660718445,-0.6330344921432235,0.25492716,1.0,0.09839136348550515,-0.0015279626922444288,0.3985403903668807,0.007194993408566965,False
142,0.2872075323466429,0.04473805594319057,0.022631406660718445,0.00654024030211928,-0.21695435,1.0,0.1939832783958755,-0.0015279626922444288,-0.26643036170381695,0.007194993408566965,False
142,0.30110932618754827,0.027657083982954796,0.021301926668252192,0.00654024030211928,-1.9910684,1.0,0.1939832783958755,0.0036353566346371204,0.15121755688485697,0.007194993408566965,False
142,0.1930871037885732,0.017498473330095746,-0.3493815956740516,-0.0393018309548506,1.8851852,1.0,0.1939832783958755,0.04514656288294486,0.022172641909317305,0.007194993408566965,False
142,0.1930871037885732,-0.023916749897800953,0.022631406660718445,0.14188137680597734,0.28904352,1.0,0.1939832783958755,-0.0015279626922444288,-0.32354489171855916,0.007194993408566965,False
142,0.21636573832964254,-0.0018017156339562726,-0.060554264490849885,0.23557042012273943,1.4826108,1.0,0.1939832783958755,-0.0018485756812028728,0.022172641909317305,0.007194993408566965,False
143,0.21338436562557017,-0.0010988207702584641,-0.07217201898519016,0.9254274994857256,1.2070453,1.0,0.11440716694975561,-0.0015279626922444288,-0.0095777886053845,-0.22207069739742966,False
143,0.1930871037885732,-0.0018017156339562726,-0.6238052695990095,0.8543681844629425,0.19955197,1.0,0.02396413291999036,-0.03591330656205954,0.022172641909317305,0.007194993408566965,False
143,0.16700825491830684,0.015953275382338337,0.20565468443037432,0.00654024030211928,-0.5932511,1.0,0.0916245223306071,0.004082541274366726,0.022172641909317305,-0.11297975717755408,False
143,0.1930871037885732,0.025356241814199137,0.022631406660718445,0.00654024030211928,0.68440557,1.0,0.1939832783958755,-0.0015279626922444288,0.3347369991594872,0.007194993408566965,False
143,0.10425310621851616,-0.010665051287061286,0.022631406660718445,0.5987924735934109,-0.34828055,1.0,0.27952251776652853,0.037527836579585166,-0.24283398306375417,1.2277525786052708,False
143,0.2197402389265474,-0.0018017156339562726,0.022631406660718445,-0.5949018836918847,-0.70554334,1.0,0.1280487827928889,-0.0015279626922444288,-0.06820342374968136,0.1008759000150666,False
144,0.1076339912094995,-0.0018017156339562726,0.022631406660718445,0.00654024030211928,-0.16169006,1.0,0.04220872845586643,-0.0015279626922444288,-0.036418016139355275,0.007194993408566965,False
144,0.20080073873453053,0.021808276536871746,0.022631406660718445,0.00654024030211928,1.5539998,1.0,0.17626767590708825,-0.0015279626922444288,0.022172641909317305,0.007194993408566965,False
144,0.42620602555184817,-0.0018017156339562726,0.022631406660718445,-0.23050399856165177,-0.30851495,1.0,0.1939832783958755,0.02062344374185087,-0.015907648165365215,0.007194993408566965,False
144,0.1930871037885732,-0.0018017156339562726,0.07382270189551574,0.30895524367144667,0.18575567,1.0,0.24685661009985543,-0.003562271945817708,0.27506040786175173,0.007194993408566965,False
144,0.16116075879794697,-0.0018017156339562726,0.022631406660718445,0.00654024030211928,-1.2164102,1.0,0.1939832783958755,-0.0015279626922444288,0.022172641909317305,0.007194993408566965,False
144,0.1930871037885732,-0.05721927223058027,0.0029258699416153215,0.3089531916092136,0.95623815,1.0,0.1939832783958755,0.029674413169145923,0.10353702199013666,0.007194993408566965,False
145,0.22796723021248,-0.04294750075420809,0.022631406660718445,0.00654024030211928,0.58403444,1.0,0.2643400729111317,-0.05557446364455135,0.2345564337548255,0.007194993408566965,False
145,0.18046412889387936,-0.0018017156339562726,0.022631406660718445,-0.32073337295669674,0.5128247,1.0,0.22010305646300476,0.010521546856584948,0.022172641909317305,0.16902048835793146,False
145,0.059050679996710514,0.01782810621424107,0.09924248269510555,0.00654024030211928,0.9568672,1.0,0.1939832783958755,-0.004930817276737996,0.022172641909317305,0.007194993408566965,False
145,0.1930871037885732,-0.030642373191475537,0.022631406660718445,-0.5365204971538763,-0.4192224,1.0,0.1939832783958755,0.0491166680751669,0.022172641909317305,0.18282741461328605,False
145,0.1930871037885732,-0.01222386412735774,-0.09885593586017824,-0.6420313809927499,1.301811,1.0,0.1159872846510458,-0.0015279626922444288,0.022172641909317305,0.007194993408566965,False
145,0.20317567082382731,-0.0018017156339562726,0.07929316720329815,0.3149467973778808,2.0110621,1.0,0.19830525491177547,-0.0015279626922444288,0.04732671060616836,0.007194993408566965,False
145,0.23388624108970868,-0.0018017156339562726,0.022631406660718445,0.16253124305648683,0.036482304,1.0,0.24034853618514943,-0.0015279626922444288,0.13307407478197425,0.007194993408566965,False
145,0.1930871037885732,-0.013588189544289982,0.022631406660718445,-0.08265590275801818,1.379494,1.0,0.36950145510855903,-0.06276760970281817,-0.14206934453573034,0.11646976415211385,False
146,0.3477109672856918,-0.0018017156339562726,0.2582569316304556,0.06932776446549357,0.32545987,1.0,0.1939832783958755,-0.0015279626922444288,-0.12408939120447121,0.007194993408566965,False
146,0.1930871037885732,0.010318137777732581,0.022631406660718445,0.00654024030211928,-0.16354129,1.0,0.1939832783958755,-0.0015279626922444288,0.022172641909317305,0.007194993408566965,False
146,0.1930871037885732,0.047841612159156395,0.4701883777658227,0.00654024030211928,1.4739876,1.0,0.2035502625494968,-0.0015279626922444288,-0.06730813103185049,-0.028848546898280505,False
146,0.1930871037885732,0.03155793606124273,0.022631406660718445,0.00654024030211928,1.309648,1.0,0.1939832783958755,0.01906541753475311,0.022172641909317305,0.007194993408566965,False
146,0.18051951661404683,-0.0018017156339562726,0.022631406660718445,3.8551124756936936e-05,-0.4451035,1.0,0.26916116495595427,-0.04942846725524599,0.022172641909317305,0.007194993408566965,False
146,0.1930871037885732,-0.01780688445256646,-0.19714346900916246,0.00654024030211928,1.5965356,1.0,0.15517468847246724,-0.0015279626922444288,0.022172641909317305,0.007194993408566965,False
147,0.1930871037885732,-0.06340533548582401,0.022631406660718445,0.00654024030211928,0.88210416,1.0,0.384183429652653,0.004991795749876049,-0.06872450591789578,0.007194993408566965,False
147,0.289751784960838,-0.0018017156339562726,0.022631406660718445,0.7515730429846526,-1.7853625,1.0,0.1939832783958755,0.036988419657628745,0.022172641909317305,0.007194993408566965,False
147,0.1930871037885732,-0.0018017156339562726,-0.26025029439729297,0.00654024030211928,-1.0862604,1.0,0.1939832783958755,-0.04608741894943684,-0.17301221033028377,0.007194993408566965,False
147,0.13960504031914095,-0.027625209252346527,0.07965214776384555,0.00654024030211928,-0.5012287,1.0,0.1939832783958755,-0.016593735485110707,0.022172641909317305,0.6495625040578074,False
147,0.1930871037885732,-0.0018017156339562726,0.1269200162061676,-0.03948577853344677,-0.18085659,1.0,0.1939832783958755,0.033735132901075146,-0.35137591265595974,0.6251760319793104,False
147,0.1747083189709917,-0.0018017156339562726,0.022631406660718445,0.00654024030211928,1.0100269,1.0,0.24714259476584355,-0.0015279626922444288,-0.31129096152145586,0.4898860845681251,False
148,0.1930871037885732,-0.009881684063719389,0.022631406660718445,0.00654024030211928,2.2641032,1.0,0.1939832783958755,-0.0015279626922444288,0.24849363363121252,0.27344925645910834,False
148,0.17998216821737054,-0.01937475860448541,0.022631406660718445,-0.13016134146009492,0.0023076534,1.0,0.13839718144834434,0.02151511460058907,0.04484916633278169,-0.3213684445579279,False
148,0.1930871037885732,-0.0060736498417837065,0.07758014978855944,0.00654024030211928,1.3049214,1.0,0.395433268537137,-0.0015279626922444288,0.022172641909317305,0.007194993408566965,False
148,0.199588650066905,0.020216713546139794,0.2441856212677154,-0.18549822366712332,0.111222565,1.0,0.1939832783958755,0.013623740391543425,0.022172641909317305,0.06119273464036963,False
148,0.1930871037885732,-0.0018017156339562726,0.19449084034945327,0.4382352003573127,0.2576024,1.0,0.06487769313326727,0.014830610368929412,-0.2045754282934307,0.007194993408566965,False
148,0.1702656338535581,-0.0018017156339562726,0.4155724387220378,0.00654024030211928,0.23438549,1.0,0.190971359316598,0.0005831195781458532,0.08204453540054829,0.007194993408566965,False
149,0.216151008921151,-0.043176859227750004,0.022631406660718445,-0.9282497091639275,-0.37178954,1.0,0.1939832783958755,-0.06343612116792859,-0.0014386091888040319,0.007194993408566965,False
149,0.22853866497502995,-0.0018017156339562726,-0.0896677591537656,0.00654024030211928,0.3694461,1.0,0.1939832783958755,0.023950669845986167,0.022172641909317305,0.007194993408566965,False
149,0.1930871037885732,0.028737066043775954,0.022631406660718445,-0.6991934105512002,-0.485348,1.0,0.1939832783958755,-0.0015279626922444288,0.07102517038499408,0.007194993408566965,False
149,0.1930871037885732,-0.00250854722948718,0.022631406660718445,0.00654024030211928,0.19327539,1.0,0.1926967336641301,-0.0015279626922444288,0.022172641909317305,-0.5694240135429703,False
149,0.3220768902350069,-0.0018017156339562726,0.022631406660718445,0.00654024030211928,0.26483494,1.0,0.1939832783958755,-0.0015279626922444288,0.02002271320111847,1.4992828440826486e-05,False
150,0.1441125637777523,-0.0018017156339562726,0.022631406660718445,0.00654024030211928,-1.3222809,1.0,0.1939832783958755,-0.0015279626922444288,0.12943751985208388,0.007194993408566965,False
150,0.1930871037885732,0.029297918920013946,-0.20728112906519766,-0.6625422110266945,-1.2323791,1.0,0.3169244592168431,-0.0015279626922444288,0.022172641909317305,0.2405821023138735,False
150,0.1930871037885732,-0.0018017156339562726,-0.03142113503871174,-0.29283778296441604,-0.66312313,1.0,0.12307246922074962,-0.0015279626922444288,0.2713734426133665,0.007194993408566965,False
150,0.17381357620194243,-0.0481275527484103,-0.2521102954033718,0.00654024030211928,0.8339709,1.0,0.22587503829373423,-0.0015279626922444288,0.2829045030818031,0.15301402015025614,False
150,0.20460121058965022,-0.0018017156339562726,-0.22482477675763762,0.00654024030211928,0.112965345,1.0,0.0015104416405803678,0.04564534106487764,0.022172641909317305,0.4810821657989888,False
150,0.24193541793452544,-0.030678317136581507,0.022631406660718445,0.00654024030211928,0.6684289,1.0,0.14993361769534239,-0.0013624663225726566,0.022172641909317305,-0.19562920353179106,False
150,0.13413513577837033,-0.02262465559265721,0.022631406660718445,1.148471327757678,0.1462521,1.0,0.1939832783958755,-0.005820601860797426,0.0359248991125843,0.007194993408566965,False
150,0.14913239239396564,-0.0018017156339562726,0.022631406660718445,-0.3906024198821031,0.37896484,1.0,0.33902436201658936,-0.0015279626922444288,0.4308891666884651,0.007194993408566965,False
150,0.20852001943166398,-0.0018017156339562726,0.4340804429831844,0.00654024030211928,0.44235963,1.0,0.1939832783958755,0.017466307217221443,0.022172641909317305,0.007194993408566965,False
150,0.12486664082237924,0.0003734450487403742,0.022631406660718445,-0.03115694394406716,-0.5164368,1.0,0.1253015809601279,0.0008952115832255646,-0.23299383818090816,-0.5321026863934849,False
150,0.10194450168518931,-0.03002279274547661,0.022631406660718445,-0.23882896303366197,-2.0745912,1.0,0.1939832783958755,0.008691625943759768,0.022172641909317305,0.007194993408566965,False
151,0.1930871037885732,-0.01466432804745603,0.022631406660718445,0.00654024030211928,-0.36518824,1.0,0.1939832783958755,-0.0015279626922444288,-0.2906249739977999,0.007194993408566965,False
151,0.3387448578465474,-0.0018017156339562726,0.022631406660718445,0.00654024030211928,-1.8126996,1.0,0.12777933332196284,-0.0015279626922444288,0.11505843730380609,0.007194993408566965,False
151,0.27040383003576485,-0.0018017156339562726,0.022631406660718445,0.00654024030211928,-0.14536023,1.0,0.24726206678282353,-0.0015279626922444288,0.022172641909317305,-0.14990051905369975,False
151,0.1930871037885732,0.01938158995005866,0.2078266996971071,0.00654024030211928,0.10189828,1.0,0.1939832783958755,-0.0015279626922444288,0.10460117805962915,0.007194993408566965,False
151,0.1930871037885732,-0.0018017156339562726,0.08040715088511823,0.00654024030211928,1.4178493,1.0,0.1939832783958755,-0.0015279626922444288,-0.22625962818171755,0.007194993408566965,False
151,0.1930871037885732,-0.0018017156339562726,0.022631406660718445,0.00654024030211928,1.0840628,1.0,0.1939832783958755,0.0596699504910616,0.022172641909317305,0.007194993408566965,False
151,0.1930871037885732,0.06942062340081726,0.29114867140185097,0.00654024030211928,-1.5294106,1.0,0.2094756183040441,0.03850526482073272,0.022172641909317305,0.007194993408566965,False
151,0.2339237992680872,-0.0018017156339562726,0.022631406660718445,-0.2789159087543779,0.12521553,1.0,0.36541645134214445,-0.021847237080418885,0.290712280246897,-0.7635146499761972,False
151,0.383345879872075,-0.0018017156339562726,-0.6085253277966418,0.14904031991594385,-0.6734781,1.0,0.23794997389789357,-0.001075132655086481,0.016436255597624093,0.007194993408566965,False
151,0.12986705095567647,-0.0018017156339562726,0.022631406660718445,0.00654024030211928,1.0644152,1.0,0.18498316220967792,0.051580210921110196,0.022172641909317305,0.007194993408566965,False
151,0.14178883519698815,-0.005920227504549059,0.022631406660718445,0.00654024030211928,-0.32141113,1.0,0.1939832783958755,0.02573894993536461,-0.3080105556380183,0.007194993408566965,False
151,0.1930871037885732,-0.0018017156339562726,0.022631406660718445,-1.0057597718191638,0.9966927,1.0,0.1939832783958755,0.030498306510919726,-0.2872182351165325,0.1971819378022855,False
151,0.1930871037885732,-0.0018017156339562726,0.022631406660718445,-0.10045223246904651,1.3057101,1.0,0.1939832783958755,0.006487172094335827,0.022172641909317305,0.007194993408566965,False
152,0.28472194362972614,-0.02501359435607834,0.0714390229200459,0.00654024030211928,-0.17904855,1.0,0.1939832783958755,0.0384870544106048,0.022172641909317305,0.007194993408566965,False
152,0.22921658646835,0.0320501131820235,0.022631406660718445,0.00654024030211928,-0.5932511,1.0,0.2528806195089922,0.00500449339126398,0.24242920112352742,0.007194993408566965,False
152,0.1833539394619489,-0.0018017156339562726,-0.083752332655296,-0.5264645641866156,-0.5352494,1.0,0.1939832783958755,-0.030322150010035454,-0.017811881123565253,0.007194993408566965,False
152,0.1930871037885732,-0.0018017156339562726,-0.08773206173165503,0.17544031655121883,0.54855955,1.0,0.17152285887138619,0.010156036600532952,0.15535754208192176,0.007194993408566965,False
152,0.32519595590099526,-0.0018017156339562726,0.022631406660718445,-0.2946003244171827,-0.2914029,1.0,0.24877143896600012,-0.015137066413998293,-0.21756492588503165,0.007194993408566965,False
153,0.21163422475100935,0.05426963876584166,-0.06662922061193431,0.13889486123362804,-0.23817188,1.0,0.3036385270264785,-0.0015279626922444288,-0.12572495198878939,0.007194993408566965,False
153,0.26374363013310453,-0.0018017156339562726,0.2041986069822056,-0.5824435258660509,1.0738776,1.0,0.1939832783958755,0.08450161963256074,0.20380754382308175,0.007194993408566965,False
153,0.24679565387651892,-0.0018017156339562726,0.022631406660718445,0.06839860328673181,-0.32205224,1.0,0.30561415746028864,0.010099278071483687,-0.376694200108964,0.007194993408566965,False
153,0.16400754007683802,-0.0018017156339562726,0.022631406660718445,0.08058707892782235,1.0083487,1.0,0.11594422844922024,-0.0015279626922444288,0.022172641909317305,1.2267904211826932,False
153,0.1744822198059903,-0.0018017156339562726,-0.2300232635136938,-0.3729521285999965,1.0705862,1.0,0.1939832783958755,-0.017788169148746553,0.31253820246994257,0.2691479934696964,False
153,0.3185746616751348,-0.018749860844061775,0.022631406660718445,0.00654024030211928,-0.8300395,1.0,0.34048798365545385,-0.012685129396981298,0.029509717967397132,0.5101455877790992,False
153,0.1930871037885732,-0.0018017156339562726,0.022631406660718445,-0.08383061838373362,2.218918,1.0,0.27342706261467714,0.029844264344491,0.0345128031058657,0.007194993408566965,False
153,0.29648349007717717,-0.00808979036778252,0.33622156787564933,0.6651997995348671,2.0964062,1.0,0.15499634050547453,-0.0015279626922444288,0.022172641909317305,-0.5122937235690079,False
153,0.20463370324280175,-0.0018017156339562726,-0.18599242620771467,0.00654024030211928,-0.78801537,1.0,0.1939832783958755,0.011730373843950157,-0.13684535707104245,0.15077227416027641,False
154,0.1930871037885732,-0.0018017156339562726,0.022631406660718445,-0.4017201690511674,2.1130774,1.0,0.30843396953972035,-0.0015279626922444288,0.10584581262671623,0.007194993408566965,False
154,0.1328514049522901,-0.025052014212557233,0.022631406660718445,0.48285200145539486,-1.8115485,1.0,0.4226697678424227,-0.0015279626922444288,-0.35182690409888445,0.25750113501500993,False
154,0.1930871037885732,0.06451771103963634,0.0862344080848451,0.00654024030211928,-0.28734893,1.0,0.1939832783958755,-0.0015279626922444288,0.022172641909317305,0.18209356665704426,False
154,0.28483713374973324,-0.0018017156339562726,0.022631406660718445,0.16713549469007558,-1.0956221,1.0,0.22494466052195494,-0.0015279626922444288,0.022172641909317305,0.007194993408566965,False
154,0.2480755292538582,-0.0018017156339562726,0.022631406660718445,0.4728023326781089,0.110945106,1.0,0.1939832783958755,-0.009356818684905713,-0.24599650155505273,-0.41969245957918144,False
155,0.1930871037885732,-0.0018017156339562726,0.022631406660718445,-0.04940339530597873,-0.3297227,1.0,0.1939832783958755,-0.0015279626922444288,-0.2636546636560822,-0.5302694041470235,False
155,0.18448934525818664,-0.0018017156339562726,0.40367001139807424,0.00654024030211928,1.6784284,1.0,0.1939832783958755,-0.028540550476810974,0.13745864120897391,0.06882101890122756,False
155,0.1930871037885732,0.022708355471320628,0.022631406660718445,-0.30988091583317023,1.6721891,1.0,0.1939832783958755,0.06273867836942763,0.12088271618546359,-0.01083200220165403,False
155,0.184211858878246,0.014817625925812934,0.10597548878206009,0.17575599212474277,0.7940757,1.0,0.17914097144599106,-0.017473941985523513,0.022172641909317305,0.007194993408566965,False
155,0.21060484856674297,-0.0018017156339562726,0.03056120349015857,0.6195705757329427,-1.7148397,1.0,0.1939832783958755,-0.05221669036992381,0.022172641909317305,0.45801765011871354,False
155,0.1952575591955043,-0.0018017156339562726,0.020782941969577584,-0.45960283246435096,0.92481434,1.0,0.1939832783958755,-0.0015279626922444288,0.022172641909317305,0.45574711293098624,False
156,0.1930871037885732,-0.0018017156339562726,-0.34383973113273303,0.00654024030211928,-1.3566401,1.0,0.1939832783958755,0.0013410876198967758,0.022172641909317305,0.007194993408566965,False
156,0.1930871037885732,-0.027397252485243252,0.022631406660718445,0.03658087209729215,0.24429846,1.0,0.35140841253198124,-0.0015279626922444288,0.022172641909317305,0.007194993408566965,False
156,0.11540220890755178,-0.0018017156339562726,0.0602252188304816,-0.7801393454064681,0.2999576,1.0,0.1939832783958755,-0.03328807591840872,-0.1652586956941327,-0.22419099985860444,False
156,0.1930871037885732,-0.023686403679721902,-0.07727503115307778,0.00654024030211928,-2.0484664,1.0,0.16306603325307104,0.01167629015718842,0.022172641909317305,0.3894430228332597,False
156,0.1930871037885732,-0.0018017156339562726,0.15068542618216169,-0.7348198749984651,-0.2837896,1.0,0.1939832783958755,0.006877627023101535,-0.008006013599382394,0.007194993408566965,False
156,0.23532680851675036,0.026334352567081654,0.022631406660718445,-0.2021118275095088,-1.2679031,1.0,0.1939832783958755,-0.0015279626922444288,-0.3095522980311737,0.007194993408566965,False
157,0.1930871037885732,-0.0018017156339562726,0.022631406660718445,-0.47727378837315576,0.8866159,1.0,0.1939832783958755,-0.0015279626922444288,-0.11183106266075518,0.3423587861598279,False
157,0.1930871037885732,-0.0018017156339562726,0.022631406660718445,-0.2431585623378427,0.54502904,1.0,0.1286377021268919,-0.0015279626922444288,0.022172641909317305,0.007194993408566965,False
157,0.1930871037885732,0.06685608226077903,0.022631406660718445,0.00654024030211928,-0.51373255,1.0,0.1261337370093406,-0.007426971716016403,0.022172641909317305,-0.44031008743571576,False
157,0.3445275881539731,-0.042629727354538474,0.4776187228519242,0.00654024030211928,1.1443642,1.0,0.1939832783958755,0.006567052552199151,0.022172641909317305,0.007194993408566965,False
157,0.1930871037885732,-0.0018017156339562726,0.13691540307559524,0.00654024030211928,-1.076127,1.0,0.1537833421902468,-0.0015279626922444288,-0.12695807868669018,0.007194993408566965,False
158,0.26024118780577754,0.025454709726504522,-0.09268065117033471,0.17706409179560917,1.4563147,1.0,0.3239858970392081,-0.0015279626922444288,0.04967326021946153,0.007194993408566965,False
158,0.25913804085453745,-0.0018017156339562726,0.022631406660718445,-0.03846390554300484,2.571334,1.0,0.1939832783958755,-0.0015279626922444288,0.022172641909317305,0.36729705919641953,False
158,0.13177590653098148,0.013881857187425465,0.022631406660718445,0.00654024030211928,2.1311438,1.0,0.07842170375592838,-0.018187933628999755,0.15198803798417407,-0.6970741747735907,False
158,0.17534821276098755,-0.0018017156339562726,0.022631406660718445,0.00654024030211928,-0.20548466,1.0,0.1939832783958755,-0.003596473773500061,0.12119517433873457,-0.3095507680362006,False
158,0.22895961126657507,-0.0018017156339562726,0.3066089984067656,-0.10830066848933181,-0.97654665,1.0,0.12515833936239812,0.00898601840477039,0.022172641909317305,0.007194993408566965,False
158,0.2624867080362399,-0.02999373157198617,0.022631406660718445,0.00654024030211928,-0.562884,1.0,0.1939832783958755,0.04272298810158387,0.21699415756043985,-0.4639222910458361,False
159,0.16751132417667242,-0.0018017156339562726,0.022631406660718445,-0.08400213658538287,-0.95475936,1.0,0.14283753778306948,-0.0015279626922444288,-0.09979704979428834,-1.2538389391914249,False
159,0.1930871037885732,0.027466551467757172,0.022631406660718445,0.14567302979580768,-1.6564939,1.0,0.1939832783958755,0.04568242208127105,0.022172641909317305,0.007194993408566965,False
159,0.2814896804617928,0.000685710691860505,0.022631406660718445,0.00654024030211928,1.8944268,1.0,0.23497438467814658,0.009695075606083497,-0.191766175141068,0.03413472331904454,False
159,0.2560167420821001,-0.0018017156339562726,-0.08535073192715237,0.00654024030211928,-1.02209,1.0,0.1939832783958755,-0.0015279626922444288,0.1621011826823862,-0.8926397868153182,False
159,0.3148031777366565,-0.0018017156339562726,0.022631406660718445,0.00654024030211928,-1.143043,1.0,0.1939832783958755,0.03703643058785524,-0.5086369525845174,0.3103594627760292,False
159,0.17630060594054212,0.03036732923227453,0.023672202784364712,0.00654024030211928,-1.4279513,1.0,0.2692491040324776,-0.0015279626922444288,-0.4265334942338554,0.07210644580955602,False
159,0.1930871037885732,0.018485405663499568,0.022631406660718445,0.00654024030211928,0.68092775,1.0,0.27843191795044486,0.013153934864711309,-0.08903285227307724,0.05341792374811792,False
159,0.1930871037885732,0.017204413659353462,0.022631406660718445,-0.6789026911925735,2.05766,1.0,0.10437266680511685,-0.0015279626922444288,0.15682325451899543,0.2743084971792443,False
160,0.315692007545211,-0.0018017156339562726,-0.2909143780823607,0.07638144038301167,0.3371347,1.0,0.1939832783958755,-0.007174606502779072,-0.032298647582510664,0.007194993408566965,False
160,0.1946430417019121,0.04324765161712379,0.022631406660718445,0.5885198860556459,0.40577006,1.0,0.1047652568610413,-0.0015279626922444288,0.01934652653352749,-0.7067059405737893,False
160,0.2689390496271747,-0.01703444071440082,0.16520722290788448,0.6085619098720586,0.7113954,1.0,0.226795681421332,-0.007656842448752961,-0.08376861652353185,0.007194993408566965,False
160,0.1930871037885732,-0.06322351189063019,-0.10885934784781665,0.00654024030211928,-0.77927,1.0,0.2573560936296857,-0.021755577230160555,0.022172641909317305,-0.23313093974781984,False
160,0.17683739701492515,-0.035363854959267874,0.02888662639164961,0.00654024030211928,-0.27118164,1.0,0.1577484134658948,0.0030557640268924356,0.012998314421255205,0.007194993408566965,False
161,0.24603227120853294,-0.06867322600350627,0.29927398199759236,-0.10585992046852834,0.19324595,1.0,0.1939832783958755,0.020282680361653913,0.14336238290260594,0.007194993408566965,False
161,0.1930871037885732,0.03623162356949552,0.022631406660718445,0.00654024030211928,-0.68250304,1.0,0.21513174721342165,0.005672823433427876,-0.18040816181741245,0.007194993408566965,False
161,0.1930871037885732,-0.05715049167464165,0.022631406660718445,0.00654024030211928,1.9112718,1.0,0.1939832783958755,-0.0015279626922444288,0.022172641909317305,0.38576601197655247,False
161,0.1930871037885732,0.002877636995318845,0.022631406660718445,0.00654024030211928,-0.57516706,1.0,0.16247688558495899,0.030995633309280235,0.2573124063616171,0.11367736375616216,False
161,0.1930871037885732,-0.0018017156339562726,0.022631406660718445,-0.6501144901299898,-1.3151555,1.0,0.08473533976009225,0.008018075243448494,0.041110274262801144,0.007194993408566965,False
161,0.1930871037885732,0.02697948337044434,0.022631406660718445,0.00654024030211928,0.67584485,1.0,0.1939832783958755,-0.050987730020188714,0.022172641909317305,0.007194993408566965,False
162,0.1930871037885732,-0.0018017156339562726,-0.4948930779820588,-0.25434357954695136,1.6067158,1.0,0.14599021532664105,0.05587017066268027,0.3469357500990853,-0.04233292802235836,False
162,0.09795064615170516,-0.0018017156339562726,0.022631406660718445,0.00654024030211928,-0.29878694,1.0,0.25962077221211344,-0.0015279626922444288,0.022172641909317305,0.007194993408566965,False
162,0.13876218196522744,-0.0455753309049599,0.022631406660718445,0.24487603633507068,-1.2914323,1.0,0.18954212289176878,-0.017909066256525757,0.022172641909317305,0.007194993408566965,False
162,0.1930871037885732,-0.0018017156339562726,0.04323248334394349,-0.5347367510580343,2.1392395,1.0,0.3239676759773077,0.04526932792662123,0.022172641909317305,0.007194993408566965,False
162,0.1930871037885732,-0.0018017156339562726,0.022631406660718445,-0.568708209313765,0.6498768,1.0,0.1939832783958755,-0.025712870163609677,0.022172641909317305,0.007194993408566965,False
162,0.1930871037885732,-0.03870228739412098,0.022631406660718445,0.23363773751008518,0.7498485,1.0,0.3336070896130967,0.038683289853019116,0.008934420742496006,0.007194993408566965,False
162,0.08475806401533736,-0.0018017156339562726,0.03273686167418827,0.083278745558259,-0.9652153,1.0,0.18063831803275887,-0.0015279626922444288,0.16188694126689082,0.007194993408566965,False
162,0.23721950938010317,-0.0018017156339562726,0.022631406660718445,0.00654024030211928,1.4826108,1.0,0.1781408528261779,0.027830870471331513,0.022172641909317305,0.16557073141163742,False
162,0.318416687525931,-0.0018017156339562726,0.022631406660718445,-0.15651842479393405,-1.3789802,1.0,0.1939832783958755,-0.0015279626922444288,0.022172641909317305,0.007194993408566965,False
163,0.034855059419449747,0.029598324259904614,0.022631406660718445,0.45223084080446674,-1.630578,1.0,0.36063187753249226,-0.0015279626922444288,0.1802461959170166,0.8788084304891176,False
163,0.1930871037885732,0.037568922252282366,0.022631406660718445,0.00654024030211928,-0.5186641,1.0,0.09313104033742084,-0.0015279626922444288,0.022172641909317305,-1.11100089337101,False
163,0.1656530093353578,0.020722713850416376,0.022631406660718445,0.2217805079147258,-1.0834907,1.0,0.1447629956019894,0.07077048834813338,0.022172641909317305,0.007194993408566965,False
163,0.1930871037885732,-0.0018017156339562726,0.022631406660718445,0.853214349470476,1.7966138,1.0,0.1939832783958755,0.04295734201146493,0.3485438285313976,-0.4231834742026523,False
163,0.1930871037885732,0.0037058431046249904,0.022631406660718445,0.00654024030211928,1.0587008,1.0,0.1939832783958755,0.04303510368509707,0.4021298703098539,-0.5287155530321778,False
163,-0.00846639642809316,-0.0018017156339562726,0.016244854046376926,0.26439251621326104,0.4925518,1.0,0.21391201304197763,-0.0015279626922444288,0.022172641909317305,0.26319190998168196,False
164,0.1930871037885732,-0.0018017156339562726,0.022631406660718445,-0.3722335828085881,0.17306371,1.0,0.12082203107558821,0.0008469501321433032,0.022172641909317305,0.007194993408566965,False
164,0.1930871037885732,0.0366328757926192,0.022631406660718445,-0.2371450839664971,0.16942027,1.0,0.18090871889580587,0.034810741739252485,0.015345287046265284,0.11853650624984297,False
164,0.1930871037885732,-0.02688320874401971,-0.08405534166410403,-0.2763888481159632,-0.6387014,1.0,0.31034971554786966,-0.0015279626922444288,0.09017041737675968,0.007194993408566965,False
164,0.1930871037885732,-0.005699206891806518,0.09949093549120411,0.00654024030211928,0.8568901,1.0,0.1939832783958755,-0.051557191106056374,0.3759182601301846,-0.10660294365823243,False
164,0.30480066259952643,0.028876579064619143,-0.5090778683800077,0.00654024030211928,-1.3974955,1.0,0.1939832783958755,0.0038416391095418144,-0.22987826789491708,0.007194993408566965,False
164,0.1930871037885732,-0.0018017156339562726,0.022631406660718445,-0.37290896329091794,-1.0689101,1.0,0.1939832783958755,0.019763912907778097,0.022172641909317305,0.317386298551956,False
165,0.1930871037885732,-0.0018017156339562726,-0.0341718488751878,-0.22093098423991198,-1.7717265,1.0,0.1939832783958755,-0.0015279626922444288,0.022172641909317305,0.1142658088840828,False
165,0.20526454149985132,-0.0018017156339562726,0.022631406660718445,0.7960477837744578,-0.24658349,1.0,0.1939832783958755,0.011152191357519147,0.022172641909317305,0.007194993408566965,False
165,0.1930871037885732,-0.0018017156339562726,0.022631406660718445,0.00654024030211928,-1.3246658,1.0,0.13347927574129423,0.003972080243230388,0.022172641909317305,0.007194993408566965,False
165,0.19842367755955526,-0.0018017156339562726,-0.3707107840369811,-0.28493007114646784,-0.19991314,1.0,0.1939832783958755,-0.0015279626922444288,0.022172641909317305,0.007194993408566965,False
165,0.19507336513190493,-0.0018017156339562726,-0.029740563420084715,-0.06562733683103707,1.4325258,1.0,0.1939832783958755,-0.005939109032360376,-0.06789105336829399,0.007194993408566965,False
165,0.1930871037885732,-0.0018017156339562726,-0.09722423964330902,0.2295888207181904,1.2569342,1.0,0.1255635715168257,-0.0015279626922444288,-0.01902276008707515,0.007194993408566965,False
166,0.1930871037885732,-0.0018017156339562726,0.022631406660718445,0.00654024030211928,-1.6437783,1.0,0.24738850299012888,0.005497118911970253,0.0039320073027479495,0.04765629004033964,False
166,0.1930871037885732,-0.0018017156339562726,0.16690513364555487,0.00654024030211928,2.935458,1.0,0.1939832783958755,-0.011446086647105603,0.3072698414418668,0.007194993408566965,False
166,0.19259051340186661,-0.0018017156339562726,-0.6317758364608146,0.00654024030211928,0.18766591,1.0,0.27464164785196266,0.02571669451398111,0.022172641909317305,-0.00014606134631704824,False
166,0.1930871037885732,0.016859265063937815,0.12310563374719924,0.00654024030211928,-0.06409365,1.0,0.1939832783958755,0.04772675609881419,0.022172641909317305,0.1453682100212371,False
166,0.17465086133292346,-0.023093336445509535,0.022631406660718445,0.00654024030211928,0.9792232,1.0,0.2879325196702192,-0.0015279626922444288,0.022172641909317305,0.007194993408566965,False
167,0.09902519407129445,-0.0018017156339562726,0.21739376898464596,0.00654024030211928,-0.3595329,1.0,0.34257052773024754,-0.0015279626922444288,0.12727636152376037,0.39932834044573323,False
167,0.1930871037885732,0.013070615001041896,0.029442825448154582,-0.317162460661291,1.16878,1.0,0.16874909036503985,-0.03508117910734773,0.022172641909317305,0.5571814872709776,False
167,0.1930871037885732,0.024306589012693284,-0.016393096833273252,0.00654024030211928,-0.527335,1.0,0.11010216326929333,0.0005201275007441011,-0.36166554710727733,0.011277037452044496,False
167,0.2885346159760411,0.006311468653381533,0.03250877261554963,0.00654024030211928,0.5285363,1.0,0.1939832783958755,-0.018746587932853647,0.022172641909317305,-0.06283661953660531,False
167,0.1930871037885732,0.048433053675901144,0.022631406660718445,-0.05301355779172885,-0.6828262,1.0,0.1939832783958755,-0.0015279626922444288,0.022172641909317305,0.10441888256847937,False
167,0.17288411149056865,-0.03770895175130401,0.1664662715447079,0.00654024030211928,1.3393966,1.0,0.293942912755321,-0.0015279626922444288,0.28430095375026565,0.007194993408566965,False
168,0.2746048644058498,0.011234751608133337,0.022631406660718445,-0.23319009402313104,1.4753251,1.0,0.1939832783958755,-0.011044127407668877,0.055772206582274,0.007194993408566965,False
168,0.30440152822293753,-0.0018017156339562726,0.022631406660718445,0.4541471429203481,0.48481405,1.0,0.1939832783958755,-0.0015279626922444288,0.22006560784626245,-0.5351249613904159,False
168,0.1930871037885732,-0.002197811837146148,0.022631406660718445,0.00654024030211928,1.6669445,1.0,0.1939832783958755,-0.021441296360505693,0.12613836004284532,0.007194993408566965,False
168,0.1930871037885732,-0.0011538672231104494,0.012103320955946514,-0.17006747169720207,2.019591,1.0,0.1939832783958755,-0.0015279626922444288,0.022172641909317305,0.007194993408566965,False
168,0.1930871037885732,-0.002911950073114591,0.1625871239499243,0.00654024030211928,0.4334675,1.0,0.1939832783958755,-0.0015279626922444288,-0.21889757614653085,0.007194993408566965,False
169,0.1930871037885732,0.0019691216221177786,0.3581328642676347,0.00654024030211928,1.3655913,1.0,0.23308315033660135,-0.0015279626922444288,0.03746787518832612,0.007194993408566965,False
169,0.2723725443157302,-0.0018017156339562726,-0.2961623579310915,0.00654024030211928,0.48524618,1.0,0.04425912308810909,0.026552474006057085,0.022172641909317305,-0.30669006589236864,False
169,0.1930871037885732,0.032549283114925255,0.4848086840335101,0.5362636532757734,1.4974332,1.0,0.1939832783958755,0.020961878096784743,0.022172641909317305,0.007194993408566965,False
169,0.20758289344739603,-0.0018017156339562726,0.3735235429738955,-0.2980657175124974,0.69527316,1.0,0.1939832783958755,-0.0015279626922444288,0.28150766231608,0.06981913802212941,False
169,0.3637664147932972,-0.00853394987299777,-0.0888537689817895,0.00654024030211928,0.64419687,1.0,0.1579498802614265,0.03924679083486706,0.022172641909317305,0.007194993408566965,False
169,0.3547826237318081,-0.0018017156339562726,0.0848428769056313,0.00654024030211928,-1.1639769,1.0,0.1939832783958755,-0.0015279626922444288,-0.2232805724320568,0.007194993408566965,False
169,0.3086756634280615,0.024928320488572814,0.022631406660718445,0.00654024030211928,0.09198743,1.0,0.19538726677659907,0.06941441928330887,0.022172641909317305,0.007194993408566965,False
169,0.23552457013350572,-0.0018017156339562726,-0.13090769380401057,0.00654024030211928,0.13075387,1.0,0.3034128644265269,0.0018764772144227327,-0.1862536522376125,0.007194993408566965,False
169,0.1930871037885732,-0.021185110940210732,0.022631406660718445,-0.024517681094494627,-1.3220835,1.0,0.32604114757683605,-0.0018191196682157773,0.022172641909317305,0.007194993408566965,False
169,0.262971647142333,-0.0018017156339562726,0.022631406660718445,-0.31464033217245413,-0.5817526,1.0,0.05442801307818432,-0.0015279626922444288,0.022172641909317305,-0.9150982314036915,False
169,0.1917372730116034,-0.04347462621552159,0.022631406660718445,0.00654024030211928,1.0252006,1.0,0.33223160494031667,-0.0015279626922444288,0.022172641909317305,0.5168096035055347,False
169,0.1930871037885732,-0.0018017156339562726,-0.17056748754225573,-0.024231454414070153,-2.1720376,1.0,0.30718285084499053,-0.0015279626922444288,0.022172641909317305,0.007194993408566965,False
169,0.186751269277859,-0.0018017156339562726,0.43812922698582035,0.00654024030211928,0.25031555,1.0,0.23344823374352497,-0.0003581531001225556,0.022172641909317305,0.1375339649608159,False
170,0.1930871037885732,0.024877880016878077,0.022631406660718445,0.6688500222355273,-0.40357134,1.0,0.1397264779364366,0.006932098444102797,0.2392515858682455,-0.5544558301789712,False
170,0.1930871037885732,0.048336050350323234,-0.2245902487575618,0.00654024030211928,-0.76699305,1.0,0.1939832783958755,-0.0015279626922444288,0.022172641909317305,-0.0413441860598885,False
170,0.1930871037885732,0.03000079216861247,0.022631406660718445,0.00654024030211928,-0.7873525,1.0,0.27647969176280995,-0.0015279626922444288,-0.2220597045405689,0.007194993408566965,False
170,0.1862378647447745,0.023468284722001857,0.022631406660718445,0.00654024030211928,-0.41367722,1.0,0.20236568802527446,0.0034712098028040973,0.022172641909317305,0.007194993408566965,False
170,0.1930871037885732,-0.0018017156339562726,0.022631406660718445,0.00654024030211928,-0.3579155,1.0,0.1939832783958755,0.029520962104202342,0.022172641909317305,0.22039676100607347,False
170,0.1711013080940751,-0.017433527497577712,0.022631406660718445,-0.23287872058007825,-0.17559096,1.0,0.1939832783958755,-0.0015279626922444288,0.022172641909317305,0.007194993408566965,False
170,0.18661543723798382,-0.008010935210566936,0.022631406660718445,-0.7428140614389377,0.2851186,1.0,0.1939832783958755,-0.0015279626922444288,0.022172641909317305,-0.20928118145742214,False
171,0.08150835589617021,-0.0018017156339562726,0.022631406660718445,0.00654024030211928,1.6642425,1.0,0.3169406024383513,-0.0015279626922444288,0.2947338514205211,0.09139410505243986,False
171,0.2647129281193416,0.042821234178405464,0.06508116435905253,0.00654024030211928,1.3307941,1.0,0.10457901233944475,-0.0015279626922444288,0.022172641909317305,0.007194993408566965,False
171,0.1930871037885732,-0.0018017156339562726,0.022631406660718445,-0.006170719184389845,-2.8516784,1.0,0.1939832783958755,-0.03609543424177225,0.022172641909317305,0.007194993408566965,False
171,0.1930871037885732,-0.0019041190090264284,0.022631406660718445,0.037842010593962444,1.0766412,1.0,0.21801679054223394,-0.007072802686470489,0.1733727992152609,0.007194993408566965,False
171,0.25864319973454925,-0.0018017156339562726,0.12935077101143283,0.14811170775383217,-1.1329911,1.0,0.11418408452523603,-0.0015279626922444288,0.022172641909317305,0.007194993408566965,False
171,0.2757318616974201,-0.0018017156339562726,0.022631406660718445,-0.09743757304317582,1.9124559,1.0,0.1939832783958755,0.010430684743326183,0.11211758182838494,-0.740370021241254,False
172,0.30868096180712334,-0.018769990396525448,0.4095032315038171,0.00654024030211928,-0.48384005,1.0,0.1939832783958755,-0.03768193533704156,0.3012614464056601,-0.13073708327353736,False
172,0.3469081025322328,-0.010267353765265864,0.022631406660718445,0.00654024030211928,-0.5943191,1.0,0.1939832783958755,-0.0015279626922444288,-0.07658336631925902,0.007194993408566965,False
172,0.17561552705475741,0.037053403444283206,0.022631406660718445,0.00654024030211928,0.4694873,1.0,0.39041719438547917,0.052581057786359825,0.022172641909317305,0.39027691201201625,False
172,0.04376650546654415,-0.0018017156339562726,0.23096293067795795,0.20418744036804898,-1.310837,1.0,0.3075301850805058,-0.0015279626922444288,0.022172641909317305,0.007194993408566965,False
172,0.1930871037885732,-0.05495556087238236,0.13114337814399074,0.00654024030211928,-1.673775,1.0,0.1939832783958755,-0.0015279626922444288,-0.005541874043111454,0.3334710052925749,False
172,0.1930871037885732,-0.0018017156339562726,-0.05263569066763488,-0.08196162170248883,2.1519275,1.0,0.1939832783958755,-0.024278738145169607,0.022172641909317305,0.007194993408566965,False
172,0.21700995900196302,-0.0018017156339562726,-0.056204426690024484,0.00654024030211928,-0.2892613,1.0,0.1939832783958755,-0.0015279626922444288,-0.11104126199460923,0.3453843370199666,False
172,0.18101473182708117,-0.049669634191852274,0.21341367999389443,-0.38279547512012724,1.5341372,1.0,0.24184170425772206,-0.0015279626922444288,0.022172641909317305,0.007194993408566965,False
172,0.22588883795902426,-0.0018017156339562726,-0.2269147120880519,0.00654024030211928,2.267942,1.0,0.3129352568314394,-0.0015279626922444288,0.4929198194098672,0.007194993408566965,False
172,0.1930871037885732,-0.028327723559296275,0.05981198847082915,-0.4274297367477366,-0.34886682,1.0,0.038330488836313015,-0.0015279626922444288,0.022172641909317305,0.007194993408566965,False
172,0.22193304066707215,0.027552901824401423,0.12697687295276416,0.5021116495446225,0.14133024,1.0,0.22183012999686486,-0.008396277186828519,0.022172641909317305,0.007194993408566965,False
172,0.2748493303942345,-0.02296184983153508,0.022631406660718445,-0.5126379488655031,-0.2288582,1.0,0.3533989531831109,-0.0015279626922444288,0.11526495479354255,0.007194993408566965,False
172,0.1930871037885732,0.034386393633562405,-0.10960099522690334,0.17678934946347166,1.1036129,1.0,0.2147014534877441,-0.0015279626922444288,0.0227770153284024,0.007194993408566965,False
172,0.1930871037885732,0.058101967049370394,0.022631406660718445,0.11540934198599329,-0.052640676,1.0,0.1939832783958755,-0.0015279626922444288,0.010977519792075133,0.2378714893026737,False
172,0.1930871037885732,-0.0018017156339562726,0.022631406660718445,0.00654024030211928,0.40825015,1.0,0.1939832783958755,0.030918979822021866,-0.05772235882017919,0.007194993408566965,False
172,0.1930871037885732,-0.0018017156339562726,0.022631406660718445,0.6911216656698317,0.14694679,1.0,0.1939832783958755,-0.0015279626922444288,0.08079372266809721,0.06284781902795289,False
173,0.21665076669260291,-0.008870197632528054,-0.2218032662504809,0.00654024030211928,0.14219254,1.0,0.1939832783958755,-0.021748651720280947,0.022172641909317305,-0.21114929704932522,False
173,0.1930871037885732,-0.019665507890021673,0.022631406660718445,-0.09368555725542678,0.30000043,1.0,0.1939832783958755,-0.0015279626922444288,-0.07444320497598475,0.16404448854393647,False
173,0.20318212297455446,-0.0018017156339562726,0.13916094787997102,0.00654024030211928,1.9381018,1.0,0.1939832783958755,-0.019352967605906272,0.022172641909317305,0.007194993408566965,False
173,0.13431467371959166,0.0029588095531792443,0.06238989719368652,0.00654024030211928,-0.54944843,1.0,0.1939832783958755,-0.0023881072205442877,0.022172641909317305,0.007194993408566965,False
173,0.1930871037885732,-0.0018017156339562726,0.22492749704813475,-0.19874955954167992,0.2739635,1.0,0.1939832783958755,0.03772105136268752,0.13902446235553684,0.007194993408566965,False
173,0.20942352952932297,0.043518450821020765,-0.03476699164170121,0.00654024030211928,0.4215439,1.0,0.2607248056849449,-0.0015279626922444288,-0.07727467717954702,-0.26268956304949204,False
173,0.1930871037885732,-0.0018017156339562726,0.022631406660718445,-0.5482087196237401,-0.6855314,1.0,0.1939832783958755,-0.05610305020606052,0.02514597602931431,0.007194993408566965,False
173,0.2552710257673549,0.021113462445292393,0.022631406660718445,0.22195340315813672,1.6081221,1.0,0.3335758230624339,-0.049196355916371906,0.22725106285159705,-0.4602858644944241,False
173,0.281380697232531,-0.0018017156339562726,0.25687624165638834,0.32810804052018633,0.015195414,1.0,0.1939832783958755,-0.0015279626922444288,0.37710364867582524,-0.5969663066418317,False
174,0.10621665954135506,-0.0018017156339562726,0.022631406660718445,0.0015608032902469544,-2.0080957,1.0,0.1939832783958755,-0.0015279626922444288,0.1417312399697635,0.44072025521708935,False
174,0.1930871037885732,0.05005526032739258,0.48254122336085675,0.6272590409017764,0.53630304,1.0,0.3256289131763983,-0.0015279626922444288,0.022172641909317305,-0.48221547556563665,False
174,0.1930871037885732,-0.0015513289028850448,0.022631406660718445,-0.3261450210762775,0.9597323,1.0,0.20040628072991068,-0.0015279626922444288,0.01900464986583161,-0.15746874582241677,False
174,0.20771738180612587,-0.05351517257606067,0.022631406660718445,-0.42074786210587206,-0.33950472,1.0,0.12364521488869654,-0.006824405854579909,-0.020002928216370706,0.9800458526533667,False
174,0.1930871037885732,-0.011785255772641307,0.3063886140695728,-0.651333631102997,0.29080778,1.0,0.1939832783958755,-0.0015279626922444288,-0.35423996773320965,0.028143442500787447,False
174,0.19468162863616756,0.02958735426951474,0.022631406660718445,-0.01600901655139446,-2.9480026,1.0,0.1939832783958755,0.010096666105018784,0.022172641909317305,-1.0236954990381688,False
174,0.1930871037885732,-0.031319638442445535,0.022631406660718445,0.00654024030211928,0.8946203,1.0,0.1939832783958755,-0.015742390297195995,0.03233859541464975,-0.08233266462778809,False
174,0.02234015065346323,-0.0018017156339562726,0.19873862782888527,0.00654024030211928,1.6545236,1.0,0.1939832783958755,-0.0015279626922444288,-0.33955073835792965,0.14011889402028083,False
174,0.1930871037885732,-0.028572469363518805,-0.22026489486284137,0.00654024030211928,2.3214693,1.0,0.22372178485372754,-0.0015279626922444288,0.18849392477256152,-0.6659073938247854,False
174,0.08727111421566254,-0.0018017156339562726,0.022631406660718445,0.5025980602960488,1.2562804,1.0,0.24508690278227147,-0.0015279626922444288,0.5313808736681435,0.007194993408566965,False
175,0.1930871037885732,-0.0018017156339562726,0.1297833102918713,-0.3244390013376504,-0.6789656,1.0,0.33602870983979577,-0.0482069629301439,0.022172641909317305,0.007194993408566965,False
175,0.1930871037885732,-0.0018017156339562726,0.022631406660718445,0.00654024030211928,1.7272472,1.0,0.1939832783958755,-0.0015279626922444288,-0.007039752437425533,0.007194993408566965,False
175,0.1930871037885732,-0.0018017156339562726,0.18843820864811892,0.00654024030211928,-0.48132968,1.0,0.3249563626693956,-0.008160823605008001,0.022172641909317305,-0.44718182928799866,False
175,0.1930871037885732,0.06500959733908124,0.022631406660718445,-0.2756416454554752,-1.4067018,1.0,0.1939832783958755,-0.0015279626922444288,0.06192597136262558,0.703458388692901,False
175,0.1125286093562552,-0.0018017156339562726,0.022631406660718445,-0.21863330455795596,0.5666708,1.0,0.1939832783958755,0.026015467323967978,0.022172641909317305,-0.03524532953373902,False
175,0.1930871037885732,-0.0018017156339562726,0.022631406660718445,0.02888470944501613,-2.9047966,1.0,0.16464441942070107,0.02128426863764533,-0.01560148033042064,0.007194993408566965,False
175,0.29919181684759394,0.0255864386915922,0.022631406660718445,0.23841605442256864,-0.67800456,1.0,0.22634385008082045,-0.0015279626922444288,0.002687942033850494,-0.23398053487073323,False
175,0.27167247116989157,-0.0018017156339562726,0.38175352056593786,0.00654024030211928,-1.49434,1.0,0.1939832783958755,-0.007461411292903059,0.022172641909317305,0.1762377973801451,False
175,0.2798780952535197,-0.004039615124839194,0.022631406660718445,0.00654024030211928,0.17002338,1.0,0.1939832783958755,-0.04169915809884362,0.20175972825381175,-0.14326238264660496,False
175,0.19116938831571592,-0.022926377488595384,0.022631406660718445,0.00654024030211928,-0.8123324,1.0,0.11589816584829248,-0.012868314176461905,-0.05740369812046543,0.007194993408566965,False
176,0.1930871037885732,-0.0018017156339562726,0.022631406660718445,0.041575605073046654,-0.099943936,1.0,0.23816144553296914,-0.01842961781186857,0.05738024356675232,0.007194993408566965,False
176,0.1930871037885732,-0.0018017156339562726,0.4510187146674651,0.00654024030211928,-0.61491364,1.0,0.16403273327324383,-0.0015279626922444288,0.046869124081432484,0.47211707456003443,False
176,0.2842119555586447,-0.0018017156339562726,0.022631406660718445,0.00654024030211928,-0.06818119,1.0,0.1939832783958755,-0.0015279626922444288,0.022172641909317305,-0.06735079088546672,False
176,0.28051063315269986,-0.03420129797914467,0.022631406660718445,0.00654024030211928,0.23260243,1.0,0.1939832783958755,0.050460041463472945,-0.0554517148194659,0.007194993408566965,False
176,0.1930871037885732,0.0006296211467171492,0.3695845231335513,0.00654024030211928,2.0459445,1.0,0.26974117164856826,-0.004611093063730623,0.022172641909317305,-0.33312369768630873,False
177,0.1711881167671624,-0.0005030674505827554,-0.029763602804911735,0.00654024030211928,-0.43539673,1.0,0.3431555044953013,-0.0015279626922444288,0.022172641909317305,0.007194993408566965,False
177,0.40158480924089723,-0.0018017156339562726,0.022631406660718445,0.00654024030211928,0.81780374,1.0,0.1939832783958755,-0.0015279626922444288,0.022172641909317305,0.007194993408566965,False
177,0.1930871037885732,-0.0018017156339562726,0.022631406660718445,0.00654024030211928,-2.4288206,1.0,0.17134336923384838,-0.0015279626922444288,0.022172641909317305,0.007194993408566965,False
177,0.22917415362854354,-0.0018017156339562726,0.022631406660718445,0.00654024030211928,-1.8974109,1.0,0.1939832783958755,0.00020561182918912044,0.022172641909317305,0.007194993408566965,False
177,0.2792093695780382,-0.0018017156339562726,-0.1264525275425953,-0.4896012462291735,-0.22173804,1.0,0.08213825999287966,-0.0015279626922444288,0.022172641909317305,0.007194993408566965,False
177,0.1930871037885732,-0.0018017156339562726,0.15946450668072745,0.00654024030211928,1.6545236,1.0,0.1939832783958755,-0.0015279626922444288,0.022172641909317305,0.007194993408566965,False
177,0.2769355862362114,-0.0018017156339562726,0.1029741869816706,0.14511650691808403,1.9535658,1.0,0.37362527567350823,-0.0015279626922444288,0.022172641909317305,0.018412509041596158,False
177,0.2419831911434295,-0.0018017156339562726,0.022631406660718445,-0.09881694587555036,1.0086261,1.0,0.1939832783958755,-0.03328103906592655,-0.2866146376252797,-0.47978445747921283,False
178,0.27193994006333866,-0.0018017156339562726,-0.030052331967012534,0.00654024030211928,0.1657851,1.0,0.16450928368384182,0.024908457252041067,0.19205252851736201,0.007194993408566965,False
178,0.1930871037885732,-0.0018017156339562726,0.27594557618598675,-0.8024320134783888,0.68437713,1.0,0.08578960400829275,-0.0015279626922444288,0.022172641909317305,0.007194993408566965,False
178,0.1930871037885732,-0.0018017156339562726,0.13240228086957395,-0.17239485227990017,0.8713042,1.0,0.1939832783958755,-0.0015279626922444288,-0.32838701297489226,0.007194993408566965,False
178,0.1930871037885732,-0.034124091464502,0.022631406660718445,0.00654024030211928,-2.518252,1.0,0.2933054648120127,-0.03156416757226912,0.022172641909317305,0.007194993408566965,False
178,0.11826498266416584,-0.0018017156339562726,0.022631406660718445,-0.23734312597253637,1.4560394,1.0,0.1939832783958755,0.023261157856118805,0.022172641909317305,-0.8196670947826654,False
178,0.1930871037885732,0.04322484703237254,-0.018994239489277906,0.00654024030211928,0.7367561,1.0,0.1939832783958755,0.04187853174598557,0.09520563190085049,-0.9734364777362481,False
179,0.2851955072533954,-0.0018017156339562726,0.022631406660718445,0.00654024030211928,-0.12943524,1.0,0.23750419721683974,-0.0015279626922444288,-0.3854727148020796,0.007194993408566965,False
179,0.20991953491848542,-0.01673899767730414,0.022631406660718445,0.00654024030211928,0.05815053,1.0,0.1939832783958755,-0.0015279626922444288,-0.13727943779772214,0.007194993408566965,False
179,0.18439243607285322,-0.0018017156339562726,0.3868855107061285,0.00654024030211928,-0.54961216,1.0,0.12114150093866516,-3.364312007429911e-05,-0.0004634830666011176,-0.06035371996662979,False
179,0.1930871037885732,0.0180803871730758,0.3857572860872652,-0.14286348067911095,-0.38976967,1.0,0.1939832783958755,-0.0015279626922444288,0.022172641909317305,0.007194993408566965,False
179,0.31327674068641886,-0.0018017156339562726,-0.2903626390460977,0.00654024030211928,0.7111946,1.0,0.1939832783958755,-0.0015279626922444288,0.10207965275822307,0.007194993408566965,False
179,0.1930871037885732,-0.0018017156339562726,-0.1156081026212964,0.4031644127621139,2.2557125,1.0,0.1939832783958755,-0.0015279626922444288,0.022172641909317305,-0.6941909055721058,False
179,0.1930871037885732,-0.011417128361674099,-0.09301692794190754,0.00654024030211928,0.7517017,1.0,0.18971268466564362,0.04460498198475974,0.16494215375424293,0.007194993408566965,False
179,0.1930871037885732,0.03985149245710705,0.022631406660718445,0.00654024030211928,1.2756724,1.0,0.1939832783958755,-0.0015279626922444288,0.022172641909317305,0.007194993408566965,False
180,0.15427947372228654,-0.0018017156339562726,-0.17518622030393122,0.00654024030211928,0.389219,1.0,0.268009668432993,0.017319431915394114,-0.08336090637166547,0.4048044553761016,False
180,0.170407602164573,-0.0018017156339562726,0.022631406660718445,0.42056726854021986,-0.7122194,1.0,0.22890475411402617,-0.0015279626922444288,0.022172641909317305,0.007194993408566965,False
180,0.16554273586681437,-0.0018017156339562726,-0.68094870260031,0.00654024030211928,-1.2148318,1.0,0.1939832783958755,-0.004437783063184656,0.4369521363314231,-0.26134687771686177,False
180,0.17319146519210477,0.03212219757313805,0.31720262136099875,0.00654024030211928,0.9270761,1.0,0.1939832783958755,-0.0015279626922444288,0.022172641909317305,0.007194993408566965,False
180,0.304814313178435,-0.0018017156339562726,0.01731350857753946,-0.5831219304400925,-1.3566401,1.0,0.1939832783958755,0.05546734622572595,0.3313795295622275,0.007194993408566965,False
180,0.23770406675859818,-0.011719398495130564,0.09632574618582593,-0.395692182239823,0.4418152,1.0,0.2957687788470202,-0.0015279626922444288,0.022172641909317305,0.7796612274422526,False
180,0.1930871037885732,0.008464051546118699,-0.08378794472531995,-0.08601925975887426,-0.70572954,1.0,0.14283990484666642,-0.0015279626922444288,0.022172641909317305,-0.2311182311937775,False
181,0.29880553905650964,-0.0018017156339562726,0.022631406660718445,0.06753806018895728,-0.9213527,1.0,0.17775754835735388,-0.009552372317618438,0.022172641909317305,-0.9649436203779217,False
181,0.1930871037885732,-0.0018017156339562726,0.022631406660718445,0.2076972408101096,0.8985026,1.0,0.21021317553188687,-0.03895139819585127,0.022172641909317305,0.007194993408566965,False
181,0.23519442920300013,-0.0018017156339562726,0.14544478080510476,0.00654024030211928,0.13986778,1.0,0.1939832783958755,-0.0015279626922444288,-0.14297204910151168,0.007194993408566965,False
181,0.16945024843488093,-0.0018017156339562726,-0.4871088495014007,0.00654024030211928,-0.56335455,1.0,0.3362611082959637,-0.04658015581274568,0.022172641909317305,0.007194993408566965,False
181,0.1930871037885732,-0.0018017156339562726,0.022631406660718445,-0.7604872854165264,-0.6931653,1.0,0.1939832783958755,-0.0015279626922444288,0.3245212296244552,-0.29419352131856846,False
181,0.1930871037885732,-0.013522200611174488,0.022631406660718445,0.31918985005735356,0.602993,1.0,0.1939832783958755,-0.004949115451035,0.022172641909317305,0.007194993408566965,False
181,0.30809730794415774,-0.0018017156339562726,0.022631406660718445,-0.2387269359394763,-0.5736569,1.0,0.33952680361236676,-0.0015279626922444288,0.022172641909317305,-0.34843897695640236,False
182,0.08544027994413621,-0.013317607801391896,-0.24190150848144887,0.00654024030211928,2.403867,1.0,0.1939832783958755,-0.0015279626922444288,0.022172641909317305,-0.027365782015041553,False
182,0.1930871037885732,-0.0018017156339562726,0.022631406660718445,0.43381307824718385,-1.9259083,1.0,0.08425387445779745,-0.05934386397130077,0.022172641909317305,0.5430005666327455,False
182,0.1930871037885732,-0.0018017156339562726,-0.20554653624174188,0.00654024030211928,-0.088672735,1.0,0.10048274409031818,-0.0015279626922444288,0.05762776759289648,0.007194993408566965,False
182,0.1930871037885732,-0.0018017156339562726,0.022631406660718445,-0.013985329928852715,2.2331269,1.0,0.1939832783958755,0.013396082756771989,-0.34530120108545914,-0.050491529038440536,False
182,0.1930871037885732,-0.0018017156339562726,-0.3672095368268904,0.5208699104282314,0.49340287,1.0,0.1939832783958755,-0.0015279626922444288,0.022172641909317305,0.007194993408566965,False
182,0.21684830881598932,-0.0018017156339562726,0.014239411659415935,0.00654024030211928,2.1021214,1.0,0.1939832783958755,0.005054484909903172,-0.06822370880723008,0.007194993408566965,False
182,0.1930871037885732,-0.0018017156339562726,-0.3277505461374036,0.00654024030211928,0.1890426,1.0,0.1939832783958755,0.0033631144744940464,0.022172641909317305,0.007194993408566965,False
182,0.1930871037885732,-0.0018017156339562726,-0.0944722174693792,0.9246768767215158,-0.24846876,1.0,0.1939832783958755,-0.008484873805603308,0.37782540662729935,0.2787717152057962,False
182,0.19941354970901173,0.022269802136856923,0.022631406660718445,0.12182970469695995,1.245076,1.0,0.2691296624600455,-0.0015279626922444288,-0.012186905370431874,0.007194993408566965,False
182,0.2774590492915063,0.0011096849693563418,0.022631406660718445,0.5737438499413563,0.32617226,1.0,0.18196690287954467,-0.0015279626922444288,0.07437071763472809,0.15512109176391986,False
182,0.1930871037885732,-0.0018017156339562726,0.2940170529261295,0.00654024030211928,0.28991735,1.0,0.1939832783958755,-0.04049493414565979,-0.06674953125960244,0.007194993408566965,False
182,0.2602992638425547,-0.0041046141846577755,0.022631406660718445,0.018052237427579845,-1.1207161,1.0,0.1939832783958755,0.013461503740300895,0.022172641909317305,-0.4818664141416176,False
182,0.2584899895457699,-0.0018017156339562726,-0.03029651929118935,0.00654024030211928,0.74849266,1.0,0.1939832783958755,-0.0015279626922444288,0.3039052720744651,0.007194993408566965,False
182,0.18996718305276505,-0.0018017156339562726,-0.5392916894326611,0.00654024030211928,1.0255461,1.0,0.22235458490353677,0.015328098286585396,-0.28217728128649583,0.007194993408566965,False
183,0.1930871037885732,-0.026674585045721514,0.022631406660718445,0.00654024030211928,1.0359608,1.0,0.11865687572014848,0.08053423905931913,-0.02226039180589309,0.007194993408566965,False
183,0.12582302878124807,-0.0018017156339562726,-0.6167000536657299,0.00654024030211928,0.94604576,1.0,0.3516520906931351,-0.027992943978957577,0.022172641909317305,-0.31694078784641944,False
183,0.13639978056149826,-0.0018017156339562726,0.022631406660718445,0.00654024030211928,-0.053755373,1.0,0.1939832783958755,0.035791840356545805,-0.4085644441210287,0.007194993408566965,False
183,0.22863292878810842,-0.0018017156339562726,0.022631406660718445,-0.0170247266049324,1.0303814,1.0,0.22139054497573413,0.003973432728373324,0.022172641909317305,0.007194993408566965,False
183,0.1521445018042382,-0.0018017156339562726,0.06570573255900555,-0.040747256790421,-0.42438707,1.0,0.1939832783958755,-0.0015279626922444288,0.516722383956995,0.15347220421757116,False
183,0.3199059290390083,-0.0018017156339562726,-0.16137502104538132,0.00654024030211928,-0.37847635,1.0,0.1939832783958755,0.01652061554754413,0.30743656901102695,0.007194993408566965,False
184,0.25080016342726646,-0.0018017156339562726,0.22648100429509066,0.00654024030211928,-1.680896,1.0,0.1939832783958755,0.07574024052532329,-0.22982854999905963,0.04679771359246519,False
184,0.1019406386018964,-0.0018017156339562726,0.1304264870386574,0.00654024030211928,-0.2798838,1.0,0.29190238215658826,-0.031207860764753938,0.24784788613095704,0.007194993408566965,False
184,0.1930871037885732,-0.0018017156339562726,0.022631406660718445,-0.5773801883097185,-1.9526993,1.0,0.20625325699596592,0.050935010667238184,0.022172641909317305,0.007194993408566965,False
184,0.1930871037885732,-0.0018017156339562726,-0.036972595675927235,-0.13058579433251863,1.7272472,1.0,0.1939832783958755,0.05065200134994873,0.022172641909317305,-0.06702632118455544,False
184,0.1930871037885732,0.0400617824830594,0.022631406660718445,0.5163221805087822,0.70131683,1.0,0.28793910330369615,0.006290427095775646,0.011996119206331769,0.14732638455249147,False
184,0.28197879566780926,0.059347091088759546,0.022631406660718445,0.4082803839146704,0.8443169,1.0,0.1939832783958755,-0.0015279626922444288,-0.13911232928129078,0.4838334541116841,False
184,0.10477657690836298,-0.0018017156339562726,0.022631406660718445,0.00654024030211928,0.9142018,1.0,0.1939832783958755,-0.0015279626922444288,-0.20206072481786852,-0.9539560839915021,False
184,0.2104351992789508,-0.04452017083815681,-0.09682019196437294,0.00654024030211928,0.3371347,1.0,0.1939832783958755,-0.0015279626922444288,0.022172641909317305,0.007194993408566965,False
185,0.1930871037885732,-0.0018017156339562726,0.11370163486170398,0.074576192635087,-0.9541918,1.0,0.1939832783958755,-0.0015279626922444288,0.03488946517295392,-0.5592935157686416,False
185,0.1330580226493217,-0.038441465196052675,0.022631406660718445,0.050407237660830245,1.8387306,1.0,0.29896567709637334,-0.0015279626922444288,-0.13053901549965727,-0.5140760115448696,False
185,0.33101407999131816,-0.002075139066469958,0.022631406660718445,0.2116331861759089,0.7009881,1.0,0.37589226804157405,0.003923854487276597,0.14607933230290152,-0.7375955106982642,False
185,0.20508924359792605,0.000673351603839909,0.022631406660718445,-0.034662302751425886,1.5971856,1.0,0.1939832783958755,-0.0015279626922444288,0.04780851485646091,-0.5613465356393785,False
185,0.16881060276782386,-0.0018017156339562726,0.23324469065215053,0.00654024030211928,-1.4430763,1.0,0.1939832783958755,-0.0015279626922444288,0.022172641909317305,0.18915574535713398,False
186,0.2048986241045314,-0.0018017156339562726,0.022631406660718445,0.00654024030211928,-0.5894197,1.0,0.08152058578341315,-0.0015279626922444288,0.022172641909317305,0.6601631246009192,False
186,0.1930871037885732,0.045288006949351596,0.022631406660718445,0.00654024030211928,1.2552481,1.0,0.28875354062604836,0.025346709595218928,-0.43835414340366313,-0.276833320839557,False
186,0.06524515696056679,-0.0018017156339562726,-0.09771526987623423,0.1840920089319382,-0.7975828,1.0,0.1939832783958755,0.010491346813030118,0.022172641909317305,0.007194993408566965,False
186,0.1930871037885732,-0.0018017156339562726,0.022631406660718445,0.00654024030211928,0.37965977,1.0,0.1939832783958755,-0.02111645366256271,0.022172641909317305,0.007194993408566965,False
186,0.27441196218141845,-0.002555157407337733,0.022631406660718445,0.06214412910668282,0.4942446,1.0,0.1939832783958755,-0.0015279626922444288,0.022172641909317305,-0.6808052189267795,False
187,0.1930871037885732,-0.054463087690241656,-0.08440530491000728,0.00654024030211928,-1.8710384,1.0,0.1939832783958755,-0.004421832252932338,0.20536824494309994,0.5890044964172426,False
187,0.1930871037885732,0.003265711212910297,0.022631406660718445,0.00654024030211928,-2.528574,1.0,0.1939832783958755,0.026912003199481827,0.3705168174216714,0.007194993408566965,False
187,0.1930871037885732,0.0351625564788115,0.10118400683940797,0.00654024030211928,1.0222634,1.0,0.34065524600145325,-0.0015279626922444288,0.022172641909317305,0.007194993408566965,False
187,0.2997755699597351,-0.004674570620212324,-0.14344031177438277,0.19249457375734189,1.2499189,1.0,0.09894141274301475,0.03976446320149882,0.09684935059412998,0.3138666019261779,False
187,0.26488759903368697,0.006874988701870993,0.022631406660718445,0.22603279487424752,1.4515347,1.0,0.3294022561062646,-0.0015279626922444288,0.03195007743847558,0.5578922767900852,False
188,0.2461574549570587,-0.050086430946378664,0.396944709424602,0.00654024030211928,1.5686371,1.0,0.1939832783958755,0.022769392948234716,0.022172641909317305,0.007194993408566965,False
188,0.14204301615274487,-0.027690704313193454,0.022631406660718445,-0.6106192043526026,-0.8872671,1.0,0.1939832783958755,0.016647986245227824,0.022172641909317305,-1.5590020491003767,False
188,0.1930871037885732,-0.0018017156339562726,0.022631406660718445,0.43910757881401935,2.4112215,1.0,0.15312435092375182,0.06480297546065439,-0.06085021716987768,0.007194993408566965,False
188,0.18464545180511668,-0.0018017156339562726,0.022631406660718445,0.00654024030211928,1.286004,1.0,0.1939832783958755,-0.0015279626922444288,0.169379627122205,0.007194993408566965,False
188,0.1930871037885732,0.006372598119175408,-0.35720352761917645,0.00654024030211928,0.19416195,1.0,0.167291184690038,-0.0015279626922444288,0.007098749815945939,0.007194993408566965,False
188,0.22260718687444683,-0.0018017156339562726,0.022631406660718445,0.4306926836146712,-0.8100902,1.0,0.1939832783958755,-0.0324039999350785,0.022172641909317305,0.3965445846888018,False
188,0.1350901991424737,-0.018099163825131073,0.022631406660718445,-0.1687847347955148,0.6818981,1.0,0.1939832783958755,-0.0015279626922444288,0.022172641909317305,-0.1378785924609732,False
188,0.1930871037885732,-0.0018017156339562726,0.18006066615515787,-0.7176940836229184,0.91627204,1.0,0.2490939304504532,-0.0015279626922444288,-0.04746260094280419,-0.6602447366839793,False
189,0.2081997432966127,-0.0018017156339562726,-0.18860666926123495,-0.6415122452488695,-0.38897908,1.0,0.20556593327210912,0.04899387683323111,0.022172641909317305,0.007194993408566965,False
189,0.280561021195651,-0.0018017156339562726,0.022631406660718445,0.28676215461946863,-2.4778879,1.0,0.1939832783958755,-0.0015279626922444288,0.4614759126938602,-0.15460012700916625,False
189,0.1930871037885732,-0.0018017156339562726,0.022631406660718445,0.15480739781467823,0.69465816,1.0,0.1939832783958755,0.05004171813624144,0.022172641909317305,-0.11560970205726462,False
189,0.1930871037885732,-0.011390340703626888,-0.04980942885469308,-0.36304178404800985,-0.2436552,1.0,0.09999159742180064,-0.0015279626922444288,0.022172641909317305,0.007194993408566965,False
189,0.1930871037885732,-0.0018017156339562726,0.022631406660718445,0.00654024030211928,0.5190569,1.0,0.1939832783958755,-0.0015279626922444288,-0.012645569538850033,0.007194993408566965,False
189,0.1930871037885732,-0.0035460487426769507,0.022631406660718445,0.00654024030211928,-0.9166469,1.0,0.20249196439870348,-0.0015279626922444288,0.3533963458797244,-0.22775395607796406,False
190,0.1930871037885732,-0.051757301701405224,0.022631406660718445,0.00654024030211928,-1.6857026,1.0,0.1939832783958755,-0.007369377462491404,0.08302711238042776,0.007194993408566965,False
190,0.1930871037885732,-0.0018017156339562726,-0.048049048651386594,0.00654024030211928,-1.2609528,1.0,0.1939832783958755,0.01372693795525354,0.022172641909317305,0.007194993408566965,False
190,0.1930871037885732,0.034836456680895155,-0.19151547792646392,0.00654024030211928,0.4681115,1.0,0.2683712659391855,-0.023148008169157207,0.04929910818443418,0.5321049000100614,False
190,0.19937559453393117,0.01010184530420841,0.021980811543295366,0.00654024030211928,2.3885918,1.0,0.1939832783958755,-0.02183690055716184,-0.10556421843700098,0.7112860274291867,False
190,0.13095168411840796,0.07076192284198131,0.022631406660718445,0.42384999209569757,-2.473057,1.0,0.2912736870207927,-0.04021228636435043,0.022172641909317305,-0.37697320143455104,False
191,0.10995416208904922,-0.0018017156339562726,0.022631406660718445,-0.18785494513964546,-0.1718955,1.0,0.1939832783958755,-0.0015279626922444288,-0.004368276187170974,0.007194993408566965,False
191,0.11174277728822406,0.02635780691481754,0.022631406660718445,0.00654024030211928,0.49037412,1.0,0.1939832783958755,-0.0015279626922444288,0.022172641909317305,0.18961403861988924,False
191,0.1930871037885732,-0.0018017156339562726,0.022631406660718445,-0.6254755589027173,-1.356217,1.0,0.20550862711909604,-0.001755759177790829,-0.000716653750591767,0.007194993408566965,False
191,0.1930871037885732,0.029264526866629913,0.3049885859924716,0.00654024030211928,0.85006714,1.0,0.3089622052786809,-0.0015279626922444288,0.022172641909317305,0.007194993408566965,False
191,0.32174634467324736,0.03334573271336012,0.17298912653611545,0.00654024030211928,-0.5764419,1.0,0.21725789168633408,-0.013715023582370953,0.025036482433073905,0.007194993408566965,False
192,0.1930871037885732,0.017556560306914163,0.19209672872030942,0.6414392229455415,1.5333574,1.0,0.21125197014420077,-0.03102956589039544,-0.09730622027107198,0.5769931435829808,False
192,0.12655041835400782,-0.04392744813552703,0.022631406660718445,0.00654024030211928,-1.1190854,1.0,0.1939832783958755,0.021906265093142575,0.022172641909317305,-0.38128514737786795,False
192,0.24038014136425023,-0.0018017156339562726,0.022631406660718445,-0.4539680135766485,1.0376612,1.0,0.12746816720931753,0.005006095414827959,0.3578077607506816,-0.3940890771159893,False
192,0.1930871037885732,-0.05311366097174553,0.022631406660718445,0.23186288368391994,-0.6260502,1.0,0.1939832783958755,0.0069454418725856115,0.34005277650958304,0.007194993408566965,False
192,0.1930871037885732,-0.0018017156339562726,0.289330772987659,0.11264481814600893,-1.3646472,1.0,0.1939832783958755,-0.0015279626922444288,0.07914622490760613,0.007194993408566965,False
193,0.20901964073549958,-0.0057010202676361305,0.022631406660718445,0.26766350341280915,-2.0546415,1.0,0.1939832783958755,0.009491580625981868,-0.08965922169191476,0.32042720957069076,False
193,0.02066650417228863,-0.024086775578801883,0.022631406660718445,0.00654024030211928,2.1488419,1.0,0.1939832783958755,-0.0015279626922444288,0.3672133567901352,0.25688893077921354,False
193,0.2747682896251547,0.00033740072442332153,0.33313667352575127,0.00654024030211928,0.546284,1.0,0.1939832783958755,-0.0015279626922444288,0.022172641909317305,0.007194993408566965,False
193,0.16142669505508764,-0.01613365044668448,0.3171065339456214,0.2906648529769827,-1.3474778,1.0,0.33560945797107394,0.0037398850699261435,-0.1758300973967473,-0.43628918373916165,False
193,-0.02905333225291956,-0.0018017156339562726,0.022631406660718445,0.00654024030211928,-0.1496908,1.0,0.1939832783958755,-0.0015279626922444288,-0.17257243418359997,0.007194993408566965,False
193,0.19405354263510038,0.022420782950376607,0.1740763500964835,-0.3150429683832418,-0.90605915,1.0,0.2903514607767057,-0.0015279626922444288,0.022172641909317305,-0.004196497859650421,False
193,0.1930871037885732,-0.012096103170496829,0.3063700152501558,0.25753780032962337,0.37845266,1.0,0.12257560658836941,0.01673672760938595,-0.07346185680247602,0.007194993408566965,False
193,0.23377083720224662,-0.030058335828741248,0.022631406660718445,0.2811741731522092,-1.9861876,1.0,0.1939832783958755,-0.0015279626922444288,0.022172641909317305,0.7859419307749088,False
193,0.1930871037885732,-0.0018017156339562726,-0.2348133933455201,-0.3209800884388613,-0.4624322,1.0,0.4205159226365168,0.01524347397889627,0.022172641909317305,-0.5664858554335167,False
194,0.26543036223634253,0.05050431467009192,0.022631406660718445,-0.4790925635313275,-2.1333935,1.0,0.1732174671005111,-0.04038105555158116,0.022172641909317305,0.3424250313935833,False
194,0.2684172203659998,-0.0018017156339562726,-0.6901503712327328,-0.3059065033007734,0.25459823,1.0,0.1939832783958755,-0.0015279626922444288,-0.02957298926087325,0.007194993408566965,False
194,0.2762011728756464,-0.0018017156339562726,0.022631406660718445,0.5854517650084394,-0.73611164,1.0,0.27322614382100713,-0.0015279626922444288,0.056773252229332744,-0.09206680115322688,False
194,0.20750472231553507,-0.0018017156339562726,0.022631406660718445,-0.7161417165441304,-0.28692678,1.0,0.1922702397985836,0.023233888087880916,0.022172641909317305,-0.3365140341138634,False
194,0.1930871037885732,0.014872116936113532,0.4282334488563669,0.00654024030211928,-0.12270722,1.0,0.1939832783958755,-0.0015279626922444288,0.022172641909317305,0.007194993408566965,False
194,0.22313529173733476,-0.0053162652777913166,0.6231298160632908,0.00654024030211928,-0.078944564,1.0,0.10274089231722774,-0.007674699182378614,0.022172641909317305,0.6119947591981437,False
194,0.2592936101198732,-0.011699092091854536,-0.1487459168355752,0.00654024030211928,1.1387011,1.0,0.1939832783958755,0.02484135041051801,0.24381521669027023,0.007194993408566965,False
194,0.1360807517213738,0.006326231111191838,0.022631406660718445,-0.09242902914857622,0.6569102,1.0,0.1939832783958755,0.05065993418290332,0.03367674178083397,-0.022931675947842994,False
195,0.14789053326812263,-0.0018017156339562726,0.022631406660718445,-0.6789685011883997,-0.649324,1.0,0.1939832783958755,0.005096512157676461,0.18628152716906446,0.17691539148541494,False
195,0.1930871037885732,-0.04848967509179366,0.022631406660718445,0.00654024030211928,1.150302,1.0,0.1939832783958755,0.04817110477696079,0.022172641909317305,0.007194993408566965,False
195,0.1930871037885732,-0.0018017156339562726,-0.12394803892395082,-0.16419576562539887,0.20377436,1.0,0.1939832783958755,-0.0015279626922444288,0.03492575640872469,0.007194993408566965,False
195,0.1930871037885732,-0.0031801506344498872,0.022631406660718445,0.00654024030211928,-1.1523485,1.0,0.1939832783958755,-0.010053191343960603,0.022172641909317305,0.007194993408566965,False
195,0.1930871037885732,-0.017665409042709176,0.022631406660718445,0.00654024030211928,1.2711674,1.0,0.25498464601787685,-0.02092515135239855,0.30191068527639753,1.096431667056518,False
196,0.1930871037885732,-0.0018017156339562726,-0.06915610174224097,0.8359246091228327,0.52528536,1.0,0.1939832783958755,-0.0015279626922444288,-0.3936512989181916,0.7469920628294423,False
196,0.1930871037885732,-0.015007959655903503,0.022631406660718445,-0.014804730528894697,-0.8119241,1.0,0.1939832783958755,0.0036367264761269264,0.022172641909317305,0.007194993408566965,False
196,0.1930871037885732,-0.02743219558575191,0.022631406660718445,0.00654024030211928,0.6239079,1.0,0.1939832783958755,0.00799718606129413,0.022172641909317305,1.0525046709441739,False
196,0.18574782384933258,-0.030793864907342015,0.022631406660718445,0.00654024030211928,2.4283886,1.0,0.1939832783958755,0.025051345178783557,0.022172641909317305,0.007194993408566965,False
196,0.3536358071433437,-0.02971792028506654,-0.1363921179537718,-0.3213547518013136,0.47997916,1.0,0.25817081256410573,-0.0015279626922444288,0.022172641909317305,-0.11590856087762581,False
196,0.1930871037885732,0.03574898329252156,0.022631406660718445,-0.5815179737967429,0.07525265,1.0,0.13808334002105493,0.03457022861858007,-0.07798693626272668,0.007194993408566965,False
197,0.26645049870409654,-0.0018017156339562726,-0.1522571054648313,0.00654024030211928,0.4697543,1.0,0.24338518194565034,-0.0015279626922444288,0.022172641909317305,0.007194993408566965,False
197,0.1930871037885732,-0.0018017156339562726,-0.05357694462331036,0.00654024030211928,-0.054893494,1.0,0.1939832783958755,-0.0015279626922444288,0.3065735568415068,0.17611011151200553,False
197,0.1930871037885732,-0.0018017156339562726,0.022631406660718445,0.00654024030211928,-1.9038434,1.0,0.1968182842074787,0.014633003447634074,0.022172641909317305,0.007194993408566965,False
197,0.32125834411181736,-0.0018017156339562726,-0.10657322999125021,0.00654024030211928,-0.76873696,1.0,0.30427726886307127,-0.0015279626922444288,0.022172641909317305,0.007194993408566965,False
197,0.1930871037885732,-0.0018017156339562726,0.022631406660718445,0.00654024030211928,1.0029984,1.0,0.1939832783958755,0.020918488539521232,0.022172641909317305,-0.08461453084244193,False
197,0.1930871037885732,-0.0018017156339562726,-0.14975511679210216,-0.15980822256395213,1.3964205,1.0,0.1476041226704988,-0.0294864517325637,0.022172641909317305,-0.22916088472794507,False
197,0.1930871037885732,-0.0018017156339562726,0.022631406660718445,0.00654024030211928,0.81780374,1.0,0.24257197382191836,0.004773393305203795,0.022172641909317305,-0.19104548833691648,False
197,0.24323425372166307,-0.0018017156339562726,-0.24238562252158874,0.00654024030211928,-0.9442371,1.0,0.16839006542314242,-0.0015279626922444288,0.022172641909317305,-0.8733646804982538,False
198,0.1930871037885732,-0.02638250610407757,-0.0027534089420122934,-0.7714442897106653,-0.840508,1.0,0.1939832783958755,-0.034255952274169076,0.16203637777497693,0.007194993408566965,False
198,0.1930871037885732,-0.0018017156339562726,0.022631406660718445,0.47481198562505,0.054050475,1.0,0.1939832783958755,-0.005336056538255021,-0.045027813767281946,0.007194993408566965,False
198,0.3472403582336319,0.0004172392049057311,-0.12846468245456885,0.00654024030211928,-0.06716272,1.0,0.1939832783958755,0.03379355239977211,0.022172641909317305,-0.09293787137939064,False
198,0.11659448925295164,-0.0018017156339562726,0.2964622723990062,0.00654024030211928,0.6466253,1.0,0.12870134645421477,-0.0015279626922444288,0.022172641909317305,-0.8613103046605312,False
198,0.0739588299390779,-0.0018017156339562726,0.022631406660718445,-0.44853973295265215,-1.5308292,1.0,0.1939832783958755,-0.0015279626922444288,-0.0009839093837962394,0.007194993408566965,False
198,0.1930871037885732,-0.0018017156339562726,0.022631406660718445,0.16520130003156536,-2.104555,1.0,0.27386613388406256,-0.05561059104430161,-0.18252408836837491,0.007194993408566965,False
199,0.1930871037885732,0.015913800971015423,0.022631406660718445,0.285298710237448,0.54399633,1.0,0.1939832783958755,-0.0015279626922444288,-0.15540561908709938,0.007194993408566965,False
199,0.12553764159434544,0.00894206750185116,0.022631406660718445,0.00654024030211928,-2.025032,1.0,0.27733331121827126,0.028962333998607877,0.022172641909317305,0.6031741699251283,False
199,0.1930871037885732,-0.041694084376728675,0.16580382478679986,0.00654024030211928,-0.6215871,1.0,0.35313630806863383,-0.0015279626922444288,-0.058578324857930616,0.3581489927980758,False
199,0.3465455223904394,-0.029700122543313875,0.022631406660718445,0.2796210140494015,-0.54769343,1.0,0.1939832783958755,-0.02303361477928083,0.022172641909317305,0.007194993408566965,False
199,0.1930871037885732,-0.028005323218373127,-0.3647397848108287,0.00654024030211928,-0.7993206,1.0,0.11827137163274085,-0.0015279626922444288,0.07071599880114324,-0.2472276161038943,False
199,0.20739987987639386,-0.0018017156339562726,0.022631406660718445,0.2548430826066559,0.82862806,1.0,0.1939832783958755,0.03923656827403853,-0.14420383971629508,-0.5287573384873159,False
199,0.2622196895813586,-0.0018017156339562726,0.022631406660718445,0.41992860917153485,1.4324603,1.0,0.1939832783958755,-0.0015279626922444288,0.13183621815478927,0.007194993408566965,False
200,0.1930871037885732,0.006361334032434623,0.022631406660718445,-0.08522827077047399,-0.67059416,1.0,0.1939832783958755,-0.0015279626922444288,0.2235110833855027,0.007194993408566965,False
200,0.1930871037885732,-0.0018017156339562726,0.022631406660718445,0.11724325560327058,-0.50628304,1.0,0.1939832783958755,-0.0015279626922444288,-0.11837066288908768,0.20732388289860113,False
200,0.1930871037885732,0.007976521016681719,0.022631406660718445,0.2828633983815076,0.69042635,1.0,0.2416846180018483,0.03687381275193804,0.022172641909317305,-0.08884323346180356,False
200,0.1930871037885732,-0.06900749761895927,0.022631406660718445,-0.1260521768410584,-0.54211104,1.0,0.2768757905528765,-0.027819115907831433,0.022172641909317305,0.007194993408566965,False
200,0.30065762792069894,-0.015347483085480347,0.022631406660718445,0.17174741455621956,0.83556837,1.0,0.1939832783958755,0.02694397817511286,0.022172641909317305,-0.998776298805142,False
200,0.1930871037885732,-0.0018017156339562726,0.23461884380265693,0.20110792497528504,-1.2967768,1.0,0.1939832783958755,-0.0015279626922444288,0.2901296309785359,0.007194993408566965,False
200,0.1930871037885732,-0.0018017156339562726,-0.2689676933509197,0.0037370445393277484,-0.65978825,1.0,0.1939832783958755,0.03256520508930761,0.022172641909317305,0.007194993408566965,False
200,0.17904581332285077,-0.0018017156339562726,0.022631406660718445,0.20466348280503444,-1.5498946,1.0,0.37713346181369817,-0.009157289466324894,0.022172641909317305,0.007194993408566965,False
200,0.1930871037885732,-0.006485049044016825,-0.062176972575322995,0.6388038710229664,-0.13603783,1.0,0.3308006350790431,-0.0015279626922444288,0.022172641909317305,-0.02305682984671164,False
200,0.28293028987887026,0.02973058508743537,0.022631406660718445,0.024160911685940378,-1.2438552,1.0,0.18661333835880384,0.016794295664651522,-0.1688677195098596,-0.026865225567097122,False
200,0.1930871037885732,0.025322168557686046,0.022631406660718445,0.18654226124097917,1.1626823,1.0,0.2468430470537792,-0.0015279626922444288,0.022172641909317305,0.007194993408566965,False
201,0.1930871037885732,-0.0018017156339562726,0.17039802500529033,0.00654024030211928,-1.5434144,1.0,0.1939832783958755,0.024735475384694425,-0.09018948089818368,0.007194993408566965,False
201,0.3237306563428717,-0.0014365005301165417,0.022631406660718445,-0.54703749610393,2.3730526,1.0,0.3356058502921513,0.03393069242839625,0.022172641909317305,0.007194993408566965,False
201,0.32860718060147676,-0.0018017156339562726,0.022631406660718445,0.03220486513570185,0.32008645,1.0,0.18037095781893042,0.03221908154523182,0.022172641909317305,0.007194993408566965,False
201,0.1620701942622477,-0.0018017156339562726,0.07998007354877112,0.00654024030211928,0.49135205,1.0,0.24357563162042145,-0.0015279626922444288,0.021723323008397258,0.007194993408566965,False
201,0.15674805647470733,0.0015258168958288939,0.022631406660718445,-0.5600896199369636,0.20600198,1.0,0.1939832783958755,-0.0015279626922444288,-0.1237463396735414,-0.3215291438475049,False
201,0.2594460797571122,-0.0018017156339562726,-0.1522267364720384,0.0634928290088364,-0.7089246,1.0,0.2532246238720841,0.03033685449754705,0.16265618380740568,-0.1303402488444063,False
201,0.1930871037885732,-0.024773430952904744,0.022631406660718445,0.00654024030211928,1.4560993,1.0,0.23821376068291578,-0.0015279626922444288,0.12464147883465353,0.09484669198056053,False
202,0.21423609914613986,-0.0018017156339562726,-0.027057965814240373,0.3571193403487081,-1.3106575,1.0,0.1939832783958755,-0.010518308692268202,0.022172641909317305,-0.05635892762972697,False
202,0.1930871037885732,0.03840147561655732,0.2246257331485764,-0.26684888279650376,-1.2065668,1.0,0.1939832783958755,-0.0015279626922444288,0.20036678846069417,1.2873132314930154,False
202,0.20680636503524996,-0.03146711891988667,0.022631406660718445,-0.2670323803614523,-0.025960892,1.0,0.15310378943723393,-0.0015279626922444288,0.022172641909317305,-0.06647921563039179,False
202,0.1930871037885732,-0.0018017156339562726,0.19618012286912004,0.3430017642035983,1.6132791,1.0,0.17870930200730661,-0.0015279626922444288,0.022172641909317305,-0.44673671227503425,False
202,0.1930871037885732,0.04330614076578955,-0.1711479030009253,-0.5241494419756784,-0.22312838,1.0,0.1939832783958755,0.004731823217057512,0.022172641909317305,-0.8925152312164659,False
202,0.1930871037885732,0.015055580658841158,0.30888643940824834,-0.35061759125830233,0.87214845,1.0,0.1939832783958755,0.022253061932485642,0.19858747683586242,-0.009985321232052497,False
203,0.2939551860420313,-0.0006844874820478297,0.05142482556343114,0.00654024030211928,1.8789737,1.0,0.1939832783958755,0.02205528079276511,0.4378422992702777,0.007194993408566965,False
203,0.1930871037885732,-0.041462975735147484,-0.44798736123790434,0.6345699266197212,-0.35568458,1.0,0.2127626971097576,-0.01789097373856526,0.022172641909317305,0.4599431661137113,False
203,0.21235883152957882,-0.0018017156339562726,0.022631406660718445,0.00654024030211928,0.17254364,1.0,0.1939832783958755,-0.0015279626922444288,0.03175600405135075,-0.18871523944260912,False
203,0.1930871037885732,0.0649670378635873,0.022631406660718445,0.39404562421572353,0.29732507,1.0,0.1939832783958755,-0.0015279626922444288,0.022172641909317305,-0.2540472353326949,False
203,0.1930871037885732,0.00201531505430404,0.022631406660718445,0.01797767916644418,-1.4816179,1.0,0.19522901601676926,0.048715625119853646,0.021909524964236506,-0.04707517679724489,False
203,0.22161517609612194,-0.0018017156339562726,0.24995434860529145,0.00654024030211928,-0.6090689,1.0,0.1939832783958755,-0.0015279626922444288,0.16535475962672924,0.007194993408566965,False
204,0.3181266738005393,-0.019089689505040676,0.022631406660718445,0.00654024030211928,-1.6275349,1.0,0.1939832783958755,0.017158833965278765,0.003653118237801442,0.007194993408566965,False
204,0.27770285107387027,-0.0018017156339562726,-0.056400570306512604,0.00654024030211928,0.92776364,1.0,0.3242921539685093,-0.0015279626922444288,0.022172641909317305,-0.6998534899159516,False
204,0.1930871037885732,-0.0026348400789794457,0.022631406660718445,-0.22527656802885573,1.7844393,1.0,0.1939832783958755,-0.0015279626922444288,-0.12457247789950782,0.007194993408566965,False
204,0.1576356494858439,-0.0018017156339562726,0.022631406660718445,0.00654024030211928,0.1038968,1.0,0.20432795139978532,0.03545811120900508,-0.15933479572456163,-0.32455636903772755,False
204,0.20177463033525142,-0.0018017156339562726,0.022631406660718445,0.3101290952709587,-0.08191553,1.0,0.1939832783958755,0.05889567665264312,-0.035870134289340896,-0.23260232462153957,False
204,0.21659083927697487,-0.01899613673531265,0.10128320216420154,-0.5610073237682573,-1.5355048,1.0,0.1939832783958755,-0.0015279626922444288,-0.009434532700770253,0.11361899879334522,False
204,0.1930871037885732,-0.0018017156339562726,-0.30100947096592257,0.23285579379600183,-0.046161473,1.0,0.10311392936228247,-0.0475514510413613,0.100560331205118,0.1446432341945161,False
204,0.2855781128249859,-0.019221945092547356,0.07515350481655976,0.17701597633640695,0.13122782,1.0,0.1939832783958755,-0.0015279626922444288,0.09515482660887929,0.007194993408566965,False
204,0.2129260100294098,0.01466363995848929,0.022631406660718445,-0.28531452680589214,-0.8560842,1.0,0.1939832783958755,0.042262228833732006,0.022172641909317305,-0.3588874882512373,False
205,0.1930871037885732,-0.0018017156339562726,0.022631406660718445,0.00654024030211928,-1.2063683,1.0,0.1939832783958755,-0.0015279626922444288,0.022172641909317305,0.007194993408566965,False
205,0.2297089807144343,0.001811674946397617,-0.2614672135953637,0.00654024030211928,0.193026,1.0,0.1939832783958755,0.021423640757972675,0.022172641909317305,-0.6200725349802849,False
205,0.1930871037885732,-0.01931333111232257,0.022631406660718445,0.00654024030211928,-0.6106478,1.0,0.39373860322448484,-0.0015279626922444288,-0.15386584668510983,0.007194993408566965,False
205,0.21452491424687353,-0.02322614878557362,-0.21047923108265618,0.0025353348449605427,1.283908,1.0,0.1939832783958755,-0.0015279626922444288,0.022172641909317305,0.5107488197895546,False
205,0.21795433590195717,0.009963258457619542,0.30686214468109047,0.00654024030211928,-0.44279617,1.0,0.026985891296582687,-0.006961676219544698,0.022172641909317305,0.2671004151717323,False
205,0.1930871037885732,0.032257259193534046,0.022631406660718445,0.00654024030211928,0.5747863,1.0,0.1939832783958755,-0.0015279626922444288,-0.39269197173504106,-0.07741260017806434,False
205,0.1930871037885732,-0.0018017156339562726,-0.05716536893571046,0.061241374728762676,-0.49976018,1.0,0.1939832783958755,-0.0015279626922444288,0.022172641909317305,0.007194993408566965,False
206,0.08767738689833615,0.03388878522783341,0.022631406660718445,-0.4720904951789171,1.2942392,1.0,0.1939832783958755,-0.0015279626922444288,0.017898127100498727,0.5106470496392358,False
206,0.1930871037885732,0.002935042769008203,0.022631406660718445,0.00654024030211928,2.0307293,1.0,0.1939832783958755,-0.0019476994155720418,-0.09506744234033006,-0.45467784147222623,False
206,0.23349165308881337,-0.0018017156339562726,0.011119133833770225,-0.046314159618426484,0.8897315,1.0,0.25321510233973765,-0.05174793539329473,0.2826643006936179,-0.9410443783538479,False
206,0.3666622919672198,-0.05481683123513759,-0.15644874629903568,-0.24568569497844098,0.92481434,1.0,0.1939832783958755,-0.022120847772138793,0.04570544932455731,0.007194993408566965,False
206,0.21873598614415096,-0.0018017156339562726,0.022631406660718445,0.00654024030211928,-0.90605915,1.0,0.1939832783958755,0.027383901967242184,0.25486825197562585,0.007194993408566965,False
206,0.15620485046803798,0.0024794033535607968,0.6027560545011679,0.00654024030211928,0.6344615,1.0,0.1939832783958755,-0.0015279626922444288,0.022172641909317305,-0.5931342746584408,False
206,0.1930871037885732,0.028123438265120183,-0.44391468670154016,0.5110693332051693,0.80218023,1.0,0.1939832783958755,0.023331628554152325,0.022172641909317305,0.007194993408566965,False
207,0.1930871037885732,-0.0018017156339562726,0.022631406660718445,0.5049522796926903,-1.9135314,1.0,0.23694894194164431,-0.0015279626922444288,0.022172641909317305,0.007194993408566965,False
207,0.1352657976548825,0.025411110106232752,-0.22988322763276925,-0.03963488605544514,-2.5227003,1.0,0.1939832783958755,0.014024364174705843,0.022172641909317305,0.8087574444529199,False
207,0.2432155376175275,-0.033144427044482824,0.022631406660718445,-0.39327661698273964,0.36768836,1.0,0.2818297045489202,-0.005663544605443677,0.022172641909317305,0.007194993408566965,False
207,0.1930871037885732,-0.0018017156339562726,-0.16519153380845655,0.1428011326995041,-0.96202505,1.0,0.1939832783958755,-0.0015279626922444288,-0.3302186756520902,0.05678077022358803,False
207,0.1930871037885732,-0.0018017156339562726,0.4790241788271608,0.42405779039761693,1.5507084,1.0,0.23563564406345788,0.006930133574645749,-0.13502109648936353,1.2686397920517627,False
207,0.1930871037885732,-0.021761598738266632,0.11130762050672025,-0.0032442871842009117,-0.07319063,1.0,0.14417494013203222,-0.0015279626922444288,0.22545778574483752,0.007194993408566965,False
208,0.11990008992703478,-0.0018017156339562726,-0.37390697948090107,0.14264041482539744,-0.9600121,1.0,0.2417701747925008,-0.0015279626922444288,0.022172641909317305,0.007194993408566965,False
208,0.08573027840042403,-0.03340148952528114,0.022631406660718445,0.00654024030211928,-0.5537049,1.0,0.14034490184289444,-0.0015279626922444288,0.022172641909317305,0.007194993408566965,False
208,0.1930871037885732,-0.0057188484670287025,0.022631406660718445,0.00654024030211928,0.89673305,1.0,0.1939832783958755,-0.0015279626922444288,-0.01619986514702929,0.007194993408566965,False
208,0.1930871037885732,0.02218343344012843,0.261171304377644,0.00654024030211928,-1.041578,1.0,0.2190176036782954,-0.0015279626922444288,0.1334830429975059,0.2784238003338999,False
208,0.26207990856948093,-0.0018017156339562726,0.022631406660718445,0.28698599140778874,-0.8186761,1.0,0.1939832783958755,-0.03324177835434878,-0.20203880135182548,0.53276065502728,False
209,0.3410792442618509,-0.002508645889315367,-0.08399788181771464,0.00654024030211928,-1.4258676,1.0,0.1939832783958755,-0.03265899545356233,0.00522882591181149,-0.40346765508871385,False
209,0.1391319729413492,-0.03692022856835989,-0.2449579598669246,0.00654024030211928,-1.4574258,1.0,0.1939832783958755,0.0033529148371425096,0.022172641909317305,0.007194993408566965,False
209,0.16207094626561597,0.0119890059127471,0.25367084407692,0.00654024030211928,0.31509387,1.0,0.0852387403591276,-0.05818484773458471,0.17233851484349522,0.23035338324103427,False
209,0.2778866987196743,0.009130198776018852,-0.652914834385856,0.00654024030211928,1.0401663,1.0,0.27408101911406807,0.053397751846443,0.022172641909317305,-0.20079034421474043,False
209,0.1930871037885732,-0.027614750164303446,0.06165095646810547,-0.021984624024225595,-0.79559135,1.0,0.3022157163040341,-0.0015279626922444288,-0.1509766303345543,-0.2754087389267345,False
209,0.23527791302870785,-0.041878936705834764,-0.09330484000106323,0.00654024030211928,-0.74944437,1.0,0.1939832783958755,-0.025909687207383285,0.022172641909317305,0.30893511745332736,False
210,0.1930871037885732,-0.013979044249653409,0.5787176640495983,0.5915584862075693,0.8159833,1.0,0.20572519441037138,-0.0015279626922444288,0.022172641909317305,-0.510859987438444,False
210,0.1930871037885732,-0.0018017156339562726,-0.18672962815768337,0.16528296850833324,-0.16504994,1.0,0.1939832783958755,-0.0015279626922444288,-0.10151940721907944,0.5201309648133274,False
210,0.23829559947918885,-0.0018017156339562726,-0.022066711928927243,-0.6386415901902334,-1.23407,1.0,0.1939832783958755,0.04678075790950158,0.3063662396523862,0.007194993408566965,False
210,0.16674789570137463,-0.0018017156339562726,0.3806652172623924,0.32319986766954917,0.87919116,1.0,0.1939832783958755,-0.0015279626922444288,0.022172641909317305,0.007194993408566965,False
210,0.1930871037885732,-0.0018017156339562726,0.022631406660718445,-0.09035293618670232,-0.43110794,1.0,0.3784569167541678,-0.0015279626922444288,0.022172641909317305,0.4869270337311024,False
210,0.1930871037885732,-0.0018017156339562726,0.022631406660718445,0.00654024030211928,-2.7668033,1.0,0.2801504365663534,-0.0015279626922444288,-0.23206753273086336,0.007194993408566965,False
210,0.3233024343233065,0.08135925844009234,0.022631406660718445,0.00654024030211928,0.8578391,1.0,0.3299763946122766,-0.030043790883794344,0.022172641909317305,-0.6156671541385887,False
210,0.1930871037885732,-0.0018017156339562726,-0.3122831764832955,-0.27812824086669696,0.41303718,1.0,0.1939832783958755,-0.06785782147685483,0.022172641909317305,-0.3986179580006152,False
210,0.1930871037885732,-0.0018017156339562726,0.022631406660718445,-0.5705113599980918,0.7348852,1.0,0.1939832783958755,-0.0015279626922444288,0.022172641909317305,0.007194993408566965,False
211,0.21011846462169098,0.009426723223082915,0.020954480391242328,0.00654024030211928,-0.2892613,1.0,0.1939832783958755,0.014657411056029527,-0.11401158931806513,0.16696553936775,False
211,0.1930871037885732,-0.019480917562119067,-0.04440326176675724,0.00654024030211928,0.27642757,1.0,0.1939832783958755,0.0006753253346349977,0.022172641909317305,0.007194993408566965,False
211,0.1930871037885732,-0.007791061835594149,0.022631406660718445,0.00654024030211928,-0.9777105,1.0,0.2519931647441415,-0.0015279626922444288,0.1791162304396689,0.007194993408566965,False
211,0.1930871037885732,-0.0018017156339562726,-0.06644513899130244,0.00654024030211928,0.040547933,1.0,0.1939832783958755,-0.0015279626922444288,0.23217054039469773,0.0067017985532198026,False
211,0.18419746774779708,-0.021942648119904155,0.022631406660718445,0.00654024030211928,0.24273852,1.0,0.1939832783958755,-0.0015279626922444288,0.022172641909317305,0.007194993408566965,False
212,0.1930871037885732,0.02653496164856527,-0.04930078227136815,0.00654024030211928,1.1473216,1.0,0.1939832783958755,0.019420021455405518,0.022172641909317305,0.45805317503527687,False
212,0.26138737072642904,0.02060038286849767,-0.21991533044099465,0.00654024030211928,0.047337487,1.0,0.2825615990908591,0.021551640213882624,0.022172641909317305,0.007194993408566965,False
212,0.25469202134653435,-0.054873570215764084,-0.016678457877579517,0.00654024030211928,-0.26771268,1.0,0.22522727535705067,0.029161875661361924,-0.010826867843133994,-0.1570779717402199,False
212,0.1930871037885732,-0.0018017156339562726,0.22114689790497985,-0.02568978889112219,0.30811858,1.0,0.1939832783958755,-0.03256625099536371,-0.06685417484974562,0.007194993408566965,False
212,0.1930871037885732,-0.0018017156339562726,-0.12785144669427106,-0.1395163331698417,0.4727736,1.0,0.1939832783958755,0.046804446375675754,-0.20701449191017177,0.007194993408566965,False
212,0.179621443271704,-0.01968867796645178,0.022631406660718445,0.00654024030211928,-0.437357,1.0,0.1939832783958755,0.037029765750656925,-0.31243831558419266,0.007194993408566965,False
212,0.1930871037885732,0.03135436898617178,0.28919696265298284,0.00654024030211928,-0.29334363,1.0,0.2924391956469113,-0.015325482985886532,0.022172641909317305,0.007194993408566965,False
212,0.1930871037885732,-0.02665721698594256,0.022631406660718445,0.6138531703406314,-0.102888614,1.0,0.1779307245567771,-0.0015279626922444288,0.022172641909317305,0.9173220262522804,False
213,0.09538042842628632,-0.0018017156339562726,-0.32278606210095856,0.00654024030211928,-1.0904014,1.0,0.2035958551627168,-0.0015279626922444288,-0.19549298882461869,0.5421475682519441,False
213,0.24543847102600944,0.027103271079054417,-0.5087953063996593,0.00654024030211928,0.2159633,1.0,0.1939832783958755,-0.0015279626922444288,0.022172641909317305,-0.3897638821259213,False
213,0.21002663813932648,0.02399051862084631,-0.012833662652446183,-0.30402685029635323,-1.0862882,1.0,0.1939832783958755,-0.0015279626922444288,0.022172641909317305,0.4207565260552893,False
213,0.1930871037885732,-0.0018017156339562726,0.022631406660718445,0.00654024030211928,-0.7618966,1.0,0.3350327469007669,-0.0015279626922444288,0.022172641909317305,0.007194993408566965,False
213,0.1930871037885732,-0.04981425885617543,0.0701800569662586,0.00654024030211928,-0.03922373,1.0,0.16736476155110355,-0.011861044807913675,0.022172641909317305,0.007194993408566965,False
213,0.08303958744504014,0.001395968116877718,0.022631406660718445,0.00654024030211928,0.23129621,1.0,0.1939832783958755,-0.0015279626922444288,0.022172641909317305,0.007194993408566965,False
213,0.11441713030240865,-0.0018017156339562726,-0.09524544004084441,0.17185521982564048,-0.30757678,1.0,0.1939832783958755,0.05341683989826174,-0.036606082028667594,-0.4116320161642696,False
214,0.3503070814113668,0.05289041203046127,0.022631406660718445,-0.3787313478669433,-0.49171898,1.0,0.2613422211157545,-0.01522408262277313,-0.43346115346455394,0.007194993408566965,False
214,0.2798286462604599,-0.0018017156339562726,0.022631406660718445,0.00654024030211928,0.94338375,1.0,0.28885855148279,0.014766500608284844,0.022172641909317305,-0.6063907830979439,False
214,0.1930871037885732,-0.0018017156339562726,-0.1405237698134234,-0.6043300296201867,1.1349859,1.0,0.08242035917344583,-0.0015279626922444288,0.12590958750439435,0.007194993408566965,False
214,0.1930871037885732,-0.0018017156339562726,0.022631406660718445,-0.24486965823041487,0.97741497,1.0,0.15104944843047358,-0.0015279626922444288,0.022172641909317305,0.007194993408566965,False
214,0.2844590325638005,-0.0018017156339562726,-0.24573677570259733,-0.7504416127604312,0.87852085,1.0,0.1939832783958755,-0.021040405355097117,-0.0831361615874297,-0.4356051835013968,False
215,0.23507634940507527,-0.0018017156339562726,0.022631406660718445,0.00654024030211928,-0.2886986,1.0,0.1939832783958755,-0.007809151924541995,0.022172641909317305,-0.09014914722992758,False
215,0.1930871037885732,0.010695735222199718,0.022631406660718445,0.2991110511256584,1.5616696,1.0,0.3493312419198867,-0.0015279626922444288,0.022172641909317305,0.007194993408566965,False
215,0.29044029939500576,-0.04315576551085751,0.022631406660718445,0.02535525690696448,0.5567857,1.0,0.1939832783958755,0.028978333275640134,0.022172641909317305,0.007194993408566965,False
215,0.20527154906423373,0.012898274539408183,0.022631406660718445,0.00654024030211928,-1.1241087,1.0,0.1939832783958755,-0.007040197642700231,0.2818973889842349,-0.48555416254995004,False
215,0.44567378186631373,0.04652631371742609,0.022631406660718445,0.00654024030211928,-1.2057197,1.0,0.1939832783958755,-0.0075236583573023465,0.022172641909317305,0.8110315486916955,False
215,0.1930871037885732,-0.009111575411279799,0.013351266963317975,-0.3932512002119227,-0.06409365,1.0,0.2694432032474247,-0.014180899370288973,-0.09813327522560071,0.7454183381444699,False
215,0.2598434734558536,-0.0018017156339562726,0.1650431894916556,-0.4956896428725728,-1.2082329,1.0,0.21259079577577644,-0.0015279626922444288,0.022172641909317305,0.007194993408566965,False
216,0.1930871037885732,-0.0018017156339562726,0.44247279060331735,-0.45503540994768243,1.6669445,1.0,0.1939832783958755,-0.0015279626922444288,0.29774076011458533,-1.3311657630058138,False
216,0.05185354205454193,-0.013723175184336966,0.2541279937198716,0.00654024030211928,0.23220134,1.0,0.1325258324189347,-0.022937216973805075,0.013928450138777032,-0.10325836012014518,False
216,0.21085958302751695,-0.029672080554504984,0.1237189278719931,0.00654024030211928,-1.2181706,1.0,0.21505207763721357,-0.0015279626922444288,0.022172641909317305,0.007194993408566965,False
216,0.26235263003467807,-0.020802489622666794,0.198529002013803,0.2265269998620504,-1.5278833,1.0,0.2949998865682819,-0.0015279626922444288,-0.19319334596879909,0.007194993408566965,False
216,0.21912816735254015,-0.0018017156339562726,0.022631406660718445,0.01997682879485011,0.8173916,1.0,0.1939832783958755,0.0008889131941809967,-0.03680543635745716,0.039760754489264666,False
216,0.1930871037885732,0.03838054434041099,0.575995855229805,0.00654024030211928,2.2906184,1.0,0.15507811836662264,-0.0015279626922444288,0.14623684382428107,-0.1984907974383851,False
216,0.1930871037885732,0.006620083800983371,0.022631406660718445,0.40994457038461596,-0.08613062,1.0,0.23853465002303717,0.006438791768651414,0.24657718331443354,0.4543475185747424,False
216,0.1930871037885732,-0.0018017156339562726,0.08424553087939092,0.33185409812724104,0.4762757,1.0,0.31883654426811103,0.014919542980381357,0.05273659648226464,0.007194993408566965,False
216,0.14775311896735327,-0.0032761811168091114,-0.062106273715739804,-0.2946114487545516,-0.47158873,1.0,0.1939832783958755,-0.0015279626922444288,0.2441655825448354,0.7595135039636208,False
217,0.22169997688204313,-0.01691473629454704,0.022631406660718445,0.00654024030211928,1.2724252,1.0,0.19520374894482115,0.028123913721981628,0.022172641909317305,0.007194993408566965,False
217,0.2011473469164593,-0.0018017156339562726,0.022631406660718445,0.00654024030211928,0.24507242,1.0,0.273661592189196,0.05454717952020867,0.03665972288417904,0.24034900644740662,False
217,0.1930871037885732,-0.0018017156339562726,0.022631406660718445,0.00654024030211928,-0.80263186,1.0,0.1939832783958755,-0.0015279626922444288,0.022172641909317305,-0.7801571270256448,False
217,0.1930871037885732,-0.0018017156339562726,0.022631406660718445,0.34414436685542044,-0.58684427,1.0,0.23998140538238152,0.04548748607252433,-0.3363221373906935,0.007194993408566965,False
217,0.1930871037885732,-0.0018017156339562726,0.022631406660718445,0.44173958263505614,-1.2914323,1.0,0.1939832783958755,-0.018935106677953655,0.022172641909317305,0.007194993408566965,False
218,0.13224267540340434,-0.0018017156339562726,0.022631406660718445,-0.4237085198940298,1.1571876,1.0,0.1939832783958755,0.006213882331293904,0.3472366321161494,-0.4534052050145203,False
218,0.1930871037885732,0.002531184616414363,0.022631406660718445,0.00654024030211928,1.7069213,1.0,0.1939832783958755,-0.0015279626922444288,0.31966520140078336,0.7901923268884014,False
218,0.018101936015321868,0.020914283890379796,0.022631406660718445,-0.12732250236634463,0.020135403,1.0,0.1939832783958755,-0.0015279626922444288,-0.10042902686124631,-0.5509534592297136,False
218,0.1930871037885732,0.043106003286472204,0.022631406660718445,0.5169839525784083,-1.5129428,1.0,0.27731783016567924,-0.016814048437851694,0.17293610483693547,-0.4484927205482743,False
218,0.24796490459592452,0.03728873816527659,0.022631406660718445,0.00654024030211928,-0.5893486,1.0,0.1939832783958755,-0.017857327313982763,0.015092792327683935,0.007194993408566965,False
219,0.1930871037885732,-0.0018017156339562726,0.022631406660718445,0.5456511899725152,0.86408424,1.0,0.1939832783958755,0.016954505880527347,0.06805960712433268,0.007194993408566965,False
219,0.1930871037885732,-0.007086894301050417,0.022631406660718445,0.00654024030211928,0.39748645,1.0,0.019225576044444137,-0.016967534870445503,0.022172641909317305,0.007194993408566965,False
219,0.1930871037885732,0.004664685634000286,0.022631406660718445,0.5147568530369432,-1.432921,1.0,0.16139040339397476,-0.0015279626922444288,0.022172641909317305,-0.317316929739622,False
219,0.1930871037885732,-0.008339557425069819,0.44237750083605304,0.00654024030211928,-0.29633707,1.0,0.1939832783958755,0.021755821588381248,-0.027221614632088626,0.007194993408566965,False
219,0.1930871037885732,0.03575853585640059,0.022631406660718445,0.46354421990641914,2.7900229,1.0,0.1939832783958755,-0.05624233587213175,0.29386038464441816,-0.01265590956458839,False
219,0.09512951124149348,-0.0018017156339562726,-0.41784501723811523,-0.004325793733155593,1.265131,1.0,0.1939832783958755,-0.00772675643377365,0.022172641909317305,0.007194993408566965,False
220,0.25522345105680183,-0.0018017156339562726,0.4592563185536617,0.00654024030211928,-1.9238772,1.0,0.1939832783958755,0.023439981935317735,0.0013314958394575749,0.007194993408566965,False
220,0.2298664738868645,-0.0018017156339562726,0.022631406660718445,0.00654024030211928,1.2058421,1.0,0.1939832783958755,-0.007213089126051847,-0.06286976044018913,0.007194993408566965,False
220,0.10040474234177749,0.027676988214383472,0.022631406660718445,0.00654024030211928,1.0083314,1.0,0.1939832783958755,0.013678413539142276,0.10400855205382942,0.007194993408566965,False
220,0.1930871037885732,0.030586170977508598,0.022631406660718445,0.00654024030211928,-0.6134349,1.0,0.21467540627425682,-0.0015279626922444288,0.12005246243339833,0.007194993408566965,False
220,0.1930871037885732,0.00922438624366232,0.022631406660718445,0.15277821427543095,-0.2256825,1.0,0.1939832783958755,-0.0015279626922444288,0.3931367631137084,0.5565168510246182,False
220,0.25385067463390937,-0.0650498279596838,-0.05691817097627759,-0.44674907464718294,1.2773905,1.0,0.1939832783958755,0.021850418263521378,0.022172641909317305,0.007194993408566965,False
220,0.1984095383693211,-0.0018017156339562726,0.022631406660718445,0.00654024030211928,0.698562,1.0,0.1939832783958755,-0.04995608448115634,0.022172641909317305,0.007194993408566965,False
221,0.2887556591590054,-0.05492049463130807,-0.2980586982280131,-0.16078129607444747,-0.25490814,1.0,0.3220485582354818,0.0067438724645518915,-0.06823427069055954,0.2470318583872863,False
221,0.07300195336888349,-0.0018017156339562726,0.08900764088939149,0.00654024030211928,-0.16321793,1.0,0.07746786846001504,0.07851241458627593,0.35456199550398115,0.007194993408566965,False
221,0.2586329847040237,-0.0018017156339562726,0.022631406660718445,0.00654024030211928,-0.6824337,1.0,0.2662338227334447,-0.0015279626922444288,-0.1157897111462522,0.39737851026603843,False
221,0.24454822882534194,0.022941313841398414,0.022631406660718445,-0.40579016448231614,-1.0110347,1.0,0.1939832783958755,0.03597963471977265,0.022172641909317305,0.007194993408566965,False
221,0.1930871037885732,-0.0018017156339562726,0.09402600994684114,-0.733456225642938,-1.1416509,1.0,0.310830579570344,0.08705238696344131,-0.017510562685190915,0.08251005047958558,False
221,0.23609461159032255,-0.0018017156339562726,0.022631406660718445,0.22725589596735377,-0.94431376,1.0,0.1939832783958755,0.03287067155457816,0.022172641909317305,0.007194993408566965,False
222,0.3433872914728845,-0.0018017156339562726,-0.10843054389512724,0.00654024030211928,0.6088287,1.0,0.3166316054997418,-0.04733690301560729,0.022172641909317305,-0.4760034197664215,False
222,0.13338497615438302,-0.0005874376512563007,0.29920400296679417,-0.1414150487523745,0.37199003,1.0,0.2350996487703589,-0.0015279626922444288,0.008344926486266138,0.007194993408566965,False
222,0.16970645063826967,0.030220071455856354,0.05832965672684107,0.5054124456481881,-1.1054631,1.0,0.1939832783958755,-0.0015279626922444288,-0.15648546681889758,0.007194993408566965,False
222,0.1930871037885732,-0.053601643453258525,-0.029576267363623475,-0.4014913821127236,0.30193514,1.0,0.1939832783958755,-0.0015279626922444288,0.0228951343407898,0.007194993408566965,False
222,0.14126011575266728,-0.0031873306136806136,0.022631406660718445,0.00654024030211928,-2.6989927,1.0,0.031039369733677546,-0.0015279626922444288,-0.11834631106759769,0.007194993408566965,False
222,0.17142059650896627,-0.009938780675988634,0.022631406660718445,-0.4635769209869215,1.1371977,1.0,0.1939832783958755,0.01227216301829772,0.022172641909317305,0.010297836441167038,False
222,0.2933604926169282,0.04607213987121068,0.022631406660718445,0.006768086712039595,-0.17904855,1.0,0.1939832783958755,-0.0015279626922444288,0.2372431701222913,0.007194993408566965,False
222,0.30738444692378225,0.0049224057378193424,0.022631406660718445,0.00654024030211928,-0.94578457,1.0,0.20675895425558122,-0.0015279626922444288,0.15701317337029538,0.007194993408566965,False
223,0.14684178249961394,-0.0018017156339562726,0.022631406660718445,0.1387410645694216,-1.2466741,1.0,0.1939832783958755,0.03993923964961623,0.022172641909317305,0.007194993408566965,False
223,0.1930871037885732,-0.0018017156339562726,0.022631406660718445,0.00654024030211928,-0.94666976,1.0,0.1939832783958755,0.04824628854186528,-0.037461302005408204,0.007194993408566965,False
223,0.1930871037885732,-0.026641004351470973,0.022631406660718445,-0.11785577226789683,0.07625224,1.0,0.42366833379029445,-0.0015279626922444288,0.022172641909317305,-0.15884710166553073,False
223,0.2616769187441511,-0.04124915393297217,0.022631406660718445,0.00654024030211928,0.46923363,1.0,0.19435460293511256,-0.0015279626922444288,0.022172641909317305,0.4686579086066383,False
223,0.35424977781215156,-0.0018017156339562726,0.022631406660718445,0.00654024030211928,-0.02629526,1.0,0.1939832783958755,-0.03475570765117849,-0.19297307755062815,0.007194993408566965,False
223,0.1930871037885732,-0.0018017156339562726,0.022631406660718445,0.00654024030211928,0.093126655,1.0,0.1939832783958755,-0.0015279626922444288,0.04480352495329705,0.4883489039571585,False
223,0.1930871037885732,-0.006657354135488067,0.4491380549651567,0.00654024030211928,1.6061499,1.0,0.1939832783958755,-0.0015279626922444288,0.2648466083178856,0.007194993408566965,False
223,0.3567340915588907,0.013596979348859273,0.277226774149072,0.00654024030211928,-1.1573182,1.0,0.27147311631008764,0.03560769541085719,-0.07712365102512414,-0.455109090664278,False
223,0.09608684588480564,0.022259445229283203,0.022631406660718445,0.00654024030211928,-0.9378667,1.0,0.26499583324998394,-0.002742613225202085,0.022172641909317305,-0.003395976987512192,False
223,0.16118487825623387,0.016826928875403824,0.5935953966546563,0.33423445431653553,-0.32488114,1.0,0.1939832783958755,0.00449298743994493,0.12066685586633691,0.007194993408566965,False
224,0.166298090803412,0.0731490315269961,0.3357949817738109,0.00654024030211928,0.29181588,1.0,0.1939832783958755,-0.0015279626922444288,0.022172641909317305,0.007194993408566965,False
224,0.06246443936844351,-0.0018017156339562726,0.2015914260327108,-0.13411594439172406,-1.0551795,1.0,0.1939832783958755,-0.0015279626922444288,-0.25672048980113243,-0.46027949476040914,False
224,0.23684506896183638,-0.0018017156339562726,0.6735324999544903,0.715570079119253,-1.221744,1.0,0.1939832783958755,-0.0015279626922444288,0.022172641909317305,0.007194993408566965,False
224,0.1930871037885732,-0.0018017156339562726,0.022631406660718445,0.00654024030211928,0.7149224,1.0,0.1939832783958755,-0.0015279626922444288,-0.12818067275855602,0.3384341564430997,False
224,0.1563425167090221,-0.0018017156339562726,0.1484596474871245,0.9704632812902765,-0.47364742,1.0,0.1939832783958755,-0.0015279626922444288,0.03894737146829061,0.007194993408566965,False
224,0.1930871037885732,0.059343779393547506,0.2934787571787966,0.0038436370219683746,-0.021369219,1.0,0.1939832783958755,-0.0037602246841374884,0.022172641909317305,0.007194993408566965,False
224,0.1930871037885732,-0.013581044771470974,-0.08264170493200045,0.00654024030211928,1.1796674,1.0,0.34201645218128207,-0.0015279626922444288,0.1700525058869319,0.07396090742161708,False
224,0.04721756725916493,-0.0018017156339562726,0.2198396110121475,0.00654024030211928,-0.5985227,1.0,0.34140176153750684,-0.0015279626922444288,-0.03695037699461541,0.4855357382283181,False
225,0.21652165878436852,0.017953173798730168,-0.564791799233687,0.00654024030211928,1.8251908,1.0,0.09834544549617977,-0.0015279626922444288,0.022172641909317305,0.007194993408566965,False
225,0.1930871037885732,-0.03448900936072653,0.23857626791409792,0.00654024030211928,0.94215703,1.0,0.1939832783958755,-0.0015279626922444288,-0.00892683818291641,0.007194993408566965,False
225,0.1930871037885732,-0.0018017156339562726,-0.013069323896487517,0.3701335190309754,-0.4711411,1.0,0.1939832783958755,-0.0015279626922444288,0.041016346156783755,-0.40198103196658586,False
225,0.1930871037885732,-0.0018017156339562726,0.022631406660718445,-0.26693985755550415,-0.24979508,1.0,0.1939832783958755,-0.0015279626922444288,0.022172641909317305,-0.3423543522359663,False
225,0.1930871037885732,-0.0018017156339562726,-0.21892042978600693,-0.6170194064521565,-2.4288206,1.0,0.1939832783958755,-0.0015279626922444288,0.2501120886506555,0.334642271983243,False
225,0.1426875899230936,0.02552496796923079,0.19587577147690222,-0.888722526419198,-0.028540932,1.0,0.35287007049750807,0.036627122081692665,0.022172641909317305,0.007194993408566965,False
226,0.1930871037885732,-0.016579894826476455,-0.06358044415769289,-0.5796208242617037,0.14392492,1.0,0.1939832783958755,0.012013548210274004,-0.07659432805228054,0.007194993408566965,False
226,0.28119976598557656,-0.0018017156339562726,0.022631406660718445,0.13044427995202462,-1.8554904,1.0,0.1939832783958755,-0.021995075168280163,0.022172641909317305,0.007194993408566965,False
226,0.1930871037885732,-0.0018017156339562726,0.022631406660718445,0.00654024030211928,0.13986778,1.0,0.1939832783958755,-0.001096677448683015,0.022172641909317305,0.007194993408566965,False
226,0.1573649664460207,0.05109263837251521,-0.20846941075052577,0.00654024030211928,-1.385576,1.0,0.1650080795450118,-0.0073700140801954885,0.022172641909317305,0.007194993408566965,False
226,0.1282092538043756,-0.027383379521518775,0.022631406660718445,0.09874737067676294,-0.5889969,1.0,0.16765854763248342,0.04387303405427202,0.022172641909317305,0.188854420539747,False
227,0.11914769719659851,-0.03436530287248953,-0.04461612681137188,0.11092148188222184,1.0631387,1.0,0.335580322538762,-0.05114896458800815,0.0661139872848959,0.007194993408566965,False
227,0.1930871037885732,0.00846456899849558,0.099926767501963,0.00654024030211928,-1.2177913,1.0,0.1939832783958755,-0.0015279626922444288,0.022172641909317305,0.16604502180639022,False
227,0.1930871037885732,-0.003970340532881259,-0.07526110585138986,-0.24878000681993825,-1.0073398,1.0,0.2184576580399437,-0.0015279626922444288,0.022172641909317305,-0.5357904712002973,False
227,0.1062211486579089,-0.0018017156339562726,-0.4055823253346905,0.00654024030211928,1.7466694,1.0,0.17452414328953575,-0.0025375361977092907,0.022172641909317305,-1.1842920721044101,False
227,0.060911311924545686,-0.04728492543786139,0.11718595636793191,0.00654024030211928,-0.68696725,1.0,0.1939832783958755,-0.027247357234612,0.022172641909317305,0.007194993408566965,False
227,0.1930871037885732,-0.0018017156339562726,0.022631406660718445,0.00654024030211928,-0.28656042,1.0,0.1939832783958755,0.013117647655578542,0.022172641909317305,-0.3818407701763716,False
227,0.1930871037885732,0.045593149271001256,0.20475567664244373,0.2755981440474302,-0.6593162,1.0,0.35372708452005697,0.04209781903686998,0.022172641909317305,-0.27104891078286525,False
228,0.2607695064361204,-0.0018017156339562726,-0.20015836487343028,-0.34788384835181435,0.44969356,1.0,0.29514524406208864,-0.0015279626922444288,0.022172641909317305,-0.37596798461003256,False
228,0.1930871037885732,-0.0018017156339562726,-0.2222296772588311,-0.10427394637053705,0.88794243,1.0,0.2638897599924452,-0.007995139262824838,0.29483307265874265,0.007194993408566965,False
228,0.1930871037885732,-0.0018017156339562726,0.030384502546426627,-0.09835183877020177,0.7252139,1.0,0.32969714199693634,0.05684789494415935,0.022172641909317305,-0.10055000381471067,False
228,0.1930871037885732,-0.0018017156339562726,0.022631406660718445,-0.04481899827452246,-0.88297373,1.0,0.1939832783958755,-0.0015279626922444288,0.05881777147675106,-0.3231731539975222,False
228,0.1930871037885732,-0.0018017156339562726,-0.011223867712730463,-0.19967781169287352,0.086235434,1.0,0.1939832783958755,-0.0015279626922444288,0.2132274759368607,0.01688619792674504,False
228,0.1930871037885732,-0.0083055123336861,-0.3041684104065123,-0.7046190630954945,-1.0525445,1.0,0.1939832783958755,-0.0015279626922444288,-0.0029829335382026353,0.007194993408566965,False
228,0.1930871037885732,-0.0018017156339562726,0.022631406660718445,0.00654024030211928,1.4088804,1.0,0.1939832783958755,-0.0015279626922444288,0.022172641909317305,0.28235075955335354,False
228,0.22619504075185204,-0.010053307952061573,0.022631406660718445,0.00654024030211928,-0.40844858,1.0,0.1939832783958755,-0.0015279626922444288,0.018002449469928933,0.007194993408566965,False
229,0.10679734356360733,-0.0018017156339562726,-0.45091959352089284,0.00654024030211928,1.202078,1.0,0.19072844226914093,0.020731605875722463,0.02905499865752631,0.007194993408566965,False
229,0.1930871037885732,-0.0018017156339562726,0.022631406660718445,-0.31951617604264715,-1.4120625,1.0,0.1939832783958755,-0.006896413080528841,0.06140220239952911,0.007194993408566965,False
229,0.1930871037885732,-0.019031061495737064,0.022631406660718445,0.00654024030211928,2.3864799,1.0,0.1939832783958755,-0.0015279626922444288,0.022172641909317305,0.6046245765595714,False
229,0.2658650507214198,-0.0018017156339562726,0.022631406660718445,0.19162169128534995,-1.474262,1.0,0.21883961533752444,0.00881203969365254,0.2952818405472821,0.007194993408566965,False
229,0.12676230007461742,0.0014315557403469475,0.022631406660718445,0.5028794808307169,1.4283252,1.0,0.026497712971482484,-0.07244885685541542,0.022172641909317305,0.4540791525810728,False
229,0.2528752193815147,-0.0018017156339562726,0.022631406660718445,-0.13641444309851872,2.6609259,1.0,0.1939832783958755,-0.0015279626922444288,0.26674390485917143,0.007194993408566965,False
229,0.1930871037885732,-0.0018017156339562726,0.022631406660718445,0.24716325769985628,-1.2855185,1.0,0.23482580006226558,-0.0015279626922444288,0.013837619648819216,0.007194993408566965,False
229,0.03723913149892391,-0.007206727756496913,0.21682917030441368,-0.07008987466685762,0.26448572,1.0,0.38569337267110215,0.009709814746837301,-0.14407346921181846,-0.6206608072154252,False
229,0.1322021855570723,-0.0018017156339562726,0.022631406660718445,0.00654024030211928,1.8036343,1.0,0.2324006558791505,0.03285433693982523,-0.24308171432906797,-0.26312780074972025,False
229,0.3028151599397959,-0.07824948527137544,0.022631406660718445,-0.32426011191245335,0.35472167,1.0,0.22821936361895917,-0.0015279626922444288,0.3013786901373191,0.007194993408566965,False
230,0.22827704414838598,-0.0018017156339562726,0.022631406660718445,0.00654024030211928,-1.3427944,1.0,0.1939832783958755,-0.026406875154968822,0.022172641909317305,-0.03332895865686271,False
230,0.1930871037885732,0.01744535651610742,-0.30373118251155556,0.00654024030211928,-1.2164102,1.0,0.23267724079098365,0.04316547670331113,0.2355647571539014,0.007194993408566965,False
230,0.10072880616892109,-0.011863074715097111,-0.45801052960746536,-0.1426286635577892,0.27483952,1.0,0.26104914667568113,-0.0015279626922444288,-0.04360939574683452,0.007194993408566965,False
230,0.1930871037885732,-0.03812437561952415,-0.056155060053758005,-0.5019533648330802,-1.074932,1.0,0.18235480447509708,0.013955771891873262,0.022172641909317305,0.007194993408566965,False
230,0.316789489658895,-0.0018017156339562726,0.022631406660718445,0.3315611212421024,1.034018,1.0,0.1412976982186117,-0.011110617280182417,0.022172641909317305,0.007194993408566965,False
230,0.320425582452874,-0.0018017156339562726,-0.40381606004469606,0.00654024030211928,-0.68750286,1.0,0.20135466074340252,-0.0015279626922444288,-0.005505675455440066,0.007194993408566965,False
231,0.2781427310542819,-0.022872770732356544,0.022631406660718445,0.29616664783045227,-0.0334965,1.0,0.1939832783958755,-0.0015279626922444288,0.022172641909317305,0.03841735938627271,False
231,0.1280316817602845,-0.011214602086383987,0.022631406660718445,0.00654024030211928,-1.4212893,1.0,0.2952266527830938,-0.008699613078651138,-0.10622668160487111,-0.11857647847168545,False
231,0.01953214717262669,-0.0018017156339562726,0.022631406660718445,0.4122724369820535,1.0183523,1.0,0.1939832783958755,-0.0015279626922444288,0.03014763609372792,-0.05544113995437361,False
231,0.34075059206897795,-0.0018017156339562726,0.022631406660718445,0.00654024030211928,-0.22394566,1.0,0.1939832783958755,0.047327017816820416,0.022172641909317305,0.007194993408566965,False
231,0.08495070666500198,-0.0018017156339562726,0.04047173810970392,0.00654024030211928,-0.4773426,1.0,0.2368171246605029,0.0020697312949142254,-0.2006011759175116,0.27503524743186947,False
232,0.23914559613918712,0.028261203737936134,0.022631406660718445,-0.25676665103167684,-0.25612536,1.0,0.38993167995831757,-0.0015279626922444288,0.0033240760747412224,0.007194993408566965,False
232,0.2628385081906625,0.04577808020046839,-0.25505795536815706,-0.6163056488059586,1.1234523,1.0,0.23000894361516547,-0.0015279626922444288,0.213949370422376,0.007194993408566965,False
232,0.1930871037885732,-0.0043262639277901836,0.022631406660718445,0.00654024030211928,-1.0617884,1.0,0.1939832783958755,0.030896826573850136,0.022172641909317305,0.007194993408566965,False
232,0.1478655950041378,-0.007562302689805203,0.022631406660718445,0.00654024030211928,-0.1003257,1.0,0.1865065274681694,-0.0015279626922444288,-0.14725878888799632,-0.8398448106088875,False
232,0.1930871037885732,0.021103304658633318,0.022631406660718445,0.00654024030211928,0.42555416,1.0,0.1939832783958755,0.009088858362239322,-0.02421175095127574,0.007194993408566965,False
232,0.43160915066660455,-0.0018017156339562726,0.34948857657276244,-0.5223218825511052,0.7182908,1.0,0.23528332453322887,-0.0015279626922444288,0.03644188891672474,0.007194993408566965,False
233,0.1930871037885732,-0.0018017156339562726,0.022631406660718445,-0.26052188891714273,1.7342349,1.0,0.1939832783958755,0.07390834819347619,0.022172641909317305,0.7191475167519518,False
233,0.1930871037885732,-0.012165998541556266,0.022631406660718445,0.44565621341510014,-1.591328,1.0,0.1465366911553444,-0.0015279626922444288,0.022172641909317305,0.12970674480705122,False
233,0.1930871037885732,-0.020452407544589542,0.022631406660718445,-0.3745620974256782,-0.092995584,1.0,0.15068673589271536,-0.0015279626922444288,0.09819073415804982,-0.0032197582959887366,False
233,0.11071489938478028,-0.0018017156339562726,-0.18980471727224024,0.00654024030211928,-0.6059432,1.0,0.31900780246101834,-0.0015279626922444288,0.022172641909317305,0.007194993408566965,False
233,0.21290704007642147,-0.0018017156339562726,-0.22385847470572842,0.47676094073120173,2.1720822,1.0,0.1939832783958755,-0.0015279626922444288,0.00539825002828517,0.007194993408566965,False
233,0.1930871037885732,-0.0018017156339562726,-0.008503043793808649,0.00654024030211928,-1.8365566,1.0,0.23082491838718514,-0.0015279626922444288,-0.06203772199315685,0.3054629026448206,False
233,0.22605790892950528,0.055852912038495385,0.022631406660718445,0.09092221836260485,0.74677825,1.0,0.20552168592734815,-0.04300048590059477,0.022172641909317305,-0.19675810239163977,False
233,0.1930871037885732,-0.0018017156339562726,0.022631406660718445,0.00654024030211928,0.6333364,1.0,0.3470169082798825,-0.0015279626922444288,0.022172641909317305,0.007194993408566965,False
234,0.1930871037885732,-0.0018017156339562726,0.2623690605661689,1.2856358475594594,-1.725487,1.0,0.1939832783958755,-0.0015279626922444288,0.022172641909317305,0.007194993408566965,False
234,0.1930871037885732,-0.0018017156339562726,-0.12494105246023199,0.00654024030211928,-1.7506981,1.0,0.1939832783958755,-0.0015279626922444288,0.022172641909317305,0.5295401539078038,False
234,0.1992476957478638,-0.0018017156339562726,0.022631406660718445,-0.4974211153831086,-0.32506332,1.0,0.29125790913385896,-0.0015279626922444288,-0.1577859145515382,0.12352329821318327,False
234,0.1930871037885732,-0.03566728641305878,0.11248992955861632,0.00654024030211928,-0.39594412,1.0,0.215743064220736,-0.0015279626922444288,-0.04304717294627908,0.007194993408566965,False
234,0.23037998912095248,-0.0018017156339562726,0.14095711524678972,0.14907425994524642,0.9741185,1.0,0.1939832783958755,-0.0015279626922444288,0.022172641909317305,-0.7402350556770972,False
234,0.14610948390994244,-0.0018017156339562726,-0.09947397696398648,0.00654024030211928,0.028411925,1.0,0.11047642570739985,-0.0015279626922444288,0.27856449551439005,-0.43751588531499985,False
235,0.1930871037885732,0.0352821574081899,0.13638840085825357,-0.007411519314256505,1.1392927,1.0,0.1939832783958755,-0.013806169946744506,0.022172641909317305,0.005325203486579954,False
235,0.1512595236271487,0.06514379959552981,0.022631406660718445,-0.03746817834548892,-1.881465,1.0,0.1939832783958755,-0.0015279626922444288,0.022172641909317305,0.007194993408566965,False
235,0.2563440505938277,-0.05699855193671722,0.022631406660718445,0.00654024030211928,-0.53799546,1.0,0.1939832783958755,-0.0015279626922444288,0.05161442075958861,-0.5704281020146063,False
235,0.2197342897019308,-0.0018017156339562726,-0.26188660140935244,0.00654024030211928,0.52516305,1.0,0.3002332130135422,-0.006620268362165827,-0.12334121391602618,0.007194993408566965,False
235,0.13665902704248195,-0.0018017156339562726,0.022631406660718445,0.00654024030211928,-2.2830184,1.0,0.23592349345800306,-0.06434513789423361,0.022172641909317305,-0.2547342748435469,False
235,0.15920288558176804,-0.0018017156339562726,0.022631406660718445,-0.181605731619137,0.592119,1.0,0.1939832783958755,-0.0015279626922444288,0.022172641909317305,0.007194993408566965,False
236,0.1930871037885732,-0.0018017156339562726,0.022631406660718445,0.00654024030211928,1.5052938,1.0,0.1939832783958755,-0.0015279626922444288,0.022172641909317305,0.007194993408566965,False
236,0.1930871037885732,-0.02461010988270097,0.022631406660718445,0.00654024030211928,1.5971856,1.0,0.1939832783958755,0.03780506656084496,0.10429112875694208,0.007194993408566965,False
236,0.1930871037885732,-0.0018017156339562726,0.022631406660718445,0.00654024030211928,-0.4855633,1.0,0.253814989322111,-0.00819592861768411,0.29123245543898063,0.007194993408566965,False
236,0.1930871037885732,-0.0018017156339562726,0.022631406660718445,0.6330897777311014,0.38539147,1.0,0.39115418077804937,-0.041507208691671606,-0.13285312121141188,0.007194993408566965,False
236,0.27618586559896197,-0.014498107933935703,-0.41192946428323746,-0.5487775728754082,-0.40511623,1.0,0.1939832783958755,0.05017144143762171,0.022172641909317305,0.709666950238028,False
236,0.1930871037885732,-0.0018017156339562726,-0.13036611019006528,0.14009637067192207,-2.5145125,1.0,0.11369937687859304,-0.0015279626922444288,-0.04635082862644552,0.007194993408566965,False
236,0.2781810183323728,-0.0018017156339562726,0.022631406660718445,0.00654024030211928,-0.4818767,1.0,0.1939832783958755,-0.04019491167869824,0.10684734833345855,-0.2669594869475504,False
236,0.34953939667335,-0.0018017156339562726,0.20877837171533262,0.00654024030211928,-0.7638506,1.0,0.1939832783958755,-0.0015279626922444288,-0.04804462605554842,0.007194993408566965,False
236,0.12616585070256303,-0.01803439188760576,-0.3685842930771896,-0.3485920618298736,-1.5524331,1.0,0.08576892454915185,-0.0015279626922444288,0.05837860729514477,0.007194993408566965,False
236,0.30450651858152306,-0.0018017156339562726,0.277332997531935,0.00654024030211928,2.345228,1.0,0.1939832783958755,-0.0015279626922444288,0.022172641909317305,-0.09874989878284715,False
236,0.17782919784307108,0.009147807876905011,0.3518538172311794,0.17127047209193888,-0.9488493,1.0,0.1939832783958755,0.01960642862079568,0.12419795775426844,0.08824614610377395,False
237,0.1930871037885732,-0.0018017156339562726,-0.0751196692225594,0.00654024030211928,0.31203973,1.0,0.12514631376598936,0.02923517053176171,0.022172641909317305,0.007194993408566965,False
237,0.1930871037885732,-0.0018017156339562726,0.022631406660718445,-0.22157351372596643,-0.7336888,1.0,0.25036464782287454,-0.018053630871871593,0.022172641909317305,-0.6112228997201614,False
237,0.10845075848208185,-0.030860174791931774,0.022631406660718445,0.00654024030211928,-2.4355454,1.0,0.16286166851713893,0.021017182622435793,0.022172641909317305,1.0524581536866247,False
237,0.13328039042705153,-0.010937387783019704,0.2660766068150654,-0.6492956812978944,1.7886753,1.0,0.1939832783958755,-0.0015279626922444288,0.022172641909317305,-0.4612429261297896,False
237,0.1930871037885732,-0.0018017156339562726,-0.1493599891536501,0.937583268134908,-0.44279617,1.0,0.1939832783958755,-0.0015279626922444288,0.022172641909317305,0.007194993408566965,False
238,0.1930871037885732,0.0025296636994281384,0.022631406660718445,0.1290516227167727,0.030490786,1.0,0.12184055342458898,-0.0015279626922444288,0.331806393489587,0.3514834119369966,False
238,0.34511567769162876,-0.04379791998054862,0.022631406660718445,0.00654024030211928,0.91695476,1.0,0.5705632468199264,-0.0015279626922444288,0.022172641909317305,-0.08010108291337222,False
238,0.21178175674176675,-0.0018017156339562726,-0.20134865040645708,0.14518758207358723,-1.8284576,1.0,0.1261780338264919,0.09174980823388433,0.022172641909317305,0.007194993408566965,False
238,0.1930871037885732,0.013784246019055469,0.022631406660718445,0.00654024030211928,-1.2524629,1.0,0.1939832783958755,-0.017665341229247553,0.44004190168362867,0.007194993408566965,False
238,0.20676502011909814,-0.04637448697582675,0.022631406660718445,0.16364335278354708,0.2571576,1.0,0.18920262432176166,-0.08391792562785116,0.13458240534476326,0.007194993408566965,False
238,0.1930871037885732,-0.03178898477835471,0.022631406660718445,0.00654024030211928,0.33665463,1.0,0.1939832783958755,-0.0015279626922444288,0.022172641909317305,0.19328353319045882,False
238,0.1930871037885732,-0.0003877403339608075,0.022631406660718445,0.7833978641391103,0.89260644,1.0,0.1939832783958755,-0.02121230916406832,0.15605211025433538,0.007194993408566965,False
239,0.2969239502835379,-0.0018017156339562726,0.0035656262857458078,0.00654024030211928,-1.1686182,1.0,0.19062935287696006,-0.0015279626922444288,0.1829991903041872,-0.43814863649280444,False
239,0.24181229551502947,-0.041459354878515334,0.022631406660718445,0.00654024030211928,0.006856054,1.0,0.5208433119119615,-0.008927697090094753,0.022172641909317305,0.007194993408566965,False
239,0.26969447327474,0.04498436327458587,0.022631406660718445,-0.3285970194382712,-1.0220492,1.0,0.20969128748115728,-0.0015279626922444288,0.022172641909317305,0.007194993408566965,False
239,0.1859734114993525,0.007247202676609541,0.18115900815202887,-0.4785537351902278,-1.1228465,1.0,0.1939832783958755,-0.0015279626922444288,-0.18334403380033007,0.007194993408566965,False
239,0.24262007691995222,0.025801245618292615,0.011962663736324106,0.7007433894687886,0.08243774,1.0,0.1992206406465129,-0.0015279626922444288,-0.18534041504579624,0.0858792985377407,False
240,0.16283139344837247,0.023921583484197637,0.022631406660718445,0.00654024030211928,-2.0732594,1.0,0.1939832783958755,-0.006413727834405775,0.1337651320790429,0.007194993408566965,False
240,0.1930871037885732,-0.029881773217713393,0.24455726692391183,0.2607530218379599,0.31192046,1.0,0.4726432601673254,-0.0015279626922444288,0.022172641909317305,0.007194993408566965,False
240,0.1930871037885732,-0.0035467715384970623,0.022631406660718445,0.00654024030211928,-1.1770303,1.0,0.1939832783958755,0.0063790505677663485,0.022172641909317305,-1.1665810812735755,False
240,0.1930871037885732,-0.009060762897876114,0.022631406660718445,0.00654024030211928,-0.83022726,1.0,0.28035515331737026,-0.0015279626922444288,0.13920743747559897,-0.7395469060126026,False
240,0.1930871037885732,0.018502874593741864,0.022631406660718445,0.00654024030211928,1.6131017,1.0,0.1939832783958755,-0.0015279626922444288,0.022172641909317305,0.10250550546659008,False
240,0.1930871037885732,-0.0018017156339562726,0.022631406660718445,0.00654024030211928,1.0270306,1.0,0.10529966523208253,-0.0015279626922444288,0.05284013804764677,0.007194993408566965,False
240,0.3313302725953886,-0.06723324118903794,0.284871316935782,-0.04075508252775291,-0.8473935,1.0,0.18868125002277739,-0.0015279626922444288,0.21625989699176504,0.007194993408566965,False
240,0.1930871037885732,-0.0018017156339562726,0.28614232056688554,0.00654024030211928,0.5114957,1.0,0.12887939378129723,0.0009673907352519885,0.022172641909317305,0.007194993408566965,False
241,0.1930871037885732,-0.0018017156339562726,-0.03042921583673204,0.00654024030211928,-0.4073692,1.0,0.1939832783958755,-0.0015279626922444288,0.008003665745573051,-0.5271634126458961,False
241,0.19633982851008444,-0.0018017156339562726,0.022631406660718445,-0.03479811237013744,-0.50483096,1.0,0.1939832783958755,-0.042015261057441654,0.24868926740737957,-0.12040651215379916,False
241,0.1930871037885732,-0.0018017156339562726,0.08791986773001872,0.00654024030211928,-0.79311526,1.0,0.25125049283225653,0.039354198458867146,0.022172641909317305,0.007194993408566965,False
241,0.17686614682897717,0.00032010504247683086,-0.16392438223409425,-0.320684411471837,-2.8039138,1.0,0.1939832783958755,0.037844400627549124,0.22631843782593133,0.007194993408566965,False
241,0.1492480405870905,-0.037365038491562794,0.022631406660718445,-0.3068715125667036,0.053414464,1.0,0.1939832783958755,-0.030625897869487568,0.022172641909317305,0.007194993408566965,False
241,0.1930871037885732,-0.056972676697861144,-0.06095919736464317,-0.07495396418057511,1.5212834,1.0,0.1939832783958755,0.014325507927170883,0.022172641909317305,-0.026715024964119708,False
241,0.2077855698069771,-0.0018017156339562726,0.022631406660718445,0.00654024030211928,1.7290585,1.0,0.11645912947621359,-0.0566632056701796,0.08945478882849199,-0.4319461534938518,False
241,0.1266077233010368,0.031298442209276085,-0.2152378829962641,0.00654024030211928,0.26152873,1.0,0.1939832783958755,-0.0015279626922444288,0.16958028340060166,0.007194993408566965,False
241,0.31831412495486955,-0.0018017156339562726,0.022631406660718445,-0.6755385331674247,-0.06183064,1.0,0.1769672992282846,-0.0015279626922444288,0.2571891356272826,0.007194993408566965,False
241,0.14643939962116512,0.021615021829169925,0.022631406660718445,0.00654024030211928,0.6371621,1.0,0.2974565028027579,-0.018719946922842016,0.022172641909317305,0.0959622416978379,False
241,0.15284544910627654,-0.0018017156339562726,0.052025354886561806,-0.033938037286556436,-1.5401136,1.0,0.3307419988798449,0.06306728313742438,-0.060247156062358156,0.007194993408566965,False
241,0.1930871037885732,0.008830515904446792,0.37766967895599063,0.5186655275756975,0.5435878,1.0,0.2665875807685606,0.05270107201279633,0.022172641909317305,0.007194993408566965,False
241,0.31865930595274083,-0.0018017156339562726,-0.04277764518489621,0.13014316682013727,-1.2169206,1.0,0.1939832783958755,-0.0015279626922444288,0.022172641909317305,-0.009863126984595797,False
241,0.1930871037885732,0.06060734831766193,0.022631406660718445,-0.28041369817798395,0.046981037,1.0,0.1939832783958755,0.017876771066624757,0.0334017634409245,0.007194993408566965,False
242,0.215139984291164,-0.0026916439049038,-0.007068955169537532,0.00654024030211928,1.2743269,1.0,0.1939832783958755,0.027876408285868064,0.18077448513211972,0.007194993408566965,False
242,0.1930871037885732,0.053879592334190984,0.29004840337660937,0.408570552714648,0.39713663,1.0,0.2899543268720116,-0.0015279626922444288,0.022172641909317305,0.007194993408566965,False
242,0.2865914392723895,-0.014092347980106074,-0.27748569973110987,0.46402760656613357,1.0293723,1.0,0.37996795577634035,-0.0015279626922444288,0.022172641909317305,0.3010357555120334,False
242,0.132334473256199,-0.0018017156339562726,-0.0018850473782309717,0.07995030511632081,0.019560397,1.0,0.1939832783958755,0.0224191353188213,0.022172641909317305,0.007194993408566965,False
242,0.17626812283058055,-0.0018017156339562726,0.15994733670195363,0.00654024030211928,-0.32472122,1.0,0.05288826484737014,-0.0015279626922444288,-0.06990861689500814,-0.030120721550270357,False
243,0.1930871037885732,-0.0018017156339562726,0.022631406660718445,0.00654024030211928,0.6469338,1.0,0.1939832783958755,-0.0015279626922444288,0.022172641909317305,-0.0761967726481517,False
243,0.1259595574739898,-0.0018017156339562726,0.022631406660718445,-0.08121676811324133,1.8047519,1.0,0.1939832783958755,0.0388783516134111,0.07432025855407563,0.007194993408566965,False
243,0.21006069969290628,-0.021346770922784423,0.022631406660718445,-0.05714894470601148,-0.17318505,1.0,0.14826988023775795,-0.0015279626922444288,0.022172641909317305,0.007194993408566965,False
243,0.1930871037885732,-0.010333262788014295,0.022631406660718445,-0.1502079194146214,0.20684826,1.0,0.1939832783958755,-0.022116435985251235,0.022172641909317305,-0.22025070059619947,False
243,0.1930871037885732,-0.0018017156339562726,0.022631406660718445,0.00654024030211928,-0.3959692,1.0,0.30390890505611456,0.03611222149090832,0.022172641909317305,0.70507753868102,False
243,0.22701689645331727,-0.0018017156339562726,0.019664412544661895,0.00654024030211928,-1.1516664,1.0,0.1939832783958755,-0.0015279626922444288,-0.18202809920644553,0.036678253657222326,False
243,0.16221966161192752,-0.0018017156339562726,-0.42759476739838004,0.00654024030211928,1.5285071,1.0,0.1939832783958755,-0.04883172330201072,0.022172641909317305,-0.1447079391835766,False
244,0.1930871037885732,-0.016001208838323323,0.022631406660718445,0.3653122888170561,-0.15741795,1.0,0.1939832783958755,-0.0015279626922444288,-0.2618779851877592,-0.406909349771669,False
244,0.1930871037885732,0.04395282785630093,0.19425148755103497,-0.004014103030481228,0.9966036,1.0,0.1939832783958755,-0.0015279626922444288,0.022172641909317305,-0.3238537691766391,False
244,0.2216650984314034,-0.010319428469467335,0.022631406660718445,0.00654024030211928,-1.0359753,1.0,0.08228010114140737,-0.0015279626922444288,0.022172641909317305,0.007194993408566965,False
244,0.20774712792920896,-0.09094099124890989,0.022631406660718445,0.00654024030211928,0.6703163,1.0,0.13974870245638193,-0.0015279626922444288,0.022172641909317305,0.007194993408566965,False
244,0.21206151917251112,0.00746000201908826,0.022631406660718445,0.2542983860875914,-0.66595423,1.0,0.1939832783958755,-0.022313276607458323,-0.07626689016420435,-0.6989250374859333,False
244,0.1930871037885732,-0.0018017156339562726,0.022631406660718445,-0.46563186330735784,0.2979257,1.0,0.27651356132231564,-0.0015279626922444288,0.022172641909317305,-0.2940720049928034,False
244,0.18732384349728934,-0.0018017156339562726,0.022631406660718445,-0.41323367822248397,-0.66780615,1.0,0.1939832783958755,0.023015653967025484,0.2066205741786514,0.010356433444294521,False
244,0.11106926474866223,0.018846753793326627,0.022631406660718445,0.00654024030211928,2.4004822,1.0,0.1939832783958755,-0.0015279626922444288,0.022172641909317305,-0.36216997598229883,False
244,0.1930871037885732,-0.0018017156339562726,0.022631406660718445,0.10538829407669513,0.07696557,1.0,0.3734845761955256,0.021698374045109044,0.14962715961087925,0.007194993408566965,False
244,0.1930871037885732,-0.0018017156339562726,0.022631406660718445,0.00654024030211928,0.9360616,1.0,0.2593337334036553,-0.00411863128214577,0.022172641909317305,0.007194993408566965,False
244,0.1930871037885732,-0.0018017156339562726,-0.2501292487678082,0.00654024030211928,-0.3468185,1.0,0.11829473021209433,0.010117001193986262,-0.2483181263915045,0.007194993408566965,False
244,0.1930871037885732,-0.043629935288922825,0.022631406660718445,0.5433421159450017,-0.9876853,1.0,0.11152393887711011,-0.0015279626922444288,-0.005803173378768865,-0.22335558194368432,False
245,0.18122316559316082,-0.0018017156339562726,0.022631406660718445,0.39889284721792867,0.13531852,1.0,0.1939832783958755,-0.0015279626922444288,0.022172641909317305,-0.04481877131941078,False
245,0.1930871037885732,0.02035124068408068,0.022631406660718445,0.049650769219337976,0.32317924,1.0,0.1939832783958755,0.01491319514212212,-0.02600795866370517,0.007194993408566965,False
245,0.2053603608528921,-0.012389129246491368,-0.13907637894775438,0.00654024030211928,-1.0892401,1.0,0.1939832783958755,-0.0015279626922444288,0.2033705568718109,-0.9068448032473668,False
245,0.2098770142813314,-0.0018017156339562726,0.022631406660718445,0.14408347358918144,-2.5512576,1.0,0.1939832783958755,0.05673394823460621,0.022172641909317305,0.007194993408566965,False
245,0.1930871037885732,-0.026760107478562757,0.022631406660718445,0.00654024030211928,0.17604905,1.0,0.1939832783958755,0.013496453528289898,0.13824284397943096,-0.09092258763288226,False
245,0.1930871037885732,0.019069217705198864,0.022631406660718445,0.0673152494317537,1.7007262,1.0,0.1939832783958755,-0.0015279626922444288,0.38760046378222224,-0.376031281566901,False
245,0.1930871037885732,-0.0018017156339562726,-0.23424262748353553,0.00654024030211928,1.5504996,1.0,0.2849956559153632,-0.06045544039984587,0.022172641909317305,0.007194993408566965,False
246,0.1930871037885732,-0.0018017156339562726,0.022631406660718445,0.5323555187533963,-0.80421245,1.0,0.1939832783958755,-0.0015279626922444288,0.022172641909317305,0.007194993408566965,False
246,0.0702788232022118,0.019211504008780928,0.06602793862331544,0.00654024030211928,1.283908,1.0,0.1939832783958755,-0.0023333037366047842,0.07024319116892218,0.007194993408566965,False
246,0.1930871037885732,0.011568962963309542,0.022631406660718445,-0.5411539816740136,-0.29068446,1.0,0.1939832783958755,0.04868626211068752,0.022172641909317305,0.007194993408566965,False
246,0.2345614141443223,-0.0018017156339562726,0.022631406660718445,0.00654024030211928,0.20138106,1.0,0.33549486469289014,-0.0015279626922444288,0.022172641909317305,0.07367144850873793,False
246,0.10502912788727574,0.0030761500671745903,-0.24529555956707522,0.00654024030211928,-1.3287919,1.0,0.1792527638257708,-0.0015279626922444288,0.022172641909317305,0.23673370921368417,False
246,0.27324422692057737,-0.06811322987120366,0.022631406660718445,0.00654024030211928,0.9270761,1.0,0.1939832783958755,-0.0015279626922444288,0.022172641909317305,0.4188950349867617,False
247,0.1930871037885732,-0.005849201598296585,-0.11392671876343227,0.18510642969637575,0.320397,1.0,0.1939832783958755,-0.0015279626922444288,0.022172641909317305,0.22776756241880727,False
247,0.1930871037885732,-0.0018017156339562726,0.022631406660718445,0.00654024030211928,-0.02035898,1.0,0.1939832783958755,-0.0003473757911506461,0.2701186167553475,0.007194993408566965,False
247,0.17728014186096064,-0.0018017156339562726,0.022631406660718445,0.00654024030211928,-0.45102602,1.0,0.1939832783958755,-0.0015279626922444288,0.022172641909317305,0.007194993408566965,False
247,0.14711282818065535,-0.016374195061609143,0.022631406660718445,0.00654024030211928,0.033343762,1.0,0.1939832783958755,0.08034760789881086,0.022172641909317305,0.007194993408566965,False
247,0.1930871037885732,-0.0018017156339562726,0.022631406660718445,0.00654024030211928,-0.8390879,1.0,0.21532471236896056,-0.008162943699152157,-0.1191570306993408,0.007194993408566965,False
247,0.1930871037885732,-0.0018017156339562726,0.2504914965175348,0.06581626297184501,1.4754956,1.0,0.32521529354903245,-0.0015279626922444288,0.022172641909317305,0.014487155905076265,False
248,0.1930871037885732,0.0032951876583082627,0.03717422919615355,0.00654024030211928,0.4043128,1.0,0.2576472995356336,-0.0015279626922444288,0.4292181460631627,0.007194993408566965,False
248,0.15999619569344622,-0.0018017156339562726,0.022631406660718445,-0.3468985344701041,0.6667932,1.0,0.2379792843863557,-0.02863821496813004,-0.0029502872737101546,0.3717848825955091,False
248,0.1930871037885732,-0.0018017156339562726,-0.0445853249485664,0.0257710042653752,2.1021214,1.0,0.3373341263856523,0.023041621681769833,-0.19692099836145996,-0.05285463666064501,False
248,0.2171126208222,-0.014835501293728223,-0.1644583784635493,-0.2309982755516383,-1.1639769,1.0,0.27707123693906677,-0.010514405806570018,0.022172641909317305,-0.3365078099737688,False
248,0.1930871037885732,-0.0018017156339562726,0.022631406660718445,-0.47802851526183177,0.54618174,1.0,0.1939832783958755,-0.0015279626922444288,-0.0028855798906160177,0.007194993408566965,False
248,0.32364090455000294,-0.0018017156339562726,0.022631406660718445,0.00654024030211928,-0.23909014,1.0,0.26710561758398454,-0.0015279626922444288,0.022172641909317305,0.007194993408566965,False
248,0.3997523946171147,0.005239085937467427,0.022631406660718445,0.00654024030211928,-1.4628159,1.0,0.1939832783958755,-0.0015279626922444288,-0.07590144705051884,0.007194993408566965,False
248,0.054066447479021396,-0.0018017156339562726,0.022631406660718445,0.9812406401362903,1.5456421,1.0,0.18477042332029728,-0.010959123880174542,0.022172641909317305,0.46172032190388096,False
249,0.14434842944335147,-0.0237212970000019,0.022631406660718445,0.00654024030211928,2.0260205,1.0,0.19617210248450015,0.04585646235829855,0.022172641909317305,-0.34247257449928364,False
249,0.1930871037885732,-0.0015983738185137851,0.22757967702410611,0.00654024030211928,1.100077,1.0,0.1939832783958755,-0.0026763771483267465,0.022172641909317305,0.1439791075268779,False
249,0.1930871037885732,-0.0018017156339562726,0.022631406660718445,0.4722828009222186,-1.7870734,1.0,0.17125286330138273,-0.0015279626922444288,0.04529350174119818,0.007194993408566965,False
249,0.3368717968681175,-0.016794971614416458,0.022631406660718445,0.00654024030211928,-1.7137599,1.0,0.1939832783958755,-0.0015279626922444288,0.022172641909317305,0.007194993408566965,False
249,0.2624745538295159,-0.0018017156339562726,-0.2041527920753851,0.00654024030211928,1.6639022,1.0,0.1939832783958755,-0.02761672911410358,0.022172641909317305,-0.558431454166299,False
249,0.18200386056204032,-0.0018017156339562726,-0.44638961370292085,0.00654024030211928,0.9203001,1.0,0.15866178034655157,-0.011847916205158165,0.008425198750056314,-0.024443843978275936,False
249,0.1930871037885732,0.0016135909015125766,0.022631406660718445,0.00654024030211928,-1.7586551,1.0,0.35638041820059685,-0.0015279626922444288,0.022172641909317305,0.13970400594502738,False
249,0.1930871037885732,-0.02246679855755209,0.017611610104968877,-0.4288142307354209,-1.0551963,1.0,0.1939832783958755,-0.03535314847811452,-0.5434342913911373,0.7270847877102546,False
249,0.1930871037885732,-0.035634355481792876,0.349099090835598,0.23909073288360816,-0.2834885,1.0,0.1939832783958755,0.02463937754928911,0.00863636693057092,-0.29996610186923245,False
250,0.22778630278280151,-0.0018017156339562726,-0.3871459537650644,-0.2638569760606561,-0.93014073,1.0,0.24591838524586257,-0.014071000291817352,0.022172641909317305,-0.9055068679163877,False
250,0.1930871037885732,-0.0018017156339562726,0.022631406660718445,0.00654024030211928,1.4453326,1.0,0.1939832783958755,-6.45053246361557e-05,0.1384599428573599,0.12413537505429936,False
250,0.2518835292543722,-0.0018017156339562726,0.21479615981250808,0.00654024030211928,-0.91519034,1.0,0.23058302503765019,-0.0015279626922444288,-0.1344768522963038,-0.10315964744215357,False
250,0.1930871037885732,-0.014126097665132863,0.022631406660718445,-0.7911181663622429,0.41274005,1.0,0.1939832783958755,0.005831569821558202,0.022172641909317305,-0.7188442513065889,False
250,0.1930871037885732,-0.030666671183086643,0.07107814064966794,0.00654024030211928,-1.7222104,1.0,0.18954946763894248,-0.0015279626922444288,0.21771585699732487,-0.18862866565772599,False
250,0.1930871037885732,-0.03435300977602206,-0.28577271889065303,0.3266785091666494,0.8815894,1.0,0.1939832783958755,-0.0015279626922444288,0.022172641909317305,0.007194993408566965,False
250,0.1930871037885732,-0.0018017156339562726,0.022631406660718445,0.00654024030211928,-1.1590443,1.0,0.14910423209998583,-0.0015279626922444288,0.11514069906362509,0.7941202324683372,False
250,0.1930871037885732,-0.0018017156339562726,0.022631406660718445,0.33332128662280974,0.24518496,1.0,0.1648986009508702,-0.0015279626922444288,0.24772910151511882,0.007194993408566965,False
251,0.3030410205250485,-0.025180651563443797,-0.34332421699370286,0.00654024030211928,1.7888737,1.0,0.1939832783958755,0.0006422490496732908,-0.24098837440949153,0.007194993408566965,False
251,0.1930871037885732,-0.008454248451894932,0.06051396744741442,0.00654024030211928,-1.0224122,1.0,0.1939832783958755,0.015577266002259622,0.19092313843347364,-0.2934221829278387,False
251,0.1930871037885732,-0.0018017156339562726,0.022631406660718445,0.6552659462699294,-2.010591,1.0,0.1939832783958755,0.021599425839078038,0.022172641909317305,0.22281343809134363,False
251,0.1930871037885732,-0.013199168847350944,0.022631406660718445,-0.6825796267033557,-2.2133696,1.0,0.1939832783958755,-0.04104564775708126,0.022172641909317305,0.007194993408566965,False
251,0.1930871037885732,-0.022121951263520453,-0.2875898002018999,-0.222912430331421,0.92622274,1.0,0.3670693162905707,-0.019955912687147977,-0.2626171219721909,0.007194993408566965,False
252,0.1930871037885732,-0.0018017156339562726,0.022631406660718445,0.00654024030211928,-0.4498334,1.0,0.1939832783958755,0.015469785023133141,0.022172641909317305,-0.14876717957928065,False
252,0.2649070518720869,-0.02545789599694648,0.022631406660718445,0.2422429884823714,-0.46155322,1.0,0.19096327438635421,-0.0015279626922444288,0.4847151377870242,0.007194993408566965,False
252,0.1930871037885732,-0.0018017156339562726,0.022631406660718445,0.00654024030211928,1.5086432,1.0,0.36513199270911834,0.004128591264875079,0.21893153659524744,-0.022014718612816574,False
252,0.1998004878888408,0.04546650836928524,0.022631406660718445,0.00654024030211928,0.17721516,1.0,0.1939832783958755,-0.0015279626922444288,-0.1833143864085281,-0.5034332415618189,False
252,0.3063919398995798,-0.010441619280742179,0.022631406660718445,0.00654024030211928,-2.0282562,1.0,0.1939832783958755,-0.0015279626922444288,-0.2615945015085157,-0.12434789427098666,False
253,0.1930871037885732,-0.04691844863447613,-0.05445977085470316,-0.4188629529420479,0.5109947,1.0,0.06466041039511697,-0.002487999873827648,-0.028246970652803422,0.007194993408566965,False
253,0.1930871037885732,-0.0018017156339562726,0.022631406660718445,0.4474707044433467,-0.14915414,1.0,0.1939832783958755,0.0010126020539804252,0.06619571266098163,-0.04956240323654057,False
253,0.10800063293293682,-0.0018017156339562726,-0.030246423098721893,0.00654024030211928,-0.71427697,1.0,0.1939832783958755,-0.0015279626922444288,0.21119333327657305,0.007194993408566965,False
253,0.14089206163711693,-0.024958456202805134,-0.02358105659901443,-0.04737485528624755,-1.2331343,1.0,0.1939832783958755,-0.0015279626922444288,0.022172641909317305,0.007194993408566965,False
253,0.1930871037885732,0.014158005145891567,0.022631406660718445,0.00654024030211928,1.3999449,1.0,0.2011812295708909,-0.0015279626922444288,0.2135660023395681,-0.5381678015285952,False
253,0.11177484240646571,0.015870573392452597,0.06427335595995275,0.00654024030211928,0.8676008,1.0,0.1939832783958755,0.0057718017674572245,0.022172641909317305,0.007194993408566965,False
253,0.1930871037885732,0.01397646058197946,-0.130622106597282,0.5576390135284104,-0.077756256,1.0,0.0792860016365552,0.029350974697908244,0.022172641909317305,0.007194993408566965,False
254,0.1305276420160421,0.008038841932948435,0.022631406660718445,-0.0011317059907448388,-1.150081,1.0,0.1939832783958755,0.0155801032737556,0.020314990221189048,0.007194993408566965,False
254,0.1930871037885732,-0.06041250621847459,0.022631406660718445,0.19373940150935462,-1.1946981,1.0,0.3978643874627717,0.05170635554025269,0.022172641909317305,-0.9840517304683543,False
254,0.19675037272458096,-0.0018017156339562726,-0.02946483981319343,-0.2659544896721561,1.5435323,1.0,0.18084080472064423,-0.004156250017813929,-0.2846610695541592,-0.08962343488243411,False
254,0.1226256020739187,-0.04822807737016304,0.022631406660718445,-0.5004238224464989,-0.051480204,1.0,0.36069549141526724,-0.027560067518614197,0.022172641909317305,0.007194993408566965,False
254,0.1930871037885732,0.01736764171913,-0.28106817086491,0.24615180702549294,1.0711839,1.0,0.1939832783958755,-0.0007535820959187822,-0.059941085751728726,0.1469130525122617,False
255,0.1930871037885732,-0.014428333083429865,0.06489599813153518,0.00654024030211928,-1.1087807,1.0,0.2740380390236122,-0.0015279626922444288,-0.2632318567402324,0.36976527652949065,False
255,0.1930871037885732,-0.0018017156339562726,0.2178370667871949,0.00654024030211928,1.0643661,1.0,0.11707331778494895,0.019154668455057096,0.022172641909317305,0.007194993408566965,False
255,0.1930871037885732,-0.0018017156339562726,0.022631406660718445,0.514709475600123,-1.1790462,1.0,0.2055077860884611,-0.0015279626922444288,-0.17470490085840984,0.007194993408566965,False
255,0.19878567365812352,0.06835367589986943,0.022631406660718445,0.09627709276040343,-1.0026855,1.0,0.1939832783958755,-0.0015279626922444288,-0.10180801092486765,0.007194993408566965,False
255,0.1296123317640064,-0.0018017156339562726,0.022631406660718445,0.00654024030211928,-0.346995,1.0,0.1939832783958755,-0.0015279626922444288,-0.052398862420540135,0.718768244589462,False
255,0.225908122837281,0.033699085876462864,0.022631406660718445,0.00654024030211928,-1.2630277,1.0,0.30280471936054376,0.020810672222674083,-0.2488941245015732,0.7336414643189183,False
256,0.1930871037885732,-0.0018017156339562726,0.022631406660718445,0.00654024030211928,1.2805798,1.0,0.1939832783958755,-0.0015279626922444288,-0.11826590226976633,-0.6370667669412777,False
256,0.1930871037885732,-0.0018017156339562726,0.538333712826258,0.00654024030211928,0.6975633,1.0,0.1939832783958755,-0.019501938768487784,-0.18577915743473955,-0.5860790116695673,False
256,0.1930871037885732,-0.0018017156339562726,0.022631406660718445,0.6049106071386442,-1.2727778,1.0,0.14194402074762416,0.003707036382343211,-0.09255696166761337,-0.3192262848094618,False
256,0.1023852214663168,-0.0018017156339562726,0.2851010979568434,0.00654024030211928,-0.4350531,1.0,0.1939832783958755,-0.0015279626922444288,0.012342387820607197,-0.5004334608255807,False
256,0.2488759891234491,-0.0018017156339562726,0.022631406660718445,0.00654024030211928,0.09673038,1.0,0.16765993666498,0.05407345211394029,-0.2723185677740475,0.007194993408566965,False
256,0.24583090990052736,-0.0018017156339562726,0.21944806306278822,-0.5730769058036499,-1.7746067,1.0,0.1939832783958755,-0.0015279626922444288,0.022172641909317305,-0.730198101996588,False
256,0.1930871037885732,-0.047192952535390374,0.022631406660718445,0.00654024030211928,-0.6340464,1.0,0.30563256118947624,-0.0037288103512582017,-0.24869304886862145,-0.35350204193476165,False
256,0.1930871037885732,-0.07187429382738475,-0.06656558385637662,0.3513084041198779,1.2663255,1.0,0.17869829249768301,0.055920366527742994,0.022172641909317305,0.007194993408566965,False
257,0.3003388548380653,-0.0498813888045321,0.022631406660718445,-0.2884968253157697,-0.8360139,1.0,0.19401032837665827,-0.0015279626922444288,0.022172641909317305,0.007194993408566965,False
257,0.2409627683799769,0.04777644721982586,0.022631406660718445,0.00654024030211928,0.2039797,1.0,0.06502853064569067,-0.023742003924978543,0.43729787953345073,0.007194993408566965,False
257,0.2566067211713665,0.01966072472224448,-0.05189331373234721,0.36295601735818156,2.1612246,1.0,0.1939832783958755,0.05163991151469315,0.20789408569545087,0.17246773380909958,False
257,0.1930871037885732,-0.0018017156339562726,-0.2740387898668683,0.00654024030211928,0.12522143,1.0,0.2594183388021869,-0.022418099773165903,0.022172641909317305,0.3901328468278382,False
257,0.1930871037885732,-0.0018017156339562726,0.022631406660718445,0.00654024030211928,1.5028725,1.0,0.1939832783958755,-0.0015279626922444288,0.10310572558265413,0.2660741418264844,False
257,0.16826044931886883,-0.0018017156339562726,-0.0032364043293106846,0.8214235133466856,1.0490394,1.0,0.19649537030492392,-0.02050715288358394,0.1710214782248496,-0.16580148626684754,False
257,0.1930871037885732,-0.0018017156339562726,0.4798791408753841,0.00654024030211928,0.6353868,1.0,0.22023493463324192,0.02317983583903049,0.4330123490484738,0.007194993408566965,False
258,0.1930871037885732,-0.0018017156339562726,0.29620980704380223,0.23691284683464536,0.77633977,1.0,0.1939832783958755,0.009359971049922837,0.21794033846590977,0.007194993408566965,False
258,0.24832039223894492,-0.0018017156339562726,0.3119396029271117,0.00654024030211928,0.5493988,1.0,0.1939832783958755,-0.015599150003864208,0.07483601589468351,0.007194993408566965,False
258,0.1930871037885732,-0.0018017156339562726,0.022631406660718445,0.00654024030211928,-0.37814045,1.0,0.20417458889267295,0.005808607702126651,-0.1475312718244922,0.007194993408566965,False
258,0.18779678490497367,-0.01244643611472641,-0.00528061107704738,0.00654024030211928,2.0507472,1.0,0.1939832783958755,-0.04875486284850288,0.022172641909317305,0.007194993408566965,False
258,0.32811270593998276,-0.0018017156339562726,-0.23814748463884172,0.059332601341205826,-1.0780938,1.0,0.1939832783958755,0.010994855090702495,0.022172641909317305,-0.5400878577515802,False
259,0.1930871037885732,-0.04532084913601591,0.07547534123906113,-0.14811870405478325,2.1392395,1.0,0.1939832783958755,-0.0015279626922444288,0.022172641909317305,0.05453441072625749,False
259,0.2669423165415077,0.02452386399073052,0.022631406660718445,0.00654024030211928,0.48991773,1.0,0.47282647545640877,0.026905935682598463,-0.25071860938917695,-0.916580377512769,False
259,0.1930871037885732,-0.0018017156339562726,-0.1912751523864443,0.00654024030211928,1.1950624,1.0,0.1939832783958755,-0.0015279626922444288,0.09240113004663968,-0.2520961676046772,False
259,0.1930871037885732,0.03825061532359124,0.022631406660718445,-0.635838113168912,-0.9157848,1.0,0.1939832783958755,-0.0015830622165154608,-0.3804220085405291,0.007194993408566965,False
259,0.1883608332385001,-0.0018017156339562726,0.04737452894760509,0.221724598219147,-1.0098882,1.0,0.1939832783958755,-0.0015279626922444288,0.022172641909317305,0.007194993408566965,False
260,0.1930871037885732,-0.0077601954738117,0.022631406660718445,0.00654024030211928,-0.20948792,1.0,0.1939832783958755,-0.006907692741125269,-0.08591043578016345,-0.041436014875333965,False
260,0.22842922367265042,0.02678301390797577,-0.049480447645130085,0.09943153542549404,-0.017027438,1.0,0.1939832783958755,-0.0015279626922444288,0.3997630332009041,0.017166707363333186,False
260,0.1930871037885732,-0.0018017156339562726,-0.11022312184543709,0.37537927411950206,-0.56602395,1.0,0.21826664894660547,-0.0015279626922444288,-0.24020096308906644,-0.37093036216925296,False
260,0.1930871037885732,0.008908356462001884,0.022631406660718445,0.36063538698019754,0.31037536,1.0,0.203694805651648,-0.003026897415290922,0.022172641909317305,0.007194993408566965,False
260,0.13672331378728048,0.0013939166474544384,0.022631406660718445,0.00654024030211928,1.0550885,1.0,0.1939832783958755,-0.0015279626922444288,0.022172641909317305,0.14333420835634478,False
261,0.1342623808559259,0.03133928033686314,-0.02520526270555356,0.00654024030211928,-0.3051879,1.0,0.1939832783958755,-0.0015279626922444288,0.22629239883378946,-0.013247227897530776,False
261,0.1930871037885732,-0.0018017156339562726,0.022631406660718445,-0.5249502862629611,-1.9643532,1.0,0.1939832783958755,-0.016784321272879526,0.020337640243379872,-0.18190441044674915,False
261,0.1930871037885732,-0.0018017156339562726,-0.26233338162683406,-0.8165959230286564,0.39489233,1.0,0.1939832783958755,-0.0015279626922444288,0.022172641909317305,0.19194033827910734,False
261,0.09336066189734903,0.00787127644324822,-0.5848210546302901,0.11000347204164779,-1.4373894,1.0,0.3704886043509794,-0.0015279626922444288,0.022172641909317305,-0.33361627831730445,False
261,0.1930871037885732,-0.0018017156339562726,-0.22220183739420163,0.7167315463431828,-1.3205507,1.0,0.1676903545738709,-0.0015279626922444288,-0.7806199014215413,0.007194993408566965,False
261,0.1930871037885732,0.02669436318076493,-0.11949617998398002,0.00654024030211928,0.72138137,1.0,0.21005372030963196,-0.0015279626922444288,0.16433427494555558,0.007194993408566965,False
262,0.1930871037885732,-0.014443826524597893,0.022631406660718445,0.00654024030211928,1.2294903,1.0,0.28455268774385034,0.005714520583132383,-0.16905598044780218,-0.038231506338045354,False
262,0.17748937057476336,-0.0018017156339562726,0.022631406660718445,0.00654024030211928,0.45059597,1.0,0.1939832783958755,-0.0037804877278915412,0.022172641909317305,0.007194993408566965,False
262,0.1930871037885732,-0.0018017156339562726,0.05530011137405754,0.00654024030211928,-0.5893451,1.0,0.1939832783958755,-0.0015279626922444288,-0.26993770666858086,-0.06885720113133116,False
262,0.1930871037885732,-0.0018017156339562726,-0.09523182165842607,0.00654024030211928,0.27764487,1.0,0.19734699564249972,-0.0015279626922444288,0.18864723299595862,0.007194993408566965,False
262,0.1930871037885732,0.01072416628279578,0.022631406660718445,0.00654024030211928,-0.71422243,1.0,0.05573096361566332,-0.0015279626922444288,0.30314604528111494,-0.2795236598973492,False
262,0.2483502815098773,-0.0018017156339562726,0.16711994417337211,0.5457526410492319,0.0704976,1.0,0.22136727773002426,-0.0015279626922444288,0.08271895992567012,0.7344575910393932,False
262,0.1328391514963906,0.03439076381363652,0.022631406660718445,0.07193913966092404,-1.8365566,1.0,0.1939832783958755,0.012199300419178487,0.022172641909317305,-0.234036279142984,False
262,0.20207727638118378,-0.04646844060739611,0.11500221956490332,0.1904884309168521,-0.8890598,1.0,0.11323966420575156,-0.0015279626922444288,0.20545580227323093,0.6953510640356392,False
262,0.1930871037885732,-0.03396376506805405,0.022631406660718445,0.10978469340672677,-1.2617334,1.0,0.1939832783958755,-0.0015279626922444288,-0.005283793009853599,-0.4295423614705319,False
262,0.1930871037885732,-0.0018017156339562726,-0.4145382794386224,0.00654024030211928,-1.8440787,1.0,0.1939832783958755,-0.0015279626922444288,0.022172641909317305,0.007194993408566965,False
262,0.21496845690358907,-0.0018017156339562726,-0.10906223256360184,0.00654024030211928,1.4835656,1.0,0.19057284969889704,-0.0015279626922444288,0.05068257105222823,0.007194993408566965,False
262,0.1930871037885732,-0.0018017156339562726,0.022631406660718445,0.00654024030211928,-0.91528946,1.0,0.1939832783958755,-0.0015279626922444288,0.03520754438393868,0.10226330998010183,False
262,0.19571272736622042,-0.0018017156339562726,0.022631406660718445,0.00654024030211928,-1.313332,1.0,0.37155582275429877,-0.0015279626922444288,-0.01826575684811013,0.007194993408566965,False
262,0.1930871037885732,-0.029812953361594254,0.022631406660718445,0.1430069149402822,0.8534546,1.0,0.10854904227082714,-0.0015279626922444288,-0.3747680558752603,-0.7345127778259113,False
262,0.1930871037885732,-0.05000676162042326,0.022631406660718445,0.00654024030211928,1.1157877,1.0,0.2048060449684035,-0.0184693789102014,0.28089817435619285,0.007194993408566965,False
263,0.1930871037885732,-0.012997798652371204,0.12814052482074711,0.00654024030211928,-1.4495945,1.0,0.1939832783958755,-0.013899826104371196,0.022172641909317305,-0.1548362257502402,False
263,0.27725660387712203,-0.05990586925127354,-0.21465633915733698,0.00654024030211928,1.9010412,1.0,0.17056484696406188,-0.0015279626922444288,0.013118325405356282,0.007194993408566965,False
263,0.1930871037885732,0.014223226415480853,0.022631406660718445,0.22544369100843706,-0.45630336,1.0,0.16878383520529683,-0.0015279626922444288,0.16251218915610424,-0.2746556543737676,False
263,0.1930871037885732,-0.011740594392492417,0.022631406660718445,0.00654024030211928,-0.8150841,1.0,0.1939832783958755,0.032171481927678346,0.022172641909317305,-0.15141797168846008,False
263,0.1930871037885732,0.015900586940317707,0.022631406660718445,0.00654024030211928,0.3699579,1.0,0.0173433114278152,0.006842960176314347,0.022227952215120913,0.007194993408566965,False
263,0.1930871037885732,-0.008020470089364726,0.23516410437985516,0.5532073511289521,-0.91519034,1.0,0.1939832783958755,-0.0015279626922444288,0.022172641909317305,0.007194993408566965,False
264,0.25013946548317334,-0.05910263120165641,0.022631406660718445,0.00654024030211928,-0.06409252,1.0,0.07540447400583176,-0.03465903607389172,-0.08059949563609842,0.007194993408566965,False
264,0.1930871037885732,-0.010477370654963583,-0.10209713033057477,-0.4072116315912879,2.6069865,1.0,0.1939832783958755,-0.0015279626922444288,0.022172641909317305,0.007965349040334418,False
264,0.1930871037885732,-0.04386343076146775,0.022631406660718445,-0.1724988414335894,-0.40522167,1.0,0.23578023283243088,0.011409956032024446,0.21479049813557916,0.007194993408566965,False
264,0.1930871037885732,-0.0018017156339562726,-0.0762839533725832,0.1152632855565257,1.1697434,1.0,0.1939832783958755,0.0059602170294324915,0.11994504915270522,0.0662447208313529,False
264,0.1930871037885732,0.002491123649897148,-0.009422773409701143,0.11844950818541038,-1.8716335,1.0,0.2585792109515118,0.045715452846757,-0.15328228068818642,0.007194993408566965,False
264,0.1930871037885732,-0.0018017156339562726,0.022631406660718445,0.00654024030211928,-1.1523485,1.0,0.1939832783958755,0.006697170792340284,0.028323688199384422,0.007194993408566965,False
264,0.16251384952860468,-0.008026614672589433,0.29720548589207096,-0.10671165229908271,0.6569426,1.0,0.1939832783958755,0.058272896869189,0.022172641909317305,-0.002219714605452375,False
265,0.19571005336439562,0.0031712345614384845,0.022631406660718445,-0.45397348574260343,0.09696432,1.0,0.1939832783958755,-0.02745850996594423,-0.02659978497012078,0.007194993408566965,False
265,0.27933082003065446,-0.0018017156339562726,-0.41370211075813645,-0.39345676644614996,-0.7293178,1.0,0.1939832783958755,-0.013269553618720866,0.26605809437025724,0.14882338124144381,False
265,0.24009787289182424,-0.0018017156339562726,0.022631406660718445,-0.33865946860314927,1.5223423,1.0,0.29416521884386987,-0.0015279626922444288,0.022172641909317305,0.007194993408566965,False
265,0.1930871037885732,0.06617063471222424,-0.1780447576832045,0.23727588184444354,-0.6734781,1.0,0.1939832783958755,-0.0015279626922444288,0.20388423694450636,0.007194993408566965,False
265,0.1930871037885732,-0.0018017156339562726,0.022631406660718445,-0.6821621580427428,0.2672443,1.0,0.1939832783958755,0.007135672018982707,0.022172641909317305,-0.017672575580458785,False
265,0.1930871037885732,-0.01907922255696149,0.022631406660718445,0.00654024030211928,0.54502904,1.0,0.1939832783958755,-0.011812650728143062,-0.17691850776341464,-0.30768319842149877,False
265,0.1930871037885732,0.022220999172683963,-0.3855672719654666,-0.8093288146383508,-0.12545049,1.0,0.25353576334575006,0.050239074864159246,0.022172641909317305,0.007194993408566965,False
265,0.2087376509242202,0.027193200372138262,0.15838192309779767,0.00654024030211928,-1.0182428,1.0,0.1939832783958755,0.024011287378649077,0.1597012750781731,0.4162016566558824,False
266,0.1930871037885732,-0.0018017156339562726,0.022631406660718445,-0.14370912832514965,-0.35461968,1.0,0.2530495791385354,-0.0015279626922444288,0.022172641909317305,0.007194993408566965,False
266,0.1700935815905358,0.01578288551966456,0.022631406660718445,0.00654024030211928,0.47983903,1.0,0.1939832783958755,-0.0015279626922444288,0.32752907455194474,-0.029408128031493428,False
266,0.21436212651265746,-0.0018017156339562726,0.022631406660718445,-0.3312140108040238,1.5078026,1.0,0.27346633608142984,0.0810577117205881,-0.3402011865301748,0.007194993408566965,False
266,0.1930871037885732,-0.0018017156339562726,0.022631406660718445,-0.026240875603982725,-0.52722514,1.0,0.2705114643765085,-0.0015279626922444288,0.13894247366380022,0.12852662418610236,False
266,0.1930871037885732,0.021757393283143123,0.2556776489100864,-0.6221078727705712,-0.16504994,1.0,0.1939832783958755,-0.0015279626922444288,-0.2294584452231105,-1.147125729683128,False
267,0.1930871037885732,-0.0018017156339562726,0.09194848679925959,-0.1526842725152236,-0.08959562,1.0,0.1939832783958755,-0.007017310188308047,0.13712951615024582,0.16863208017694015,False
267,0.3055455811035916,-0.0018017156339562726,0.022631406660718445,0.00654024030211928,0.030931056,1.0,0.47252498309884927,-0.0007853858004288075,0.022172641909317305,-0.23497919996883634,False
267,0.1998573910675728,-0.0018017156339562726,0.022631406660718445,0.00654024030211928,-0.8833117,1.0,0.5777367129673171,-0.0015279626922444288,0.38089699344716316,0.11896075783409836,False
267,0.1930871037885732,-0.0018017156339562726,-0.16191356970553053,-0.394870853331301,-1.173957,1.0,0.1939832783958755,0.016777526158792102,-0.21300950661034154,0.007194993408566965,False
267,0.14638340781707365,-0.0018017156339562726,0.022631406660718445,0.00654024030211928,-1.0157186,1.0,0.21496964902385474,0.019875043304442803,0.19934881015441958,0.007194993408566965,False
268,0.223455988727063,-0.0018017156339562726,0.4449712968611138,0.00654024030211928,0.067284465,1.0,0.37457281655914937,-0.0015279626922444288,0.2659425475616816,0.8547349125423949,False
268,0.14829126326607162,-0.0018017156339562726,-0.5495335301141966,0.00654024030211928,-0.90565926,1.0,0.3280355090187234,-0.0015279626922444288,0.022172641909317305,-0.6476304066286228,False
268,0.1930871037885732,-0.04053781542548908,0.022631406660718445,0.061198551430056314,0.26372147,1.0,0.2165680372594356,-0.0015279626922444288,0.022172641909317305,0.8965406052353618,False
268,0.3186567560123854,-0.0018017156339562726,0.022631406660718445,0.28556940244675705,-0.06227991,1.0,0.1476439555558186,0.004162855313423572,0.022172641909317305,-0.20914927336559266,False
268,0.08438698661720995,0.03030181059131929,0.022631406660718445,0.00654024030211928,1.9884633,1.0,0.15645125119807965,0.04378638069139026,0.23262510122755645,0.007194993408566965,False
269,0.14680492670001594,-0.0018017156339562726,0.022631406660718445,0.00654024030211928,-0.74750835,1.0,0.1939832783958755,-0.0015279626922444288,0.022172641909317305,0.007194993408566965,False
269,0.1930871037885732,-0.0034656484333638205,0.022631406660718445,0.4009001600939022,-2.1068094,1.0,0.1939832783958755,-0.0015279626922444288,0.022172641909317305,0.616608594135289,False
269,0.1930871037885732,-0.016474745883482227,0.022631406660718445,0.016813588362948752,-0.9989418,1.0,0.1939832783958755,0.05023601490745814,-0.2491465174291506,0.007194993408566965,False
269,0.1930871037885732,-0.0018017156339562726,0.022631406660718445,0.5437872694452154,1.0187069,1.0,0.1939832783958755,-0.0015279626922444288,0.022172641909317305,-0.15115908749885268,False
269,0.1930871037885732,-0.026879904908843774,-0.11443067673223889,0.00654024030211928,-1.4990077,1.0,0.1939832783958755,-0.011078695356026727,0.32593279656176416,-0.41874205886567156,False
270,0.1930871037885732,-0.0018017156339562726,0.022631406660718445,0.00654024030211928,1.4863986,1.0,0.1939832783958755,-0.012495851557314386,0.022172641909317305,0.9856986822045498,False
270,0.1930871037885732,-0.0018017156339562726,0.1894142964805373,0.00654024030211928,1.6048743,1.0,0.24646288217895435,-0.0015279626922444288,-0.4492418749748597,-0.495853949655156,False
270,0.1930871037885732,0.04123512343271801,0.022631406660718445,0.00654024030211928,1.536593,1.0,0.1939832783958755,0.03106813175259343,0.1939341821584997,0.007194993408566965,False
270,0.294019629295145,-0.0018017156339562726,-0.17573303726769157,0.06549754530606325,0.2235477,1.0,0.07612596412353599,-0.0015279626922444288,0.41976967833477435,-0.368510336423815,False
270,0.1930871037885732,-0.0018017156339562726,0.022631406660718445,-0.04493078616472472,0.7439613,1.0,0.1939832783958755,-0.0015279626922444288,0.022172641909317305,0.007194993408566965,False
270,0.1930871037885732,0.004675349082982084,-0.11811097648888272,-0.35797113827004035,0.3983151,1.0,0.2954631688643612,-0.006915770319463195,0.022172641909317305,1.217677042535871,False
270,0.25462975394072984,-0.020755081814902383,0.11630861153546249,0.15493676773809253,-0.16564316,1.0,0.1939832783958755,-0.0015279626922444288,0.12395111396022238,0.007194993408566965,False
270,0.13666305426864206,-0.0018017156339562726,-0.022064085526603702,0.00654024030211928,-1.2860453,1.0,0.2751808892949783,-0.024642016309518396,0.17208870631026893,-0.6526668643180397,False
270,0.22787674168534688,-0.023646713117406112,0.022631406660718445,-0.06740613277675535,-1.5712235,1.0,0.1939832783958755,-0.023487762916366214,0.022172641909317305,-0.11140560481044072,False
271,0.23895771744994695,-0.0018017156339562726,0.022631406660718445,-0.08360860865082279,1.9392447,1.0,0.1939832783958755,0.0132241095224133,0.022172641909317305,0.007194993408566965,False
271,0.20455323029352418,-0.0018017156339562726,-0.06150480812881788,-0.42295937317458415,-0.017027438,1.0,0.17850094142446654,-0.021958049168231547,-0.1070776592739032,-0.6210235544679562,False
271,0.3453836657346093,0.010691395172264005,0.022631406660718445,-0.07200578077072906,0.3249336,1.0,0.1939832783958755,-0.0015279626922444288,0.07085559510583193,-0.5715520142826832,False
271,0.1930871037885732,-0.0018017156339562726,0.022631406660718445,-0.5866307048510366,0.36457953,1.0,0.1939832783958755,0.027023269827095554,0.022172641909317305,0.007194993408566965,False
271,0.1930871037885732,0.014890629941151711,-0.4004233318876475,0.00654024030211928,1.2937719,1.0,0.49610909566295724,-0.0015279626922444288,-0.09278072145626624,0.007194993408566965,False
272,0.10686858156796751,-0.0018017156339562726,0.32616931453220915,0.00654024030211928,-1.2720933,1.0,0.1939832783958755,-0.0015279626922444288,0.022172641909317305,0.007194993408566965,False
272,0.3195699400416996,-0.0018017156339562726,0.022631406660718445,0.00654024030211928,0.017248929,1.0,0.1939832783958755,0.015149251938865953,0.022172641909317305,0.007194993408566965,False
272,0.1930871037885732,0.0023347161364503047,-0.22805972622695375,0.00654024030211928,0.51082206,1.0,0.1939832783958755,-0.0015279626922444288,0.2128545624606356,0.5697129015886996,False
272,0.24463165157463396,0.030920075791276723,0.03414952201690953,0.00654024030211928,1.0490394,1.0,0.17384757790778263,-0.0015279626922444288,0.022172641909317305,0.37777326973459946,False
272,0.1761800296441256,0.019042591832894803,0.022631406660718445,0.09268365278179842,1.9364401,1.0,0.2572283521123904,-0.0015279626922444288,0.492431027542395,0.30567745348568404,False
273,0.1930871037885732,-0.0018017156339562726,0.022631406660718445,0.00654024030211928,0.8658274,1.0,0.3086215231768753,0.011918451148378813,0.017094128417886077,0.007194993408566965,False
273,0.38575293195295574,-0.0018017156339562726,-0.27869345570329623,0.00654024030211928,-1.1992263,1.0,0.21640579065269783,-0.0015279626922444288,-0.2485081817768456,-0.015557341607635899,False
273,0.1930871037885732,-0.01044535017787979,-0.25555368394301664,0.8682944148050894,0.28683615,1.0,0.1939832783958755,-0.0015279626922444288,0.036163001070832174,0.007194993408566965,False
273,0.27726187171797606,-0.01977805574700229,0.022631406660718445,0.00654024030211928,2.0504332,1.0,0.2885715050631949,-0.0015279626922444288,0.092596958871437,0.007194993408566965,False
273,0.1930871037885732,-0.0018017156339562726,0.022631406660718445,-0.08440881391872605,-0.10884243,1.0,0.3343236629363199,-0.04100201193617914,0.022172641909317305,-0.2740716589600374,False
273,0.1930871037885732,-0.03273980548588234,-0.11500800860003232,-0.2166233996033722,-1.3516088,1.0,0.1939832783958755,-0.0015279626922444288,-0.20931590970852687,0.007194993408566965,False
273,0.1930871037885732,-0.0018017156339562726,0.3285088942671836,0.10112639482566052,-0.2607955,1.0,0.22538178334027667,0.006544103531897313,0.022172641909317305,0.007194993408566965,False
273,0.2507019525508235,-0.002193207002244165,0.5035922076258117,0.00654024030211928,1.045589,1.0,0.2752582260577058,-0.0015279626922444288,-0.10112959277904092,-0.6346775707084721,False
274,0.15567962383123984,-0.0018017156339562726,-0.13541512547166418,-0.444286779972932,-2.383249,1.0,0.1939832783958755,-0.0015279626922444288,-0.14409258397758554,0.34004329684919515,False
274,0.26583195493866324,-0.0018017156339562726,0.022631406660718445,0.00654024030211928,0.37766755,1.0,0.1939832783958755,-0.0015279626922444288,0.022172641909317305,-0.8458638088697297,False
274,0.21849075860920802,-0.0018017156339562726,-0.014673868463410171,0.00654024030211928,2.9146514,1.0,0.3156452858712508,-0.019311744644697402,0.022172641909317305,0.007194993408566965,False
274,0.1930871037885732,0.010803251346067421,-0.26195726135927155,0.00654024030211928,0.39597815,1.0,0.2645006222343257,-0.0015279626922444288,0.23302774011503563,0.007194993408566965,False
274,0.1930871037885732,-0.02779542881423804,0.022631406660718445,0.00654024030211928,-0.3641503,1.0,0.39499142681389543,-0.0015279626922444288,0.0684767478774729,0.007194993408566965,False
274,0.1930871037885732,-0.06132137267328833,0.022631406660718445,0.00654024030211928,-0.055890456,1.0,0.3064542062585368,0.027654241806272593,0.0817123090685988,-0.01975740772279034,False
274,0.2715730311305827,0.008473760655716808,0.08754766274740151,-0.39513319328731045,2.9999704,1.0,0.1939832783958755,0.021351048000925542,0.022172641909317305,0.007194993408566965,False
274,0.18986462048170358,-0.0018017156339562726,0.06621109613942608,0.00654024030211928,0.83690804,1.0,0.08178566646171982,-0.0015279626922444288,0.022172641909317305,-0.15324739569603238,False
274,0.10162423986492294,-0.0018017156339562726,0.11293794515793161,0.00654024030211928,0.115363345,1.0,0.214434300677398,0.021407214449311752,-0.31614775043478577,-0.9405109950266765,False
274,0.32769932548943226,-0.0018017156339562726,0.02841343380783842,0.00654024030211928,1.6734736,1.0,0.1939832783958755,0.010669736001122554,-0.05824300700519125,0.9306304025259053,False
275,0.179328441573538,-0.0018017156339562726,0.022631406660718445,0.25381361338584235,-0.7362889,1.0,0.1939832783958755,-0.0015279626922444288,-0.09863524262804807,-0.5341158135300482,False
275,0.12578283286516656,-0.0018017156339562726,0.022631406660718445,0.00654024030211928,-1.8526602,1.0,0.3580839580989532,0.0010477165635255766,0.02686806160507696,0.007194993408566965,False
275,0.24974390407690286,0.04589692918639279,0.12888739582223285,0.00654024030211928,2.2897625,1.0,0.25189699802855625,-0.0348553422516065,0.022172641909317305,0.007194993408566965,False
275,0.1930871037885732,-0.021068437874281264,0.022631406660718445,-0.40063088401631386,-1.0755626,1.0,0.1939832783958755,-0.0015279626922444288,0.09229953896756031,0.1260576515845695,False
275,0.1930871037885732,-0.0018017156339562726,0.022631406660718445,0.00654024030211928,-1.5693327,1.0,0.1939832783958755,-0.0015279626922444288,0.21646370330554066,1.1056761530286079,False
275,0.17450138062277767,0.013375752082667485,0.022631406660718445,0.2933433702086362,0.37921864,1.0,0.1939832783958755,0.04803805953628514,0.1359737554915441,0.007194993408566965,False
275,0.1215934793595839,-0.0018017156339562726,0.23869509802811395,0.00654024030211928,-1.5537964,1.0,0.18834764627835163,-0.0015279626922444288,0.1955495554095843,-0.014692759410547367,False
275,0.1930871037885732,-0.06253760845998134,0.022631406660718445,-0.20938118596805236,0.55779666,1.0,0.1939832783958755,-0.0015279626922444288,-0.013481755207383563,-0.4501427364475057,False
276,0.1666659578724393,-0.0018017156339562726,0.022631406660718445,-0.45255824682251455,0.8651581,1.0,0.29447700145860956,-0.0015279626922444288,0.05831381457827489,0.007194993408566965,False
276,0.1930871037885732,-0.0018017156339562726,0.022631406660718445,0.00654024030211928,-0.9649605,1.0,0.1939832783958755,-0.0015279626922444288,-0.03679661528315292,-0.8871104209085848,False
276,0.1930871037885732,-0.0018017156339562726,0.022631406660718445,0.00654024030211928,0.13172805,1.0,0.21881876462780175,-0.038672604178503676,-0.45060975101898676,-0.01795079646261156,False
276,0.3041157440393329,-0.0018017156339562726,-0.2803299572636759,0.00654024030211928,-1.3640298,1.0,0.2142606525874828,-0.015503540765997213,-0.27254201548489193,0.007194993408566965,False
276,0.1930871037885732,-0.0018017156339562726,0.30159385398772426,0.31822052066040635,-1.6179924,1.0,0.1939832783958755,-0.0015279626922444288,-0.10517238524363909,-0.4430075059978846,False
276,0.14244992250323135,-0.0018017156339562726,0.046160897616146834,0.00654024030211928,-0.4109423,1.0,0.12737196243804738,-0.003203045997245838,0.03239267264739383,0.007194993408566965,False
277,0.28207964046467926,0.016306882686608463,-0.06135129977671516,0.00654024030211928,-0.10413951,1.0,0.12475549710497837,-0.0104160162784213,-0.14820563295880917,0.007194993408566965,False
277,0.1930871037885732,-0.0699110768894867,0.27350220492215255,-0.6645296152988979,0.122116506,1.0,0.2833037762788411,-0.0015279626922444288,-0.30759997827128693,0.007194993408566965,False
277,0.1539453971802444,-0.0018017156339562726,-0.12958893828769874,0.31910607551671494,1.0285926,1.0,0.31628239892453247,-0.0007171776495750783,0.022172641909317305,0.6290813705015933,False
277,0.15885230695565938,-0.0018017156339562726,0.1367840051400903,0.00654024030211928,-2.003667,1.0,0.1939832783958755,-0.01813299849880663,0.07408973057795216,0.007194993408566965,False
277,0.1930871037885732,-0.0018017156339562726,0.022631406660718445,-0.2302015353888216,-2.6696415,1.0,0.1939832783958755,-0.0015279626922444288,0.16804468503930003,0.007194993408566965,False
277,0.25870644436300494,-0.06251370871019953,0.022631406660718445,-0.49642525318149844,-0.46131366,1.0,0.1939832783958755,-0.020682093070822773,0.022172641909317305,0.007194993408566965,False
277,0.2558683225746771,-0.0018017156339562726,-0.20075951918303978,-0.00841478649043809,0.14404365,1.0,0.228459753768943,-0.0015279626922444288,-0.44741739008725595,0.007194993408566965,False
277,0.1930871037885732,-0.0018017156339562726,0.20133927195481927,0.2541356071509787,-2.2557566,1.0,0.1939832783958755,-0.0015279626922444288,-0.08795992876765382,0.32739020241254774,False
278,0.28138816382435017,0.004639150341705729,0.022631406660718445,-0.07701218260036605,-0.9416285,1.0,0.1939832783958755,-0.0015279626922444288,0.09533894276342854,0.26415996395803326,False
278,0.27097520753917503,-0.0018017156339562726,-0.23104744369088093,0.30320835338494395,0.4130332,1.0,0.1939832783958755,-0.008498615447629417,-0.0060170929640243065,-0.10336315134431104,False
278,0.23941280927514347,-0.0018017156339562726,-0.14790079893235716,-0.0951594599546178,-0.19083497,1.0,0.2822518714831006,-0.0015279626922444288,-0.01668871065287481,0.007194993408566965,False
278,0.1930871037885732,-0.0018017156339562726,0.022631406660718445,0.5297224348996052,1.9601957,1.0,0.1939832783958755,-0.029116482532757178,0.022172641909317305,0.007194993408566965,False
278,0.1930871037885732,-0.0018017156339562726,0.022631406660718445,0.14514917790890036,-2.1457899,1.0,0.1939832783958755,0.021876194730971906,0.12027066333608834,0.007194993408566965,False
278,0.1930871037885732,0.02626125161129759,0.1205963592398763,-0.012607588395950758,-0.36385968,1.0,0.33224015985826827,-0.0015279626922444288,-0.19199110522150253,-0.29164459035590806,False
278,0.18940687564970018,0.008802147069136557,-0.1785171404596326,0.00654024030211928,-1.2088991,1.0,0.1939832783958755,0.037692461202174496,0.10565459670202494,-1.1027667564091306,False
279,0.1930871037885732,-0.053690330860637854,0.022631406660718445,0.00654024030211928,0.124941535,1.0,0.25117738025054603,-0.0015279626922444288,0.022172641909317305,-0.057904643684273616,False
279,0.30550152210421716,-0.021894802770129927,0.09577000918158157,0.00654024030211928,0.60294676,1.0,0.1939832783958755,-0.0015279626922444288,0.018684465043930325,0.007194993408566965,False
279,0.1930871037885732,-0.007896703995853935,-0.030324402929190898,0.1172557209813093,1.9546747,1.0,0.15451953321900389,0.045811626657114655,0.008856941331280597,-0.7984844897182455,False
279,0.2023790788091243,0.02377940067109095,0.022631406660718445,0.00654024030211928,1.2594551,1.0,0.1939832783958755,0.02248229408264866,0.02128627571395643,-0.12384751526563265,False
279,0.29235528933281246,-0.0018017156339562726,0.3881801519581438,-0.1714112664505967,1.1687577,1.0,0.165554113927771,-0.0015279626922444288,0.022717953384100823,-0.47628066698923205,False
279,0.1876140958024299,-0.0018017156339562726,-0.13182263509937062,0.2775332027321438,0.3079371,1.0,0.20582219644823888,0.05869072766914328,-0.24903539822448226,0.007194993408566965,False
279,0.1930871037885732,0.0214482004228876,0.18208097264175038,-0.1087547142592222,-1.9096483,1.0,0.28824182866544446,-0.043375202225009526,0.022172641909317305,-0.669497667103449,False
279,0.16650176538066216,0.01142061264187284,0.022631406660718445,-0.041287039160453634,-1.607374,1.0,0.1939832783958755,0.008525949461054434,0.022172641909317305,0.007194993408566965,False
279,0.1930871037885732,-0.0018017156339562726,0.022631406660718445,0.13782911191254435,-0.74750835,1.0,0.09261182379576686,-0.012406000041913029,-0.3780784992477604,0.07305098636777217,False
279,0.1930871037885732,0.01562526428564258,0.022631406660718445,-0.4661480469617099,-0.4192224,1.0,0.1939832783958755,-0.02268948099300855,0.07111135262228162,0.007194993408566965,False
279,0.1751103010354625,-0.020428290333808843,0.022631406660718445,0.00654024030211928,0.54437953,1.0,0.1939832783958755,0.019882824187492713,-0.008788763257543877,-0.25999851422133813,False
279,0.09114861154268934,0.027797225806686345,0.10792645824731123,0.23838082735423388,0.6854079,1.0,0.1939832783958755,-0.0015279626922444288,0.022172641909317305,-0.20553974529096378,False
279,0.1930871037885732,-0.0018877143153913792,-0.13894081767819583,0.00654024030211928,2.4314451,1.0,0.1939832783958755,-0.02798136696811665,-0.24112516201390424,0.007194993408566965,False
279,0.1930871037885732,-0.0018017156339562726,0.022631406660718445,0.6825198528018133,0.78707075,1.0,0.1939832783958755,-0.00027548874971683695,0.022172641909317305,-0.6130809693315609,False
279,0.10065758343366482,-0.005949590961928022,0.022631406660718445,0.00654024030211928,1.7631326,1.0,0.1939832783958755,-0.0015279626922444288,-0.39635116205847504,0.007194993408566965,False
279,0.1930871037885732,-0.0018017156339562726,0.022631406660718445,0.00654024030211928,-2.234246,1.0,0.20880853639895258,-0.03361661257093095,-0.36259393957766606,0.007194993408566965,False
279,0.27618580452254626,-0.0018017156339562726,0.03579875919670437,0.00654024030211928,0.8895029,1.0,0.2330391313259494,0.030701646921290737,0.022172641909317305,0.007194993408566965,False
279,0.1930871037885732,-0.0018017156339562726,0.022631406660718445,0.058381650501626886,0.97371143,1.0,0.1939832783958755,-0.0015279626922444288,-0.016900933315046846,0.007194993408566965,False
279,0.23348068987219553,0.016195567545290238,0.022631406660718445,0.00654024030211928,0.6529921,1.0,0.1907834803033377,0.004724001071749003,0.022172641909317305,0.20714101693465206,False
279,0.1930871037885732,-0.020358404132791524,0.022631406660718445,0.00654024030211928,0.16931817,1.0,0.20071594554578914,-0.0015279626922444288,0.022172641909317305,-0.11730760925666835,False
280,0.1753194934851434,0.028695732733914323,0.022631406660718445,0.00654024030211928,-0.42781624,1.0,0.1939832783958755,-0.0015279626922444288,0.022172641909317305,0.4700323516131431,False
280,0.1930871037885732,-0.0018017156339562726,0.022631406660718445,0.00654024030211928,-1.7169405,1.0,0.2699056863741224,-0.031601510571256805,0.022172641909317305,0.007194993408566965,False
280,0.1930871037885732,-0.0018017156339562726,0.022631406660718445,0.07289859575844276,-1.7531656,1.0,0.1988919080297464,-0.0015279626922444288,-0.06935801411660142,0.12173475879836688,False
280,0.13798070922636677,0.012807805523845164,0.022631406660718445,-0.1500455364900186,0.21095714,1.0,0.1939832783958755,0.018825060293724286,-0.21526302046510082,0.007194993408566965,False
280,0.22338567832076622,-0.0018017156339562726,0.3327062742768357,0.00654024030211928,-0.70321727,1.0,0.1939832783958755,-0.0015279626922444288,-0.2538659921067661,-0.6907468813864253,False
280,0.1933377174999255,-0.00048312907712224793,0.022631406660718445,0.00654024030211928,-1.0706042,1.0,0.1939832783958755,-0.0015279626922444288,0.022172641909317305,-0.6322832786884545,False
280,0.1462597204407325,0.007696155493842533,0.15228285271241676,-0.5413639040403497,-1.8571451,1.0,0.1939832783958755,-0.06851071877934659,0.022172641909317305,0.007194993408566965,False
280,0.1930871037885732,-0.0018017156339562726,0.022631406660718445,0.00654024030211928,-0.35840148,1.0,0.1939832783958755,0.021130353863509886,0.022172641909317305,0.007194993408566965,False
281,0.2389041114433437,0.03308471663440123,0.10323162791016526,0.00654024030211928,0.14384475,1.0,0.1939832783958755,-0.0015279626922444288,0.05295491441413282,0.154157487501759,False
281,0.1930871037885732,0.038856139405023256,0.022631406660718445,-0.09669935265509405,-0.19857225,1.0,0.29347684478311153,-0.0015279626922444288,-0.1649770844817399,0.007194993408566965,False
281,0.1930871037885732,-0.004871372824209318,0.022631406660718445,0.00654024030211928,-0.23826292,1.0,0.2670849305137067,-0.04941325654582249,0.022172641909317305,0.007194993408566965,False
281,0.2675431405118365,-0.02403930882076669,0.14849589183918932,0.02973850233807654,-0.3895328,1.0,0.2427345819576621,-0.0015279626922444288,0.022172641909317305,0.12388178684354437,False
281,0.1930871037885732,-0.023005724553070508,0.022631406660718445,0.00654024030211928,-2.0834396,1.0,0.1939832783958755,-0.0015279626922444288,0.022172641909317305,0.007194993408566965,False
281,0.1930871037885732,-0.006881321934268299,0.022631406660718445,0.00654024030211928,-1.0098448,1.0,0.1939832783958755,-0.0015279626922444288,-0.3617847998398282,-0.37650344265056884,False
281,0.1930871037885732,0.019354104713807174,0.005032059784187481,-1.0103475349527042,-1.2319918,1.0,0.1939832783958755,0.01975113863648134,0.022172641909317305,0.007194993408566965,False
281,0.1930871037885732,-0.03560218959404115,-0.0020451363272665467,0.00654024030211928,-0.8467743,1.0,0.3893334445926663,-0.059642639401113584,0.010835146482512888,0.045799289634292625,False
281,0.1930871037885732,0.001004511791250792,0.15612866445252346,0.00654024030211928,0.88919485,1.0,0.18617566753862047,-0.0015279626922444288,0.022172641909317305,0.007194993408566965,False
281,0.28970821457278917,0.0027317629127565704,0.022631406660718445,0.00654024030211928,1.518559,1.0,0.1939832783958755,0.03521328847465687,0.022172641909317305,0.007194993408566965,False
281,0.1930871037885732,0.02627501977454067,0.022631406660718445,0.00654024030211928,-0.31617677,1.0,0.1939832783958755,-0.029585462814417336,-0.06890927548535644,0.007194993408566965,False
282,0.1289018374547392,0.013302577766546444,-0.5641102575581454,0.00654024030211928,0.1558541,1.0,0.1939832783958755,-0.0030939073232540944,0.022172641909317305,0.007194993408566965,False
282,0.1930871037885732,-0.0018017156339562726,0.022631406660718445,0.00654024030211928,-1.7617962,1.0,0.1939832783958755,-0.0015279626922444288,-0.07073589615546169,0.007194993408566965,False
282,0.1930871037885732,0.06905863205803564,-0.41486052927630435,0.43557151557548435,0.3309834,1.0,0.1939832783958755,-0.0015279626922444288,0.022172641909317305,-0.22318045065675343,False
282,0.06473209979959654,-0.0018017156339562726,-0.2740797617431155,-0.3571132682533326,0.39136922,1.0,0.19294751111329048,-0.0015279626922444288,0.3311184569706028,0.007194993408566965,False
282,0.18947872441821734,-0.005629638367248424,-0.23517579795650412,0.05994285584845384,-1.1975957,1.0,0.1939832783958755,0.004102727033255468,0.09895563199032527,0.49858546690245614,False
282,0.1930871037885732,-0.0018017156339562726,0.022631406660718445,-0.5576140048587435,-0.6319833,1.0,0.33776797641507794,-0.0015279626922444288,0.022172641909317305,-0.13806063945912034,False
283,0.1930871037885732,-0.0018017156339562726,0.07685579775514403,0.07311675337453008,-0.6917617,1.0,0.2894044831152002,-0.0015279626922444288,0.14889115335696346,0.007194993408566965,False
283,0.3235968989924923,0.010512592450946358,0.05391788203640625,-0.5577854060568443,-0.6122284,1.0,0.1939832783958755,-0.0015279626922444288,0.022172641909317305,0.007194993408566965,False
283,0.1930871037885732,-0.0018017156339562726,0.068034923413678,0.567029754322323,-0.10302842,1.0,0.1939832783958755,-0.011167783192165779,0.022172641909317305,0.007194993408566965,False
283,0.2747958885304984,0.011051032434232312,0.022631406660718445,0.00654024030211928,1.7233325,1.0,0.2623938366882903,0.02979059197040227,0.022172641909317305,0.10966171054036039,False
283,0.23474169645436,0.01073646461928732,0.34591768106401793,0.00654024030211928,-0.9386333,1.0,0.1939832783958755,-0.0015279626922444288,0.10815507138000846,0.11707330554964991,False
283,0.31818919314655847,-0.016178566623003755,0.022631406660718445,0.00654024030211928,-0.5893451,1.0,0.04708302234809236,-0.0015279626922444288,-0.03280458422458414,0.007194993408566965,False
284,0.2638172959249887,-0.0031978240893816515,0.36214425608311634,0.00654024030211928,1.3580962,1.0,0.1617952892416703,0.010103287715089036,0.214411908744213,-0.6210468494952109,False
284,0.2236487726159389,-0.0018017156339562726,0.022631406660718445,0.00654024030211928,-1.2103846,1.0,0.1939832783958755,-0.0015279626922444288,0.03496599981736643,0.01366570590688893,False
284,0.1736440643360856,0.0063561057984191,0.022631406660718445,-0.03047002511181268,0.10003984,1.0,0.1939832783958755,0.08011396658158623,0.022172641909317305,-0.9526945126717421,False
284,0.1758024915064001,-0.0018017156339562726,-0.19688145133143364,0.14426004094395684,-1.9753147,1.0,0.1939832783958755,-0.0015279626922444288,0.5438196319472965,0.4327753405779685,False
284,0.2901073718530339,-0.0018017156339562726,0.022631406660718445,-0.15834780227364342,-2.6216063,1.0,0.1939832783958755,0.00261783424978377,0.022172641909317305,0.007194993408566965,False
284,0.1857158465284385,-0.0018017156339562726,0.09701071191180428,0.011611903110932353,-0.95942646,1.0,0.11982740769666562,0.051037723563148896,0.00022281748199665802,-0.11941451707717171,False
285,0.2550746040144689,-0.0018017156339562726,-0.30872150256493147,0.18555082717366142,-0.8057237,1.0,0.1939832783958755,-0.0015279626922444288,0.26165126314211157,0.22828103577737202,False
285,0.1775928120736195,-0.020269758645604753,-0.03443547157655879,0.33756513132630234,0.775661,1.0,0.32347943676311175,-0.0015279626922444288,0.022172641909317305,0.007194993408566965,False
285,0.1930871037885732,-0.0018017156339562726,-0.3536544215223013,-0.8073131135079858,0.082895994,1.0,0.18944803591935985,-0.029750194849870314,-0.3015085315283086,-0.8843995349087844,False
285,0.27465294681410835,-0.0018017156339562726,-0.08018183597060803,0.2468645026394824,1.4086723,1.0,0.1939832783958755,-0.0015279626922444288,0.022172641909317305,0.007194993408566965,False
285,0.1930871037885732,-0.024860294831907825,0.13615417440807417,0.15375020775317205,0.12675834,1.0,0.27684103810148253,-0.0015279626922444288,-0.21415368138040486,0.007194993408566965,False
285,0.1930871037885732,0.05546838335219008,0.5131926614051074,0.00654024030211928,0.07032859,1.0,0.1939832783958755,-0.014015056528636275,0.15996806259466492,0.007194993408566965,False
285,0.1930871037885732,0.014586810725579647,0.02131341444258191,0.18728602579719947,-0.7301676,1.0,0.0902657973814297,-0.0015279626922444288,-0.27458122940956675,0.007194993408566965,False
285,0.2191980120511672,-0.03866970230444368,0.1851865572055083,0.00654024030211928,1.9124877,1.0,0.136092624313775,-0.025189559931549168,0.022172641909317305,-0.021472595100614614,False
285,0.16935119584908412,-0.0018017156339562726,0.022631406660718445,0.09937340266249607,-0.3018967,1.0,0.3353631463565293,-0.0015279626922444288,-0.30164947366854616,-1.0312660917080916,False
285,0.1930871037885732,-0.0018017156339562726,0.19672744565851305,-0.3401371334164343,0.74186116,1.0,0.1939832783958755,-0.038958325015643856,-0.06570054997354544,-0.042941947391147275,False
285,0.1930871037885732,0.014252871851655066,0.022631406660718445,0.00654024030211928,-1.0523683,1.0,0.1939832783958755,-0.0015279626922444288,-0.7737809503078924,0.30661671626428777,False
286,0.1930871037885732,-0.0080354107079934,-0.19996805770655002,-0.46745654264458625,1.6295786,1.0,0.1939832783958755,-0.0015279626922444288,0.022172641909317305,-0.18103046474065865,False
286,0.1996359461163114,0.002420905362354414,0.022631406660718445,0.00654024030211928,0.35083443,1.0,-0.024360223913600182,0.012651229563690377,-0.2528387880002794,-0.1614614588961447,False
286,0.2535743153047022,-0.0627898317785513,-0.3830763141824963,0.00654024030211928,0.35392728,1.0,0.26082298174068963,-0.04763498157171934,-0.23475243564120454,0.007194993408566965,False
286,0.36062884297335224,0.031005815685116858,0.12196821672020361,-0.09434588928138059,0.0979453,1.0,0.1939832783958755,-0.0015279626922444288,0.022172641909317305,0.007194993408566965,False
286,0.18691209302358278,-0.015204477588594719,0.022631406660718445,-0.005866867719456808,-1.3426563,1.0,0.1939832783958755,-0.0015279626922444288,-0.09393895923257248,-0.09598324121193587,False
287,0.1930871037885732,-0.05686694873220722,-0.7164001535310562,0.1583777970945257,0.8621984,1.0,0.1939832783958755,0.01571044223423241,0.022172641909317305,-0.6181871665088213,False
287,0.1930871037885732,-0.018056115717392636,0.022631406660718445,0.00654024030211928,0.77831876,1.0,0.09534887998295012,-0.0015279626922444288,0.022172641909317305,0.007194993408566965,False
287,0.05558538739923202,-0.03364245989216146,0.022631406660718445,0.00654024030211928,1.6967125,1.0,0.34281005021061706,-0.0015279626922444288,0.022172641909317305,0.007194993408566965,False
287,0.1930871037885732,-0.016178808974116977,0.022631406660718445,-0.08795445344768216,1.5249248,1.0,0.4082091860504415,-0.0017424851746954968,-0.31103603296168486,-0.30032222459838803,False
287,0.1347851071769564,-0.038993244970614016,0.2001052130497335,-0.07715320787725338,0.95541805,1.0,0.1939832783958755,-0.0015279626922444288,0.022172641909317305,-0.4286155833705974,False
287,0.052438990037218663,-0.0034494384189042663,0.022631406660718445,-0.7751794749879938,-1.7725827,1.0,0.1939832783958755,0.028584175222904375,0.4021333421754728,0.007194993408566965,False
287,0.1930871037885732,-0.0018017156339562726,0.022631406660718445,-0.021313777429395428,0.34387064,1.0,0.0919523111663896,-0.0015279626922444288,-0.15842134397925206,0.0012943129570524422,False
287,0.1930871037885732,-0.0018017156339562726,0.022631406660718445,0.09712814957048638,1.7416902,1.0,0.16275959365648257,0.0037542505580048656,0.018157312901389007,0.007194993408566965,False
288,0.15990391686387795,-0.0018017156339562726,0.022631406660718445,-0.2814544717416254,-0.5423069,1.0,0.1939832783958755,-0.0015279626922444288,0.022172641909317305,0.007194993408566965,False
288,0.2331594660983819,-0.0018017156339562726,-0.32174686279344716,-0.447772801693853,0.62193775,1.0,0.43158542324169114,-0.0015279626922444288,0.022172641909317305,0.007194993408566965,False
288,0.21658201755218243,-0.0018017156339562726,0.8073489045382689,0.00654024030211928,-0.4536308,1.0,0.18506650035390437,0.01435946611104056,0.022172641909317305,0.007194993408566965,False
288,0.23666651587781817,0.0058662283932019105,0.022631406660718445,0.00654024030211928,-1.853809,1.0,0.24056027801558735,0.008181350655677317,0.022172641909317305,0.007194993408566965,False
288,0.23547743822696648,-0.0018017156339562726,0.022631406660718445,0.30157167174914024,0.52920765,1.0,0.03997067363055129,-0.0015279626922444288,0.022172641909317305,0.007194993408566965,False
288,0.1930871037885732,0.015836378305379886,-0.21603582293181858,0.00654024030211928,-0.40761614,1.0,0.1939832783958755,0.032999994022589185,0.022172641909317305,0.007194993408566965,False
289,0.1930871037885732,-0.0018017156339562726,0.022631406660718445,0.5522748148478334,0.521328,1.0,0.1939832783958755,-0.0015279626922444288,-0.0306396517052648,0.007194993408566965,False
289,0.1930871037885732,0.06150751109249593,0.022631406660718445,0.00654024030211928,0.31705356,1.0,0.1939832783958755,-0.0015279626922444288,0.022172641909317305,-0.20115922461116592,False
289,0.26612932073759465,-0.0018017156339562726,-0.49232301685207,0.38697079765676784,-0.3315251,1.0,0.3722031651756649,0.03417322543487051,0.022172641909317305,0.17621521212325214,False
289,0.1930871037885732,-0.0018017156339562726,0.5197578501110041,0.00654024030211928,-0.3641503,1.0,-0.012645801228615416,0.012910002871183629,0.022172641909317305,-0.484962541654642,False
289,0.1930871037885732,-0.014583845207763804,0.022631406660718445,0.00654024030211928,1.5796913,1.0,0.1939832783958755,0.007119037434159337,-0.08228763177870756,-0.11760505763592624,False
289,0.26335877236868516,-0.0018017156339562726,0.3685005777123797,0.00654024030211928,0.035757184,1.0,0.19232715207525863,-0.0015279626922444288,0.022172641909317305,0.007194993408566965,False
289,0.1930871037885732,0.06427059150451024,-0.10541936390377643,-0.37755400416152585,-1.6191461,1.0,0.1939832783958755,-0.0015279626922444288,-0.1772080769599227,0.3301179409086277,False
290,0.15322904716962213,-0.0018017156339562726,0.022631406660718445,-0.1983399931207191,-0.5175991,1.0,0.1939832783958755,0.02987552410763967,0.022172641909317305,0.4301619661063169,False
290,0.1930871037885732,-0.010351517066864036,-0.23995065574518987,0.4420562842396966,0.81461567,1.0,0.25100889251149483,0.04272507348303428,0.022172641909317305,0.007194993408566965,False
290,0.10208403075685224,-0.0018017156339562726,0.022631406660718445,0.10514553871462957,-1.053454,1.0,0.1939832783958755,0.016873048942402987,-0.3973587832824819,0.2349596108958417,False
290,0.1930871037885732,-0.0018017156339562726,0.19318579076230394,0.00654024030211928,-1.7563233,1.0,0.21113696396183648,-0.0015279626922444288,0.022172641909317305,0.007194993408566965,False
290,0.1930871037885732,0.01086679056793034,0.022631406660718445,0.00654024030211928,1.276878,1.0,0.26966007498417877,-0.01999919745137378,-0.08777618320550212,0.007194993408566965,False
290,0.1930871037885732,-0.0018017156339562726,-0.08203615383035302,-0.450979094931421,-1.5397582,1.0,0.1939832783958755,-0.0015279626922444288,0.11250223723215266,0.007194993408566965,False
290,0.09347959294781767,-0.0018017156339562726,0.022631406660718445,0.00654024030211928,0.32515478,1.0,0.28046709030875233,0.03867893046265041,0.11354143682940131,0.007194993408566965,False
291,0.1930871037885732,-0.0018017156339562726,0.022631406660718445,-0.3492571459999462,-2.1811104,1.0,0.1939832783958755,-0.012346921002034989,-0.29761666769381817,0.25674148053638757,False
291,0.11863354829469766,-0.0018017156339562726,-0.35858225265520904,0.1354699963674169,0.47983903,1.0,0.1652530287660392,-0.0015279626922444288,-0.07193449924580357,0.007194993408566965,False
291,0.1930871037885732,-0.0018017156339562726,0.022631406660718445,0.00654024030211928,0.49235696,1.0,0.2990161084899205,-0.0015279626922444288,0.022172641909317305,-0.7391155112266306,False
291,0.212686832876897,-0.0018017156339562726,0.022631406660718445,-0.20672270334399032,-0.7767887,1.0,0.2051680934344613,-0.0015279626922444288,0.18341130855509782,0.007194993408566965,False
291,0.1724567273630813,0.03482289811861486,0.30670493018348677,0.14588583224948845,2.614929,1.0,0.1939832783958755,-0.032922969115551905,-0.30392834384524137,0.7823609755071469,False
291,0.11042241969910471,-0.0018017156339562726,0.022631406660718445,0.00654024030211928,0.79000056,1.0,0.18805240646981095,-0.015139523810732575,-0.303380861844919,0.007194993408566965,False
291,0.1930871037885732,-0.007161143477108752,0.1784928596066627,0.3048997026786591,-0.41315275,1.0,0.2406885637291758,-0.0015279626922444288,0.07050570712041095,0.007194993408566965,False
291,0.19166610944412485,0.010078070004998257,0.022631406660718445,0.00654024030211928,-2.0045633,1.0,0.1939832783958755,0.005899548410163699,-0.11958474308824199,0.007194993408566965,False
291,0.1930871037885732,-0.006026876076931728,0.022631406660718445,0.00654024030211928,0.046981037,1.0,0.3444964193839746,-0.0015279626922444288,-0.16103300612892454,0.32441073202819715,False
292,0.1930871037885732,-0.01904743919096685,0.022631406660718445,-0.7530622762375483,0.5393647,1.0,0.34145044236955147,-0.0029716616600708678,0.0062479732908138075,0.007194993408566965,False
292,0.20860400427484424,-0.0018017156339562726,0.022631406660718445,0.00654024030211928,-1.5913649,1.0,0.28170217994902846,-0.0015279626922444288,0.022172641909317305,0.007194993408566965,False
292,0.2556131071371295,-0.0018017156339562726,-0.04343803945802549,0.00654024030211928,1.3185761,1.0,0.1939832783958755,0.025984697468270604,0.357901267064036,-0.2950460283198887,False
292,0.23613174605106715,-0.02322117207271344,0.022631406660718445,0.33718369975858997,-1.3119987,1.0,0.1949518260195472,0.03353625405428461,-0.02617473499502285,0.007194993408566965,False
292,0.1930871037885732,-0.0018017156339562726,0.022631406660718445,0.5588843992973461,0.3851173,1.0,0.1939832783958755,0.004629036311063919,0.024564704901431488,0.007194993408566965,False
293,0.1595045801716621,-0.04695667461006445,0.022631406660718445,0.00654024030211928,-1.2999499,1.0,0.1939832783958755,0.01351517218465071,-0.041543913647877254,0.007194993408566965,False
293,0.14633316864788576,0.017235408401725615,0.022631406660718445,0.5417297350461688,1.7862294,1.0,-0.01687448803870384,0.07221774831437247,0.022172641909317305,-0.8879325169797937,False
293,0.1930871037885732,-0.03075261281785346,-0.04902452852030416,0.00654024030211928,1.5864456,1.0,0.3164371257279463,-0.0015279626922444288,0.14788388322049104,0.3368930083978038,False
293,0.1930871037885732,-0.030985256786487066,0.022631406660718445,0.00654024030211928,-1.1843421,1.0,0.1939832783958755,-0.007378364120431458,-0.279741182408935,0.007194993408566965,False
293,0.28677185136981054,-0.0018017156339562726,0.022631406660718445,-0.4777330183002666,-0.6848322,1.0,0.1939832783958755,-0.0015279626922444288,0.07896671677694717,0.007194993408566965,False
293,0.3353867085513077,-0.0018017156339562726,0.022631406660718445,0.39911389392163366,-1.6055564,1.0,0.1939832783958755,0.0053764248407016085,0.022172641909317305,0.007194993408566965,False
294,0.29852219029498095,-0.0018017156339562726,0.022631406660718445,0.00654024030211928,-0.79559135,1.0,0.1939832783958755,-0.0015279626922444288,0.05866406827987765,0.29258619414576853,False
294,0.1467386244334994,0.0379372173440198,0.17076180118193218,0.0928371794378163,2.5747838,1.0,0.1939832783958755,-0.0015279626922444288,0.022172641909317305,0.007194993408566965,False
294,0.2076891415984173,-0.006896866465671004,-0.10188739751391634,0.2328966010335669,-0.83809376,1.0,0.2504402568575104,-0.0015279626922444288,0.022172641909317305,-0.0017220563864847414,False
294,0.1833461617621373,-0.0018017156339562726,0.022631406660718445,0.13003514554416548,0.2748925,1.0,0.12697691398488242,0.08831261755562884,-0.06003052530114188,0.007194993408566965,False
294,0.1930871037885732,-0.0018017156339562726,0.022631406660718445,0.00654024030211928,1.8150618,1.0,0.1939832783958755,-0.0015279626922444288,-0.012609653771692545,-0.7614948983162584,False
294,0.1930871037885732,-0.0018017156339562726,0.022631406660718445,0.4353293002297959,0.8747765,1.0,0.1939832783958755,-0.0015279626922444288,0.022172641909317305,0.007194993408566965,False
295,0.24328627174145817,-0.0018017156339562726,0.2663522817848766,0.6063984962620028,-1.7444191,1.0,0.2187576281701097,0.04846751188412137,0.022172641909317305,0.007194993408566965,False
295,0.1412454268746918,-0.0018017156339562726,-0.249752603219781,-0.592454601472918,0.69724435,1.0,0.4266953134068466,0.012252557550855293,0.022172641909317305,0.5668348009713867,False
295,0.1930871037885732,-0.0018017156339562726,-0.43549490776825023,-0.05617471916057826,-1.1178218,1.0,0.1939832783958755,-0.0015279626922444288,0.20968539281104462,0.007194993408566965,False
295,0.24554305675334093,0.028199248313348274,-0.010317530316834002,0.42750518294702733,-0.6824337,1.0,0.1939832783958755,-0.0015279626922444288,0.09970535503916524,0.007194993408566965,False
295,0.18132059488234667,-0.007921619655302253,0.022631406660718445,0.42020128144089336,-0.6772531,1.0,0.1939832783958755,-0.0015279626922444288,0.022172641909317305,0.007194993408566965,False
295,0.20095026000323363,-0.0018017156339562726,-0.30922448779213674,0.00654024030211928,-1.8127819,1.0,0.1939832783958755,-0.0015279626922444288,0.022172641909317305,0.03156501337406534,False
296,0.2988334280748279,0.012819609988068133,-0.4004866768207248,0.00654024030211928,0.37501788,1.0,0.1939832783958755,-0.0015279626922444288,0.0032605255738354134,0.007194993408566965,False
296,0.22736812019906674,-0.0018017156339562726,0.022631406660718445,0.00654024030211928,0.14297014,1.0,0.16694538029305325,0.01773700335258006,0.022172641909317305,0.007194993408566965,False
296,0.23963562749143907,0.011627435081897081,-0.012023446717883163,-0.5086132428078496,1.0083487,1.0,0.09625768018142633,0.07183352464161155,0.022172641909317305,-0.17902108664754413,False
296,0.1930871037885732,0.020696065708010022,0.022631406660718445,0.00654024030211928,-1.3747104,1.0,0.1939832783958755,0.014411816782941182,-0.19514000931840783,0.007194993408566965,False
296,0.18470095499788258,-0.008452267067793586,-0.2482192317239722,0.5456308493556433,-0.24319571,1.0,0.1929127529535438,-0.0015279626922444288,0.022172641909317305,-0.5678778425074227,False
296,0.08563225075322815,-0.0018017156339562726,-0.3851054920724928,-0.4297054377631434,0.41274005,1.0,0.1939832783958755,-0.0015279626922444288,-0.07830205682980093,0.19327727265188413,False
296,0.1930871037885732,-0.01964737347672253,-0.2362203278879907,0.00654024030211928,-1.4212012,1.0,0.09105368705803904,-0.0015279626922444288,0.022172641909317305,0.6498405156486996,False
296,0.17080817565420675,-0.0018017156339562726,0.15020605912103618,-0.17874416683618252,1.2579913,1.0,0.27504471844349143,-0.0015279626922444288,0.022172641909317305,0.007194993408566965,False
297,0.1930871037885732,0.03791085216291321,0.022631406660718445,0.00654024030211928,-1.3405309,1.0,0.1939832783958755,-0.0015279626922444288,0.29729138757529194,0.007194993408566965,False
297,0.38765885204303124,0.025960442789553555,0.022631406660718445,0.00654024030211928,0.12256074,1.0,0.2014467117366726,-0.0015279626922444288,0.022172641909317305,0.007194993408566965,False
297,0.22604105947332448,-0.01926293387082641,-0.3764327614131982,0.00654024030211928,-1.9271619,1.0,0.4567255414251761,-0.0015279626922444288,0.09727286456126448,0.10075359202235964,False
297,0.3982798575037309,-0.0018017156339562726,-0.2860317210694178,0.00654024030211928,0.28150904,1.0,0.2516631915120493,0.03038445673492647,0.022172641909317305,0.10261484650076663,False
297,0.1930871037885732,-0.004498530865336168,0.25472375904100986,0.00654024030211928,1.8385949,1.0,0.1633710153169302,0.0025244076544053127,0.022172641909317305,0.007194993408566965,False
297,0.1930871037885732,-0.04191984819375879,0.022631406660718445,0.00654024030211928,0.951897,1.0,0.1939832783958755,-0.0015279626922444288,-0.19879213888142575,-0.5563987446474498,False
297,0.1930871037885732,-0.002306711409243625,0.022631406660718445,-0.33741361482001997,0.08475721,1.0,0.1939832783958755,-0.0015279626922444288,0.06505101613583233,0.007194993408566965,False
297,0.04748813578070871,0.014983238196541179,-0.14717526988160418,0.04756239088488437,-0.5981647,1.0,0.29395722169282,0.00973645313702299,0.07198429276708282,0.007194993408566965,False
297,0.1930871037885732,-0.034686133826203815,0.3443674227740104,0.00654024030211928,-1.668427,1.0,0.03771328651733849,0.0014315610164812899,0.022172641909317305,-0.9952986424238625,False
297,0.19281042953409755,-0.013778584508855777,0.022631406660718445,0.00654024030211928,-1.3835135,1.0,0.12032210115501007,-0.0015279626922444288,0.20724108238614913,0.4691377861680842,False
297,0.1930871037885732,-0.0018017156339562726,0.38919297051342766,0.00654024030211928,-0.060977817,1.0,0.1939832783958755,0.03175017985834995,-0.047502912618466536,0.007194993408566965,False
297,0.121144743298896,-0.0018017156339562726,0.022631406660718445,0.00654024030211928,1.660562,1.0,0.3253295214926418,-0.0015279626922444288,0.0905431358043545,-0.8358313686007509,False
298,0.1930871037885732,0.019986016246448076,0.022631406660718445,0.00654024030211928,1.0437231,1.0,0.1939832783958755,-0.03288672906328611,0.245760475689741,-0.09612962679921933,False
298,0.1930871037885732,-0.0018017156339562726,0.022631406660718445,0.00654024030211928,-1.3966105,1.0,0.37813087086875086,0.008395242415032672,0.022172641909317305,0.007194993408566965,False
298,0.22040870884453811,-0.02213131649653899,-0.1605615561538699,0.8085868920492185,-0.1642384,1.0,0.14699495010102506,-0.02224572570543798,0.022172641909317305,-0.8369485107515321,False
298,0.11999489579330258,0.011911630407328195,-0.2334261665478921,0.3964726018189102,-1.7459164,1.0,0.1939832783958755,-0.0015279626922444288,0.022172641909317305,-0.06394782418532248,False
298,0.1930871037885732,-0.0018017156339562726,0.022631406660718445,0.00654024030211928,-2.7062569,1.0,0.2913144218258432,0.011405062197163425,0.011500118463389955,0.007194993408566965,False
299,0.1820540167054756,-0.0018017156339562726,0.022631406660718445,0.00654024030211928,1.8215425,1.0,0.43743045676503534,0.02143762014920309,0.022172641909317305,0.007194993408566965,False
299,0.1930871037885732,-0.0034732939559829873,0.022631406660718445,0.00654024030211928,1.2034475,1.0,0.1939832783958755,-0.0015279626922444288,0.022172641909317305,0.007194993408566965,False
299,0.1930871037885732,-0.0018017156339562726,0.16111421807205292,0.00654024030211928,1.5926421,1.0,0.24716085007786026,-0.0015279626922444288,0.022172641909317305,0.007194993408566965,False
299,0.13360266776903595,-0.0220250199882735,-0.06913098555409515,0.34808817845977996,0.4694873,1.0,0.11301381132737577,0.08497515317170935,-0.09230363250661063,0.007194993408566965,False
299,0.1930871037885732,0.014721831735789101,-0.08917514335203025,0.00654024030211928,0.72909135,1.0,0.1939832783958755,-0.0015279626922444288,0.019754824574156057,-0.7047819897134352,False
299,0.1930871037885732,-0.0342133028742883,0.022631406660718445,0.16023368937835217,0.9375671,1.0,0.3795016061920631,-0.0015279626922444288,-0.26854529350676504,0.007194993408566965,False
299,0.1930871037885732,0.004175710167926091,0.11915243133430793,-0.00047992759919793584,-0.5981647,1.0,0.1939832783958755,-0.0015279626922444288,0.09601492767759257,0.007194993408566965,False
299,0.23342993918802615,-0.03495395145640514,0.30272952980725354,0.02087368799398659,2.645459,1.0,0.1939832783958755,-0.0015279626922444288,0.217541522531584,0.007194993408566965,False
300,0.13104138628668896,0.046803065588666225,0.07132791151063628,0.00654024030211928,-1.235232,1.0,0.1939832783958755,0.04737555795188733,0.16430806040964646,0.007194993408566965,False
300,0.07323311233319789,-0.0018017156339562726,0.022631406660718445,0.3158315962112614,1.2059647,1.0,0.19041183229077954,-0.0015279626922444288,0.022172641909317305,0.007194993408566965,False
300,0.1930871037885732,0.029575800016441098,0.022631406660718445,-0.00942416710202243,-1.0365953,1.0,0.3843931925874794,-0.0015279626922444288,0.022172641909317305,0.007194993408566965,False
300,0.1930871037885732,-0.0018017156339562726,0.022631406660718445,0.00654024030211928,-0.3264469,1.0,0.36015554213651363,-0.0015279626922444288,0.07197166336827245,-0.6303901937392128,False
300,0.26668757444618174,-0.0018017156339562726,0.2748992175002898,0.00654024030211928,-1.5712235,1.0,0.2867440406327325,-0.0015279626922444288,0.022172641909317305,0.17834419562192727,False
300,0.2870335638110781,-0.0018017156339562726,-0.14514965222586854,0.00654024030211928,-0.96202505,1.0,0.1939832783958755,0.010163492625165966,0.1571120532734139,0.007194993408566965,False
301,0.03555778938937129,-0.0018017156339562726,0.022631406660718445,-0.32915017621391074,-1.3221862,1.0,0.1939832783958755,-0.02793443016652668,0.022172641909317305,0.3494593652564077,False
301,0.1930871037885732,-0.0018017156339562726,0.022631406660718445,0.00654024030211928,0.8964291,1.0,0.1939832783958755,0.027485844634325733,0.16378769992136405,0.007194993408566965,False
301,0.09208471449699435,-0.03275481553482994,0.022631406660718445,0.3306895708105074,-0.9464485,1.0,0.008948227352580995,-0.033104672383461896,0.022172641909317305,0.007194993408566965,False
301,0.1930871037885732,-0.003007797727759009,0.022631406660718445,-0.7306490045080687,0.18257649,1.0,0.34741542741150466,-0.014806513805413127,-0.15060910020052481,0.007194993408566965,False
301,0.30143982594199603,-0.0018017156339562726,0.022631406660718445,0.00654024030211928,1.6331763,1.0,0.1939832783958755,-0.0014867547950347278,-0.12372339220218939,0.007194993408566965,False
301,0.15277318043740146,-0.0018017156339562726,0.022631406660718445,0.27049189318966205,0.61102355,1.0,0.35365904095556683,-0.0015279626922444288,-0.24198916893143882,0.007194993408566965,False
301,0.1804684338268671,0.01820102038719593,0.022631406660718445,0.3577253827282145,1.3178655,1.0,0.21805387961267692,-0.0015279626922444288,0.23564343977135485,0.007194993408566965,False
301,0.11783446264445999,0.03441335617741294,0.6149915874590841,-0.04239368122169544,0.44336236,1.0,0.2174509291476742,-0.0015279626922444288,-0.08969065377868378,0.007194993408566965,False
302,-0.02828044075046454,-0.0018017156339562726,0.022631406660718445,-0.19735984539568335,-1.1644549,1.0,0.1939832783958755,-0.0015279626922444288,0.022172641909317305,-0.029491655718574403,False
302,0.3067029791810757,-0.0018017156339562726,0.3407872278555574,0.00654024030211928,0.94625413,1.0,0.014073612653367179,-0.0015279626922444288,0.022172641909317305,0.09361260151326503,False
302,0.07928699138811653,-0.0018017156339562726,0.022631406660718445,0.00654024030211928,-0.020830214,1.0,0.1939832783958755,0.014709645145675694,-0.1607702951288055,0.007194993408566965,False
302,0.1930871037885732,-0.0018017156339562726,0.022631406660718445,-0.2727317132056758,1.8066416,1.0,0.29198135531376385,-0.0015279626922444288,-0.2069023194428999,-0.09799712361696095,False
302,0.18073141932967432,-0.0024547384048201524,0.022631406660718445,0.00654024030211928,-0.29385343,1.0,0.1939832783958755,-0.0015279626922444288,0.38133994888652045,0.007194993408566965,False
302,0.1930871037885732,-0.0018017156339562726,0.32813894118137343,0.0293697971563185,0.0068238378,1.0,0.32193425418050275,-0.0015279626922444288,0.022172641909317305,0.19310168638395217,False
302,0.1930871037885732,0.023676085736521107,0.30634468505885765,0.00654024030211928,1.2507151,1.0,0.0754523252239469,-0.024462120721508888,0.022172641909317305,0.007194993408566965,False
303,0.1930871037885732,-0.0018017156339562726,0.022631406660718445,0.00654024030211928,-1.5102919,1.0,0.21848339700238378,0.03588503018515469,0.017838184999253028,-0.15981319012395745,False
303,0.1930871037885732,-0.0018017156339562726,0.422553221549678,-0.14440004327859488,-0.37166986,1.0,0.1939832783958755,-0.0015279626922444288,-0.046611442853789084,-0.13547333539882983,False
303,0.13428402099346304,-0.0018017156339562726,-0.002177543482182843,0.00654024030211928,-0.66297114,1.0,0.1939832783958755,-0.0015279626922444288,0.06658111900197593,0.007194993408566965,False
303,0.17361744647066904,0.0221510343713056,-0.24812246338947386,0.14535101803012543,0.602146,1.0,0.1939832783958755,-0.00633554043905794,0.022172641909317305,0.007194993408566965,False
303,0.1731812310751993,-0.0018017156339562726,-0.34984987348092217,0.3398424883919324,1.158076,1.0,0.1939832783958755,-0.0015279626922444288,0.040416695962186194,0.007194993408566965,False
303,0.1930871037885732,-0.05305528186358523,0.12444494329354673,0.2852845618083672,0.16942027,1.0,0.1939832783958755,-0.012865505723051297,-0.05897219143326313,0.24224076285212515,False
303,0.24695389141776547,0.008014104434318488,0.022631406660718445,0.00654024030211928,-0.36834183,1.0,0.21667873173270774,-0.0012256888123633443,0.022172641909317305,-0.4169601712730908,False
304,0.17005122891352498,-0.012879845710562714,-0.18224314934412197,0.17899240027560867,-0.9555252,1.0,0.1939832783958755,-0.0015279626922444288,-0.10626936799760706,0.34620432197933054,False
304,0.1930871037885732,-0.0018017156339562726,0.022631406660718445,-0.31096840081343335,-0.7517502,1.0,0.1939832783958755,-0.0015279626922444288,0.022172641909317305,0.007194993408566965,False
304,0.3723061955817631,0.004631626322144677,0.022631406660718445,-0.6747804941783023,1.2570019,1.0,0.1939832783958755,-0.0015279626922444288,-0.07787010213319122,0.007194993408566965,False
304,0.1930871037885732,-0.0018017156339562726,-0.027618517889411207,0.00654024030211928,-0.11880601,1.0,0.1939832783958755,-0.0015279626922444288,0.0674159856541472,0.007194993408566965,False
304,0.1930871037885732,-0.0018017156339562726,0.022631406660718445,0.00654024030211928,-0.6628752,1.0,0.1939832783958755,-0.0015279626922444288,0.20793882985123624,0.007194993408566965,False
305,0.1930871037885732,-0.02520989089775261,0.022631406660718445,0.6420783863295119,1.769844,1.0,0.1939832783958755,0.008585644814985501,-0.05104596123500248,-0.642301159565399,False
305,0.25497258731387273,0.05231438142450545,-0.3185419515847795,0.4932926780908144,0.43847367,1.0,0.1939832783958755,-0.013286270728061432,0.022172641909317305,0.06659686247674912,False
305,0.1930871037885732,-0.0018017156339562726,-0.13104908179576094,0.00654024030211928,-0.84562767,1.0,0.1939832783958755,-0.0015279626922444288,0.022172641909317305,0.007194993408566965,False
305,0.19003599708687724,0.03529750281867796,0.342682828868862,0.00654024030211928,1.202078,1.0,0.18211327646013659,-0.0015279626922444288,-0.20872772105906592,0.007194993408566965,False
305,0.15838802312990027,-0.0020404056897371506,0.022631406660718445,-0.47222225917493665,0.4111367,1.0,0.2557001613930615,-0.0015279626922444288,0.022172641909317305,0.06765280968288664,False
305,0.1930871037885732,-0.0018017156339562726,-0.20775714989521465,0.00654024030211928,-0.45350248,1.0,0.26419779792779685,0.03150193563132053,0.022172641909317305,0.007194993408566965,False
305,0.1930871037885732,-0.02745454166839706,0.022631406660718445,-0.4483183262380291,1.3579183,1.0,0.1939832783958755,-0.025051620856012497,0.022172641909317305,0.007194993408566965,False
305,0.2269509568280189,-0.0018017156339562726,0.3229331588633074,0.7795607237697797,-1.2632229,1.0,0.1939832783958755,-0.0015279626922444288,0.13007672347079358,0.007194993408566965,False
305,0.1930871037885732,-0.012226187423029635,0.31978840199526476,0.30157030370765153,-0.11982167,1.0,0.07771674502771775,-0.02311950184307435,0.022172641909317305,0.007194993408566965,False
305,0.26416495051769584,-0.0018017156339562726,0.022631406660718445,-0.211879085722102,0.308958,1.0,0.1939832783958755,-0.07417596138920515,-0.0908042546759513,0.009234541291862273,False
305,0.20778642583111587,-0.0018017156339562726,0.2481558466586296,-0.0037769570885330967,0.96304345,1.0,0.1939832783958755,-0.035644735105540476,0.023534839904958978,0.007194993408566965,False
306,0.1930871037885732,-0.0018017156339562726,0.10060438902885147,0.00654024030211928,0.37231278,1.0,0.1939832783958755,-0.0015279626922444288,-0.03929133602654329,0.007194993408566965,False
306,0.1930871037885732,-0.011399296559764977,0.022631406660718445,-0.2777176844157114,-1.2691662,1.0,0.1939832783958755,0.10321401984902225,0.05238891498447365,-0.2815248119339644,False
306,0.1930871037885732,-0.0018017156339562726,0.039612228494494514,-0.3304664121315259,1.5123417,1.0,0.1939832783958755,-0.0015279626922444288,0.022172641909317305,-0.16293870940965072,False
306,0.2188872533394559,-0.03653457589689164,0.022631406660718445,-0.468795423248949,-0.94486535,1.0,0.1939832783958755,0.017380387405603638,0.022172641909317305,0.07491570325159727,False
306,0.30379920024587215,0.029551237403614476,0.022631406660718445,0.10706374888837676,-2.414743,1.0,0.1939832783958755,-0.0015279626922444288,-0.17112096029653648,0.007194993408566965,False
306,0.2461553478207171,-0.0018017156339562726,-0.5682390787397371,-0.7405881139324104,0.18663657,1.0,0.16297907601321648,0.020084097555194906,0.022172641909317305,0.007194993408566965,False
306,0.1930871037885732,-0.0018017156339562726,-0.5571897458001223,-0.4330802521114676,0.5190569,1.0,0.009097238192132151,-0.0015279626922444288,0.29925778984628465,0.007194993408566965,False
307,0.28472688318484574,0.04408859687994633,-0.11390958878383323,0.27221328539449147,1.533149,1.0,0.3128219117797183,-0.0015279626922444288,0.022172641909317305,-0.33317734904595464,False
307,0.1930871037885732,-0.009254333317028133,0.022631406660718445,0.00654024030211928,1.6074295,1.0,0.1939832783958755,-0.0015279626922444288,0.23945749870722807,0.007194993408566965,False
307,0.1930871037885732,-0.028601627477454535,0.022631406660718445,-0.5435433381362603,-1.762908,1.0,0.1527410959273181,-0.0015279626922444288,0.022172641909317305,0.05955943929292751,False
307,0.1930871037885732,-0.0018017156339562726,0.022631406660718445,0.2153549970476305,0.46731395,1.0,0.30144510390834117,-0.0015279626922444288,0.022172641909317305,0.007194993408566965,False
307,0.1930871037885732,-0.0018017156339562726,0.022631406660718445,0.00654024030211928,1.9159778,1.0,0.04496860283167847,-0.0015279626922444288,-0.13753973019482577,0.007194993408566965,False
307,0.2591460724032018,-0.045401485246412174,0.022631406660718445,-0.13654224697443934,-0.66089666,1.0,0.1939832783958755,-0.03195216903403946,-0.047950222518494734,0.007194993408566965,False
307,0.3182695239023058,-0.08124685763959327,-0.2781563077910529,0.00654024030211928,0.1306715,1.0,0.20549082466972887,-0.0015279626922444288,-0.20559116354045712,0.007194993408566965,False
307,0.38779612128731333,-0.0018017156339562726,0.057494516720598486,0.34012480895389563,-1.214345,1.0,0.1939832783958755,0.05448253269524584,-0.07652000477171379,0.007194993408566965,False
307,0.1930871037885732,-0.004958010072171385,0.022631406660718445,0.00654024030211928,-0.95044667,1.0,0.20260261891350656,-0.0015279626922444288,0.022172641909317305,-0.1250392652009688,False
307,0.1930871037885732,-0.0018017156339562726,0.022631406660718445,-0.6922469278845422,-0.72453344,1.0,0.1939832783958755,-0.0015279626922444288,0.22286730587641304,0.06451512420522482,False
308,0.182261084841073,-0.0018017156339562726,0.022631406660718445,-0.0899962643698813,1.0702002,1.0,0.33699655723886646,-0.016489018422353806,0.022172641909317305,0.007194993408566965,False
308,0.19996936226960882,-0.0018017156339562726,0.022631406660718445,0.5622668098760419,0.7436775,1.0,0.1939832783958755,0.02299310774496234,0.022172641909317305,-0.553755050241887,False
308,0.07470235132013399,-0.021921788894088776,0.04965655642573803,0.027217174873532403,0.7096436,1.0,0.1939832783958755,-0.009182798711529265,-0.2511584245455868,0.007194993408566965,False
308,0.17298888235578522,-0.00705313053345894,0.022631406660718445,0.32096686394902735,1.3422387,1.0,0.1939832783958755,-0.02635934889254174,0.022172641909317305,0.007194993408566965,False
308,0.196008240831982,-0.0018017156339562726,-0.13951325665573466,-0.19282241178849144,0.36457953,1.0,0.3299280030034368,0.04096988703496442,-0.15993911489574644,0.007194993408566965,False
308,0.1930871037885732,-0.04441856153142166,0.0734214362575594,-0.2607860829293803,-0.2560472,1.0,0.07358755861120642,0.009105636382533058,0.03475057470049604,0.007194993408566965,False
308,0.13975042890943493,-0.0018017156339562726,0.022631406660718445,0.00654024030211928,-0.021369219,1.0,0.16569888155846274,-0.01951794590499787,0.07479715245510098,0.007194993408566965,False
308,0.14737288774142304,-0.0018017156339562726,0.022631406660718445,-0.08537796331021426,1.2718295,1.0,0.1939832783958755,-0.0015279626922444288,0.2983888677032671,0.007194993408566965,False
308,0.1930871037885732,-0.0018017156339562726,0.022631406660718445,0.00654024030211928,-1.2706802,1.0,0.1939832783958755,-0.0015279626922444288,-0.4202978675433769,0.3389155991391893,False
308,0.1930871037885732,0.017521668296640182,0.022631406660718445,0.00654024030211928,0.28219238,1.0,0.23350625724619728,-0.04740216287984072,0.022172641909317305,0.007194993408566965,False
309,0.1930871037885732,-0.010332126357794184,-0.24481051169499807,0.00654024030211928,1.0037675,1.0,0.1939832783958755,-0.0015279626922444288,0.022172641909317305,0.007194993408566965,False
309,0.11366647061526781,-0.0018017156339562726,0.05655782735488715,0.7300438860678091,0.04726392,1.0,0.05284565770262567,-0.0015279626922444288,0.022172641909317305,0.007194993408566965,False
309,0.2605065724665389,0.005222496676265829,-0.022299158261976253,0.00654024030211928,-0.9038545,1.0,0.1939832783958755,-0.0015279626922444288,0.022172641909317305,0.007194993408566965,False
309,0.21312731598691365,-0.0018017156339562726,0.022631406660718445,0.3274315080029186,-0.03662944,1.0,0.1939832783958755,0.044056060334283095,0.022172641909317305,0.09573789966583153,False
309,0.1930871037885732,-0.05399103488190049,0.022631406660718445,0.00654024030211928,-0.12943524,1.0,0.292928195974804,-0.015025608539090747,-0.00022961975889993283,0.2580101131612841,False
310,0.1930871037885732,0.02836058341442964,-0.12184638205724077,0.00654024030211928,-0.87802964,1.0,0.2232475615482574,0.0618260253247141,0.022172641909317305,0.007194993408566965,False
310,0.1930871037885732,-0.03705262825652849,0.022631406660718445,0.40079107678572207,-0.36942938,1.0,0.01760738743604215,-0.0015279626922444288,-0.14970403554631712,-0.7374066753835812,False
310,0.1930871037885732,-0.0018017156339562726,-0.18877242443009817,-1.1667731428873855,0.81154746,1.0,0.3344693096533313,-0.0015279626922444288,0.06712363213844195,-0.42742528027484467,False
310,0.1930871037885732,-0.0018017156339562726,0.1728948386927005,-0.17401286734960114,1.4030641,1.0,0.1372958423179994,-0.03504613631553776,-0.04986885250371703,0.336038117296038,False
310,0.1679424454173453,0.016871513620200694,0.14094018954292692,0.00654024030211928,0.58965135,1.0,0.1939832783958755,-0.0015279626922444288,0.022172641909317305,0.007194993408566965,False
310,0.1930871037885732,-0.0018017156339562726,-0.0016909829969156479,-0.34294716263646474,-1.2077476,1.0,0.22668995131214695,-0.0015279626922444288,-0.1777561831158619,0.007194993408566965,False
310,0.15119312592873263,-0.0018017156339562726,0.03189173890726224,0.00654024030211928,1.2382754,1.0,0.1939832783958755,-0.0015279626922444288,0.022172641909317305,0.007194993408566965,False
310,0.1930871037885732,-0.0018017156339562726,0.022631406660718445,0.039481207806056295,-0.58091813,1.0,0.23191254224871452,0.07699698674900698,0.022172641909317305,0.007194993408566965,False
311,0.1896388009321678,-0.07305994883360711,0.28890319468938724,0.00654024030211928,2.5733573,1.0,0.18101390861426625,0.02025020761909376,0.022172641909317305,0.38169120213099195,False
311,0.1930871037885732,-0.0018017156339562726,-0.018351967392181034,0.00654024030211928,-0.05015415,1.0,0.37242923116587573,-0.0015279626922444288,0.021476388394832718,0.28349874941600706,False
311,0.1930871037885732,0.003194592951233595,0.022631406660718445,-0.02279043421210982,1.104951,1.0,0.21770990949970134,-0.0015279626922444288,0.022172641909317305,-0.27680982562066186,False
311,0.1930871037885732,0.028995876072601505,-0.10411513141957218,0.00654024030211928,2.571334,1.0,0.1939832783958755,-0.0015279626922444288,0.1493907119088269,-0.19229670428909215,False
311,0.15257651437885267,0.02641180536285559,0.2474561925344715,-0.8597139266725617,-0.2681814,1.0,0.11662220569688084,0.002310468083226502,0.022172641909317305,0.007194993408566965,False
312,0.1930871037885732,-0.032084959677894466,0.022631406660718445,-0.10115663883164702,0.24507242,1.0,0.18049866128054087,0.01112816362388539,-0.05727072371677462,0.3454221186422953,False
312,0.07962504171445504,0.0004983519937415857,-0.22307249949187002,-0.47807517267681576,0.5118179,1.0,0.25856854774862026,-0.0015279626922444288,-0.03879044139156246,0.007194993408566965,False
312,0.25146817527213944,-0.0018017156339562726,0.24821417224504416,0.00654024030211928,0.21756542,1.0,0.1939832783958755,-0.0015279626922444288,-0.03776332505695941,-0.3279616288421172,False
312,0.1930871037885732,0.04690425045345174,-0.22424301891555823,0.00654024030211928,-1.8048346,1.0,0.1939832783958755,-0.004767441001210378,-0.2572445074512325,0.007194993408566965,False
312,0.12429670624928987,-0.027649580604294607,-0.09548355745742905,-0.07482217318373668,-0.9030319,1.0,0.1939832783958755,-0.0015279626922444288,0.022172641909317305,0.007194993408566965,False
312,0.40788038294183826,0.01279507357536186,0.017718696492021326,0.17541902190541403,-1.0765315,1.0,0.1939832783958755,0.01060848971023339,0.022172641909317305,-0.7160627522554228,False
313,0.27387861238133243,0.033320551777693275,-0.18124250951368653,0.21746971918101507,0.105870664,1.0,0.2205423560664992,-0.0015279626922444288,-0.350535760185908,0.007194993408566965,False
313,0.2281143594806214,-0.03357124534504248,0.022631406660718445,-0.18264607316967676,0.37895924,1.0,0.1939832783958755,0.010215181791016046,-0.468880697401755,0.33262124637650115,False
313,0.2476599653214465,0.010825949820331256,0.022631406660718445,0.00654024030211928,2.1449265,1.0,0.10651814737149541,0.07138975232517235,0.01469883919952173,-0.45620475771180874,False
313,0.1930871037885732,-0.0018017156339562726,-0.029570956194480323,0.00654024030211928,-0.6467222,1.0,0.29447220644232,-0.05951506959665825,0.022172641909317305,0.007194993408566965,False
313,0.19777501262367372,-0.025592535795404867,0.022631406660718445,0.00654024030211928,-1.2338371,1.0,0.1939832783958755,0.03097063231030875,-0.2606035374375344,-0.821840156840724,False
314,0.1930871037885732,0.02826899303371571,-0.2536723433215872,0.00654024030211928,1.6295786,1.0,0.1939832783958755,-0.006356366090433194,0.09062945457568324,0.007194993408566965,False
314,0.1930871037885732,-0.0018017156339562726,0.022631406660718445,0.7082786339908848,-1.1521193,1.0,0.1939832783958755,0.0541569197684757,0.022172641909317305,-0.32864253520907477,False
314,0.18977577910915633,-0.0018017156339562726,-0.06399412197848194,0.00654024030211928,1.8157678,1.0,0.19050859457783254,-0.03959601946818994,0.022172641909317305,-0.6196833624312118,False
314,0.1930871037885732,-0.03308095201291476,0.13027606227743083,0.5563460703171954,0.7691987,1.0,0.36776374120521826,-0.0015279626922444288,-0.2325970897620633,0.007194993408566965,False
314,0.05358235580819609,-0.0018017156339562726,-0.19221268074178677,-0.16212964496595594,-0.47905773,1.0,0.29544786286791935,-0.014291655131843868,-0.1056057735476813,-1.1462317830122308,False
314,0.1930871037885732,-0.010220645500714758,0.06146240509981557,0.00654024030211928,0.52875537,1.0,0.1939832783958755,0.03287335163651757,0.08706353163103164,0.43372315699939235,False
314,0.1862908332662889,-0.0018017156339562726,0.022631406660718445,-0.37519319656508343,1.1797123,1.0,0.15994008602252957,-0.0015279626922444288,-0.08292637703313611,0.007194993408566965,False
315,0.1930871037885732,-0.0018017156339562726,0.022631406660718445,0.00654024030211928,1.1443642,1.0,0.1939832783958755,0.006745772493316857,-0.2064992319435711,-0.5139004252769377,False
315,0.23228549694522205,0.033947253416402895,0.022631406660718445,0.00654024030211928,-1.5344567,1.0,0.22635984869072628,-0.0023824935885055007,0.5191294791032337,0.07557625831837711,False
315,0.19637163405355937,-0.0018017156339562726,0.022631406660718445,0.00654024030211928,-0.8368787,1.0,0.31720472411340006,-0.029983168111479552,0.022172641909317305,-0.018626268081511393,False
315,0.15042886146999496,-0.0018017156339562726,-0.2799956454301377,0.29046317486067075,-2.014436,1.0,0.1939832783958755,0.044511962444837135,-0.04281635727342596,0.007194993408566965,False
315,0.20215924188537,-0.0018017156339562726,0.4864314115728152,0.00654024030211928,-0.21287635,1.0,0.2571135799724879,-0.0015279626922444288,0.022172641909317305,-0.5228896851066688,False
315,0.28563182189804065,0.036868296974009736,0.0942873856151131,0.40645368851630076,-1.0445197,1.0,0.1939832783958755,-0.0015279626922444288,0.022172641909317305,0.007194993408566965,False
316,0.10649445034905518,-0.0018017156339562726,0.22719849850021684,0.00654024030211928,1.0396105,1.0,0.1939832783958755,-0.0015279626922444288,0.022172641909317305,0.007194993408566965,False
316,0.24793649261079684,0.04368235877392034,-0.3533869954012692,-0.5629010531995746,0.85339236,1.0,0.1939832783958755,-0.0015279626922444288,0.022172641909317305,0.007194993408566965,False
316,0.1863411716846523,-0.0018017156339562726,0.022631406660718445,0.00654024030211928,-1.076127,1.0,0.1939832783958755,0.02467427887049817,-0.3349359267753204,0.007194993408566965,False
316,0.1930871037885732,0.0013186545092431332,0.04840973515084308,0.021078264198189103,-0.38980615,1.0,0.1939832783958755,-0.0015279626922444288,0.05390526204596702,-0.01188656626554831,False
316,0.1930871037885732,-0.0018017156339562726,0.022631406660718445,0.2770169830767,-1.5869833,1.0,0.1939832783958755,0.00925159736510637,0.022172641909317305,-0.5262454065796622,False
316,0.21615800980530042,-0.028327251957130005,-0.06216395729269747,-0.23038447493684713,1.7298609,1.0,0.1975373882337436,-0.0015279626922444288,0.022172641909317305,0.07802437459082102,False
316,0.1930871037885732,-0.004540766933094556,0.43190255235717967,0.00654024030211928,-0.056319,1.0,0.1939832783958755,-0.029725319602544084,0.08307032540446545,0.007194993408566965,False
316,0.1930871037885732,-0.0018017156339562726,0.1032330675677352,-0.3374183309630469,-0.035844535,1.0,0.1939832783958755,-0.02638781068158357,0.022172641909317305,0.007194993408566965,False
316,0.18221800974458274,0.0012949240777390754,0.022631406660718445,0.01644418566003692,1.5261573,1.0,0.25197390476204506,0.0622170710242299,0.022172641909317305,0.007194993408566965,False
316,0.1930871037885732,-0.015030468179294813,-0.3270116905267127,0.00654024030211928,-1.3466463,1.0,0.24735563048956594,-0.0015279626922444288,0.03236821903489992,-0.5651632074641734,False
316,0.24307166066852204,-0.0018017156339562726,0.022631406660718445,0.25539895746472696,-1.9992234,1.0,0.22748207278091026,-0.0015279626922444288,0.2611010699658284,0.007194993408566965,False
316,0.14192529136148627,0.016362129570381113,0.022631406660718445,0.00654024030211928,-0.32278898,1.0,0.23243754325446384,0.051456036411076635,0.1266033462249923,-0.8134345102406821,False
316,0.1930871037885732,0.016092806743265766,0.022631406660718445,-0.45875381871622817,-0.9562379,1.0,0.1617553612171384,-0.02581627731339521,0.022172641909317305,1.05841461935868,False
317,0.08586970822291146,-0.0018017156339562726,-0.18394427985649267,0.00654024030211928,-0.24983251,1.0,0.1561651105037837,-0.003391541818868845,0.022172641909317305,0.3013633964305221,False
317,0.23808228246281032,-0.07617884260002489,0.022631406660718445,0.00654024030211928,0.05942362,1.0,0.1939832783958755,-0.04472784717732689,0.022172641909317305,0.007194993408566965,False
317,0.29508399272241664,0.05643887249006325,0.022631406660718445,0.00654024030211928,-1.2466741,1.0,0.3377852841405422,-0.0015279626922444288,-0.04210743352182403,0.007194993408566965,False
317,0.1070806083450644,0.010436473241298157,0.022631406660718445,0.00654024030211928,2.2897625,1.0,0.1939832783958755,0.003134499948297029,0.14820901953472995,-0.010358553521753196,False
317,0.1930871037885732,0.02724458928818961,0.022631406660718445,-0.08185355542515228,-0.0059152246,1.0,0.33156625456888533,0.03153272382579951,0.022172641909317305,-0.2519714482126646,False
317,0.1930871037885732,-0.05031525755747751,0.022631406660718445,0.00654024030211928,-1.2928337,1.0,0.1939832783958755,-0.0015279626922444288,0.022172641909317305,0.007194993408566965,False
318,0.2284414198694102,0.032708461946101955,0.022631406660718445,-0.11753107842087483,1.6743824,1.0,0.17403077797459215,-0.05864517735098197,0.022172641909317305,0.007194993408566965,False
318,0.1930871037885732,-0.0230033023519443,0.057306607361765446,-0.6734473737486288,1.8832297,1.0,0.1939832783958755,-0.03579977902465724,0.026283767223424858,-0.519517584317637,False
318,0.11244814881312455,0.0009286639165989479,-0.11462383403201101,0.2806281985943855,-1.2439684,1.0,0.15143985409008834,-0.0015279626922444288,0.022172641909317305,0.007194993408566965,False
318,0.3227498759904833,-0.03747605364150303,0.2997686405566905,-0.06902556538944628,1.261607,1.0,0.25829384659318655,-0.0015279626922444288,-0.3731351087425878,0.04036319938258816,False
318,0.1930871037885732,-0.0018017156339562726,-0.050269491858740606,0.00654024030211928,0.964259,1.0,0.2696162120018346,-0.044795716388199285,0.022172641909317305,-0.3941943415203963,False
319,0.1930871037885732,0.043269727838529344,0.022631406660718445,-0.38446999390342185,-0.442133,1.0,0.2535356834288119,0.0075833622851192595,0.022172641909317305,-0.16793057896096292,False
319,0.19878169701087017,-0.0018017156339562726,0.008571778924610002,0.00654024030211928,1.9087374,1.0,0.26623423373484095,-0.0015279626922444288,0.022172641909317305,0.007194993408566965,False
319,0.1930871037885732,-0.0018017156339562726,0.022631406660718445,-0.39237342159144484,0.41107643,1.0,0.2268700193960943,-0.0015279626922444288,0.23984373400490105,-0.1661834519168637,False
319,0.1930871037885732,-0.00010998074059177408,0.49526542278960695,-0.4151613926844686,0.3795957,1.0,0.1939832783958755,-0.0015279626922444288,0.022172641909317305,-0.16974700871114473,False
319,0.2061139655684524,0.03523240599966033,0.11373346296689885,0.00654024030211928,-0.55292493,1.0,0.1939832783958755,-0.0015279626922444288,0.022172641909317305,0.007194993408566965,False
319,0.1930871037885732,-0.0018017156339562726,0.2045949408202433,0.00654024030211928,0.4043128,1.0,0.1939832783958755,-0.0015279626922444288,-0.5773243419891643,0.007194993408566965,False
319,0.21406738699960104,-0.0018017156339562726,0.022631406660718445,0.018199297387481606,-0.5889316,1.0,0.2532615454975138,0.0922141357046702,-0.27530220716651976,0.007194993408566965,False
319,0.1930871037885732,0.023923545873211733,0.022631406660718445,0.00654024030211928,-1.5384772,1.0,0.03278026509227075,0.009980000016137087,0.26425094930588505,0.007194993408566965,False
320,0.1930871037885732,0.0033831539073750014,0.24473247714113977,0.00654024030211928,0.04510355,1.0,0.1939832783958755,-0.0015279626922444288,-0.08751187280661482,-0.9828399522693512,False
320,0.1930871037885732,-0.06082975885509505,0.3037790401757388,0.00654024030211928,0.6269734,1.0,0.1939832783958755,-0.03867320935829644,0.022172641909317305,-1.5644577444834171,False
320,0.17995381062842558,-0.05400534538763479,0.20829764281596527,-0.4444517369755991,1.2778544,1.0,0.1984470694213238,-0.0015279626922444288,0.04927029950174238,-0.2170720759280616,False
320,0.1930871037885732,-0.0018017156339562726,0.022631406660718445,-0.14180630861815066,0.86261827,1.0,0.1939832783958755,-0.0015279626922444288,0.022172641909317305,-0.4068618861536376,False
320,0.35071685835339106,-0.020176583157609743,-0.19633570438343476,0.00654024030211928,-1.4206667,1.0,0.2724371505295375,-0.008175180906130652,0.25139275845218606,0.007194993408566965,False
321,0.17658074055569467,-0.0055836424184692885,0.022631406660718445,0.00654024030211928,-0.8485398,1.0,0.17552899984211123,-0.0015279626922444288,0.022172641909317305,0.007194993408566965,False
321,0.28108927111502624,-0.03624973604849996,0.1365125226865807,0.9338810598576762,-2.2113245,1.0,0.14085479474176313,-0.0015279626922444288,0.022172641909317305,0.1418470392570155,False
321,0.1930871037885732,-0.007943787577129033,0.04760672479969176,0.4079729705917166,1.6775901,1.0,0.1763541897982144,-0.0015279626922444288,0.022172641909317305,-0.10731233183585684,False
321,0.1930871037885732,-0.06100409445589329,0.022631406660718445,0.7165964702467168,0.4475428,1.0,0.1939832783958755,0.015565120489189121,0.022172641909317305,0.007194993408566965,False
321,0.22049809990482666,-0.0018017156339562726,-0.3598029266358608,0.21365970563436235,-0.9378582,1.0,0.1939832783958755,0.011595878529615206,0.17412227357709725,-0.5298959557413473,False
321,0.30227414504953976,-0.03546363025757864,0.022631406660718445,-0.8016950711290662,0.29718593,1.0,0.1939832783958755,-0.017517098378278122,-0.04499074965131371,0.007194993408566965,False
321,0.1930871037885732,-0.0018017156339562726,0.022631406660718445,0.00654024030211928,-1.2779787,1.0,0.1939832783958755,-0.04747307632845856,0.04175806733556663,0.007194993408566965,False
322,0.1735304431165067,-0.016482642599755234,0.022631406660718445,-0.2491871611677479,-2.4867709,1.0,0.1589116121119437,-0.0015279626922444288,0.022172641909317305,-0.22645624106747927,False
322,0.21318898217175108,-0.0018017156339562726,-0.2689424020692856,0.5629108334074064,-0.28995073,1.0,0.2750565080946542,-0.06574848433802065,-0.10699771859278451,-0.9000410537558835,False
322,0.23375974038096942,-0.03462572158870448,0.1040585652728548,0.00654024030211928,1.6101232,1.0,0.1533898540201602,-0.0015279626922444288,-0.4089617971906274,0.05816615097335849,False
322,0.1930871037885732,0.010363862227764604,-0.16895273648408132,0.00654024030211928,1.8727529,1.0,0.15723052887321018,-0.0015279626922444288,-0.0628850620052343,0.007194993408566965,False
322,0.19926585739266311,-0.0054019668539554404,-0.04281824741933489,0.00654024030211928,0.66770434,1.0,0.1939832783958755,-0.0015279626922444288,0.022172641909317305,0.007194993408566965,False
323,0.1930871037885732,0.034395642276045385,0.09188660097858425,0.00654024030211928,-0.9166469,1.0,0.23647136212477146,-0.0015279626922444288,0.13393139153149033,0.33177661964611943,False
323,0.15369954170340255,-0.0018017156339562726,0.022631406660718445,0.00654024030211928,1.5152651,1.0,0.1939832783958755,-0.0015279626922444288,0.19996621708869589,0.007194993408566965,False
323,0.22920179452392306,-0.0018017156339562726,0.17133377324350238,0.00654024030211928,-1.08673,1.0,0.03879213473794424,-0.021306461778711157,-0.3706890038702938,0.29681808163213763,False
323,0.20242324946382118,-0.0018017156339562726,0.022631406660718445,-0.2796359665916422,0.29910603,1.0,0.1939832783958755,0.0535342395384074,-0.18536918471876196,0.007194993408566965,False
323,0.2316307386825556,0.030639503942489793,0.022631406660718445,0.00654024030211928,0.24284285,1.0,0.1939832783958755,-0.0015279626922444288,0.022172641909317305,0.04063787141293261,False
324,0.1930871037885732,-0.007532395907430515,0.38028475856728805,-0.48340488231144013,0.15286648,1.0,0.1939832783958755,0.010599586231767018,0.022172641909317305,0.007194993408566965,False
324,0.2486940501156356,0.010610371300086581,0.022631406660718445,-0.4309265227951084,-0.49443594,1.0,0.09436335952384076,-0.0015279626922444288,0.022172641909317305,0.4769278616729218,False
324,0.29527615439530763,-0.0038963527030233995,-0.32079524913971774,0.00654024030211928,-1.680896,1.0,0.1939832783958755,0.0015999126689523959,-0.06257823100494679,0.007194993408566965,False
324,0.1930871037885732,-0.0018017156339562726,-0.21225903693574083,0.00654024030211928,1.7944336,1.0,0.27839247703867886,-0.0015279626922444288,0.05595615450737962,0.007194993408566965,False
324,0.23686817493335027,-0.026170531410386815,0.4949976464815984,0.00654024030211928,-0.32526782,1.0,0.1939832783958755,0.030789859080608432,-0.10555185235384146,0.007194993408566965,False
325,0.045514084948921646,-0.0018017156339562726,0.022631406660718445,0.00654024030211928,0.69408464,1.0,0.1939832783958755,-0.0015279626922444288,0.022172641909317305,0.6039674747985896,False
325,0.1930871037885732,0.006497507847939407,0.022631406660718445,0.47828234687103427,-1.7537873,1.0,0.38540620447331564,0.024919882312977315,0.022172641909317305,-1.1334746981179793,False
325,0.1930871037885732,-0.0018017156339562726,0.10795908400061917,0.24137376012119807,2.4112215,1.0,0.1939832783958755,-0.04327937685150226,0.17233345333153954,0.007194993408566965,False
325,0.28805389114263114,0.015355463306330877,0.022631406660718445,-0.203476214887418,2.019591,1.0,0.020170848811268988,-0.0015279626922444288,-0.12871734906476104,-0.565772918404084,False
325,0.11478207715531033,0.011960922003745652,0.022631406660718445,-0.20098474132825614,-0.5945024,1.0,0.19551134923979718,-0.005160415547576508,0.022172641909317305,0.007194993408566965,False
325,0.1930871037885732,-0.018528308696377664,0.30957381753339797,-0.09345069513274025,0.912586,1.0,0.1939832783958755,0.06371457925205058,0.022172641909317305,0.5449895979754923,False
326,0.30281638910266184,-0.03332203766032462,-0.11472642908870115,0.00654024030211928,0.37985727,1.0,0.09140588481007655,-0.0015279626922444288,0.07752622412776823,-0.06338920306202182,False
326,0.1930871037885732,-0.013082650362131527,-0.2803145101270471,-0.3564227673124432,2.2192235,1.0,0.2191180497556407,0.005340180203740412,0.04205697448524918,0.007194993408566965,False
326,0.1930871037885732,-0.0018017156339562726,0.10939250629689339,0.34533229488182965,0.7252139,1.0,0.44709827516398737,-0.0015279626922444288,0.027090590758778184,0.007194993408566965,False
326,0.2113891976230554,-0.0018017156339562726,0.41802203553212036,0.30582529074905884,1.1111573,1.0,0.1939832783958755,-0.0015279626922444288,0.4025625271815326,-0.4666497747525555,False
326,0.24431497417651388,-0.0018017156339562726,-0.02640751782398449,0.00654024030211928,-0.72026134,1.0,0.2632182750446179,-0.020114917783090148,0.022172641909317305,0.007194993408566965,False
327,0.1930871037885732,-0.0018017156339562726,-0.0806127604999883,0.00654024030211928,1.3185761,1.0,0.1939832783958755,-0.014650285724970251,0.022172641909317305,0.007194993408566965,False
327,0.1930871037885732,-0.0018017156339562726,0.022631406660718445,0.01378376797729016,0.62899613,1.0,0.1939832783958755,0.011881498503456593,0.10093004100759081,0.35032834256996653,False
327,0.1930871037885732,-0.0018017156339562726,0.0805357521885194,-0.056881911107657473,0.104153335,1.0,0.2711855066663569,-0.0015279626922444288,-0.08115752976731867,0.42527703528949556,False
327,0.1930871037885732,-0.0018017156339562726,0.022631406660718445,-0.2846598109502605,0.6496215,1.0,0.1939832783958755,0.009766389888070576,0.057736341412939735,0.007194993408566965,False
327,0.1930871037885732,0.030785134691434332,-0.4855468988573453,0.00654024030211928,0.9467148,1.0,0.21455900535104322,0.013131346725433082,0.09607540250540972,-0.03810202329495155,False
327,0.19846362916997395,-0.0018017156339562726,-0.11460390255660016,0.3533652904992719,1.0644152,1.0,0.1939832783958755,0.06315510494267661,0.5335637409090167,0.007194993408566965,False
327,0.1930871037885732,0.018317238881037357,0.022631406660718445,0.00654024030211928,0.7407415,1.0,0.1939832783958755,-0.0015279626922444288,0.2172450876232902,-0.522496799912627,False
327,0.3065705426081858,-0.004455345534467407,0.022631406660718445,-0.15519713072291977,0.96424854,1.0,0.2254978550818164,-0.03794191900412035,-0.20056399964858096,0.007194993408566965,False
327,0.27570946955651465,-0.0018017156339562726,0.1269405507813713,0.00654024030211928,0.3437112,1.0,0.16417916203457875,-0.00028032822318954675,0.022172641909317305,0.007194993408566965,False
328,0.1930871037885732,0.07371769465910996,0.022631406660718445,0.00654024030211928,0.407663,1.0,0.3756358945039583,-0.0015279626922444288,0.09326029000571187,0.007194993408566965,False
328,0.10830596156956494,0.02277516839822108,0.014950260823478152,-0.2700499198746677,-0.54458845,1.0,0.37584087764476903,-0.0015279626922444288,-0.14917894512875052,-0.129318507109929,False
328,0.1930871037885732,-0.0018017156339562726,0.022631406660718445,0.3591691705141077,-0.039948717,1.0,0.1939832783958755,-0.0015279626922444288,-0.21321891081980607,0.007194993408566965,False
328,0.017752181920825144,-0.0018017156339562726,0.316834477574567,0.00654024030211928,0.906535,1.0,0.1939832783958755,0.0069699778524522586,-0.26588824354082724,0.23479589053241756,False
328,0.1930871037885732,-0.0018017156339562726,-0.05338461901760737,0.00654024030211928,0.41631478,1.0,0.1939832783958755,0.0545764691742484,0.022172641909317305,-0.3401169740635968,False
328,0.17556304714456858,0.01444219523129861,0.022631406660718445,-0.19427991599036362,0.046955466,1.0,0.20527163724455244,-0.0015279626922444288,-0.030047050080543838,0.007194993408566965,False
329,0.24290997994434052,-0.009891360423167059,0.022631406660718445,0.00654024030211928,1.0788437,1.0,0.1939832783958755,-0.0015279626922444288,0.022172641909317305,0.007194993408566965,False
329,0.1930871037885732,-0.015910355990997202,0.022631406660718445,0.15895763067919544,-0.6815858,1.0,0.1939832783958755,-0.0015279626922444288,0.022172641909317305,0.007194993408566965,False
329,0.3064150420538177,-0.0018017156339562726,0.022631406660718445,-0.1807278809964755,0.14000732,1.0,0.1939832783958755,-0.012496361768416734,-0.0818523222456571,-0.4432055865265093,False
329,0.2935892314282706,-0.0018017156339562726,0.022631406660718445,0.00654024030211928,-1.9152792,1.0,0.1939832783958755,0.017904701031000215,0.022172641909317305,0.007194993408566965,False
329,0.2770633351941965,-0.05603958037174921,0.19453494445365668,-0.5233764265323635,1.6061499,1.0,0.1939832783958755,-0.03278712328094348,0.022172641909317305,0.007194993408566965,False
329,0.15203392677089228,-0.0022031458541475774,0.022631406660718445,-1.0311879909832486,-0.9177134,1.0,0.1939832783958755,-0.0015279626922444288,0.022172641909317305,-0.3164258585486513,False
329,0.15043471717135004,0.0085199789780174,-0.31921874628130686,0.00654024030211928,-1.3424845,1.0,0.1658054374760088,-0.0015279626922444288,0.1559845551612392,0.11890499536260753,False
330,0.15430170553760075,-0.0018017156339562726,-0.011056799342705488,-0.47474143557424525,-1.6680216,1.0,0.2521887367140918,-0.0034415575708980077,0.022172641909317305,-0.08225529965836656,False
330,0.15217753269330309,-0.0018017156339562726,0.022631406660718445,0.00654024030211928,0.21420164,1.0,0.1939832783958755,-0.0015279626922444288,-0.017166750464603028,0.007194993408566965,False
330,0.1930871037885732,-0.0018017156339562726,0.3149937002779123,0.00654024030211928,1.1856368,1.0,0.1939832783958755,-0.0015279626922444288,0.022172641909317305,0.007194993408566965,False
330,0.1930871037885732,0.0007184348059264072,0.022631406660718445,-0.19316028203511537,-0.08959562,1.0,0.21168801598664158,-0.0015279626922444288,-0.007134385156619797,0.007194993408566965,False
330,0.1930871037885732,-0.0035957207320917186,0.2783127817824384,0.36565905133335674,1.2267286,1.0,0.1939832783958755,-0.0015279626922444288,0.055418646806388056,0.16842368067921118,False
331,0.1930871037885732,-0.0018017156339562726,-0.07996643207041397,-0.19747402285835441,-0.2491795,1.0,0.07074335283779366,0.05001858507316712,0.022172641909317305,-0.6925128628432087,False
331,0.19619613001873112,-0.0018017156339562726,0.022631406660718445,0.2492911382322969,-1.5086184,1.0,0.1939832783958755,-0.0015279626922444288,-0.29378306488519124,0.2330801207789119,False
331,0.251471503936795,-0.0018017156339562726,-0.07649840398600799,0.6698260838366427,2.1782076,1.0,0.3061720461888749,-0.0015279626922444288,-0.30304775779413334,1.3800778218029525e-05,False
331,0.2362600752350014,-0.0018017156339562726,-0.008059198824108976,0.4865678541464222,-1.2839255,1.0,0.1939832783958755,-0.0015279626922444288,-0.19100429568634608,-0.44369696600766223,False
331,0.1930871037885732,0.05305973292822483,0.022631406660718445,-0.480946007740911,-0.60819834,1.0,0.1939832783958755,-0.0015279626922444288,-0.05043236750144804,-0.5197939579769254,False
331,0.27325537336644234,-0.06089253434344981,0.022631406660718445,0.12535869372095457,-0.02793324,1.0,0.1939832783958755,-0.0015279626922444288,0.022172641909317305,0.007194993408566965,False
331,0.20195553295263602,0.03485302301699145,0.30359993899210563,-0.17296023142620873,0.7852508,1.0,0.1939832783958755,-0.0015279626922444288,0.022172641909317305,0.02457192353898774,False
331,0.17659216375406825,-0.0018017156339562726,-0.2333419465800507,0.00654024030211928,2.3667898,1.0,0.1939832783958755,-0.0015279626922444288,0.022172641909317305,0.007194993408566965,False
332,0.1548119875389327,-0.01994894996199277,0.022631406660718445,-0.8654020991783247,0.50462717,1.0,0.13703339128751504,-0.007847808766239962,0.022172641909317305,0.007194993408566965,False
332,0.20191760258984934,-0.023090137410814997,0.022631406660718445,0.46757025800446955,0.070172876,1.0,0.1939832783958755,-0.015243458855445568,0.022172641909317305,0.007194993408566965,False
332,0.1930871037885732,-0.0018017156339562726,0.022631406660718445,0.00654024030211928,-1.8209679,1.0,0.13639977174610146,-0.0015279626922444288,0.022172641909317305,0.007194993408566965,False
332,0.1930871037885732,-0.06364446398424385,-0.23411860292936854,0.06660457887917848,0.72526777,1.0,0.4278978730477233,-0.0015279626922444288,-0.16594770498058342,-0.34557987634569415,False
332,0.28410292652207114,-0.01354461612413856,0.16277209076541338,0.8233937090970045,-1.3656003,1.0,0.1939832783958755,-0.04870804655890628,0.022172641909317305,0.007194993408566965,False
332,0.1930871037885732,-0.061766041115841344,-0.0999041913919978,0.00654024030211928,1.6354542,1.0,0.1939832783958755,0.03082817141519493,0.022172641909317305,-0.6733169596188101,False
332,0.1930871037885732,-0.0018017156339562726,0.022631406660718445,-0.21908893437588595,-1.3021348,1.0,0.18388821643438574,0.010610579021422718,0.022172641909317305,0.007194993408566965,False
332,0.1930871037885732,-0.003187802215846885,0.29544787800232825,0.00654024030211928,-0.77918744,1.0,0.32473764903749536,-0.0015279626922444288,0.022172641909317305,0.007194993408566965,False
333,0.1930871037885732,-0.0019149266814832068,0.09139109613429301,-0.44490844682628333,-0.18125078,1.0,0.1939832783958755,0.038603856730435517,0.022172641909317305,0.007194993408566965,False
333,0.3125856992155516,0.03226277693887942,0.022631406660718445,-0.9038769700094881,1.4443568,1.0,0.1939832783958755,-0.0015279626922444288,-0.19533720348361708,0.3198070522669957,False
333,0.32666418712707235,-0.0018017156339562726,0.022631406660718445,0.00654024030211928,-2.809754,1.0,0.1939832783958755,-0.0015279626922444288,0.022172641909317305,-0.278432033081108,False
333,0.1930871037885732,-0.0018017156339562726,0.07709224205617443,0.430887233514805,-0.9260544,1.0,0.1939832783958755,-0.005536419516442114,0.23859971384099934,0.007194993408566965,False
333,0.14957176849394777,-0.0018017156339562726,0.022631406660718445,0.41612930594969516,0.10189828,1.0,0.1939832783958755,0.017761078243080788,0.022172641909317305,0.007194993408566965,False
334,0.1930871037885732,-0.0018017156339562726,0.022631406660718445,0.2843722581408448,1.1443174,1.0,0.3424384288370383,-0.013193709657678805,-0.18124882141390297,-0.16810327154972812,False
334,0.3045191232268128,-0.0018017156339562726,-0.40683330994363903,0.00654024030211928,-2.0124462,1.0,0.1939832783958755,0.07989390644204872,-0.013388009959457058,0.007194993408566965,False
334,0.1930871037885732,-0.01874955823267175,0.022631406660718445,0.2635098054432054,1.5822908,1.0,0.1939832783958755,-0.0015279626922444288,0.016931611461032052,0.5977020588275693,False
334,0.1930871037885732,-0.02794899295962407,0.022631406660718445,0.00654024030211928,-1.3545516,1.0,0.1939832783958755,0.011112034665468966,0.022172641909317305,-0.5365134178117535,False
334,0.3451896717692473,0.0087946302546086,0.022631406660718445,-0.07751848395501665,-0.82077765,1.0,0.22259708904681336,-0.0015279626922444288,0.05018930525679907,0.007194993408566965,False
335,0.035095669959093495,-0.03758821897672655,0.27121318829561425,0.00654024030211928,0.2733273,1.0,0.1939832783958755,-0.0015279626922444288,0.1403430788680877,0.007194993408566965,False
335,0.13299765242967984,-0.0018017156339562726,0.14948306892586263,0.06278179394520662,2.2591643,1.0,0.1939832783958755,-0.0015279626922444288,-0.14964056672202525,-0.018788769095852663,False
335,0.2021055003654694,-0.0018017156339562726,0.022631406660718445,0.07874644660678627,0.9779494,1.0,0.1939832783958755,-0.0015279626922444288,0.022172641909317305,-0.19257322354230094,False
335,0.1930871037885732,-0.0018017156339562726,-0.008223285741125932,-0.07377454141210568,-0.59581965,1.0,0.2704023282835305,-0.0015279626922444288,0.009960656920154925,-0.498359184242474,False
335,0.2522501976987414,0.0030112320639783374,-0.019945673185811086,0.00654024030211928,0.21756542,1.0,0.1939832783958755,-0.0015279626922444288,0.022172641909317305,-0.2446684025706097,False
335,0.1930871037885732,-0.0018017156339562726,-0.40200781122718915,0.00654024030211928,1.5223423,1.0,0.19704753165294203,-0.0006016809854985695,0.2740235488480664,0.3060380532278901,False
335,0.1930871037885732,-0.008743864582226129,0.07508175539604714,0.20737056690303812,-0.4008389,1.0,0.16654590215817316,-0.0015279626922444288,-0.07343417940183983,0.007194993408566965,False
335,0.16515586258067697,-0.028157244616213314,0.022631406660718445,0.1309504733033998,-0.3995921,1.0,0.27963428731289736,-0.0015279626922444288,-0.007624939776088115,0.029329559771330383,False
335,0.1930871037885732,-0.0018017156339562726,0.022631406660718445,0.1220966887938127,-0.8979819,1.0,0.20977468080612674,0.02982731145081559,0.022172641909317305,0.007194993408566965,False
336,0.1930871037885732,0.01979045723816161,0.7888073601467092,0.20209833301148625,2.558923,1.0,0.1939832783958755,0.015158992451721025,0.020900752343783975,0.007194993408566965,False
336,0.1729582678024164,-0.0018017156339562726,-0.17740126965910596,0.06426110580844191,0.27519494,1.0,0.3394407216532635,-0.0015279626922444288,0.39212968802586623,0.007194993408566965,False
336,0.1925469191558429,-0.06429701990171327,0.022631406660718445,0.00654024030211928,2.0710454,1.0,0.1939832783958755,-0.008371673746443846,0.2901259835691497,-0.2085301716178201,False
336,0.1930871037885732,0.012653837896605766,0.022631406660718445,0.00654024030211928,0.21754551,1.0,0.12973098867432514,0.02420272068011037,0.022172641909317305,0.973477601328036,False
336,0.1930871037885732,-0.003715766408513037,0.14520486381655767,0.00654024030211928,-0.27497548,1.0,0.0488243591526297,0.013769449870826235,0.21094991258598836,-0.015597020500738995,False
337,0.222471891161847,-0.0018017156339562726,0.023725916055680293,0.36208471893422917,0.7547226,1.0,0.2601223613605505,0.038670298136169116,-0.29531735642067,0.30353340101625353,False
337,0.09223774145652662,-0.0018017156339562726,-0.16195411357547312,0.5177679843558166,0.44890392,1.0,0.27116461409538095,0.013461607223425633,0.022172641909317305,0.007194993408566965,False
337,0.16272660158813798,-0.0018017156339562726,0.022631406660718445,-0.49874145542519,2.2225153,1.0,0.1939832783958755,-0.010799236557846157,0.022172641909317305,-0.4421877394294012,False
337,0.1930871037885732,-0.019484843650153273,0.022631406660718445,0.00654024030211928,0.7941226,1.0,0.1939832783958755,-0.0015279626922444288,0.022172641909317305,-1.051107703969205,False
337,0.3815713809594785,0.027730061798173226,0.022631406660718445,0.00654024030211928,0.7956419,1.0,0.3702036281606395,-0.0015279626922444288,-0.030475693826654607,0.007194993408566965,False
337,0.1930871037885732,-0.0018017156339562726,0.022631406660718445,0.454217885065752,-1.3598831,1.0,0.1939832783958755,0.004672366267287233,0.022172641909317305,0.05682929849716188,False
337,0.16114106928843622,-0.024222801363626697,0.022631406660718445,0.07374281686121856,-0.32248312,1.0,0.1939832783958755,-0.0015279626922444288,0.022172641909317305,0.007194993408566965,False
337,0.10699878121713251,0.01088224601892386,0.022631406660718445,0.00654024030211928,-1.5355048,1.0,0.08167696420354892,0.010164644038667795,0.03402743921807061,0.007194993408566965,False
337,0.1930871037885732,-0.0018017156339562726,0.022631406660718445,-0.26987715063507806,-0.28995073,1.0,0.1939832783958755,0.004814477415637702,0.022172641909317305,-0.6376937671592289,False
337,0.29616581637002604,-0.023499405560759277,0.022631406660718445,0.7024113200522822,0.07625224,1.0,0.1939832783958755,-0.03502401450527734,0.26917813126988166,-0.18686707021779284,False
337,0.1930871037885732,0.0408311097169096,-0.31558956409581185,0.00654024030211928,1.025367,1.0,0.20871083413648409,0.012018489202001995,0.022172641909317305,0.007194993408566965,False
337,0.2607096897214958,-0.007731357656347227,0.3344839595532295,0.00654024030211928,0.62979436,1.0,0.27031150458609643,-0.0015279626922444288,0.022172641909317305,-0.5270474106898639,False
337,0.2434727800286211,-0.0018017156339562726,0.1837793697502214,0.00654024030211928,1.0054536,1.0,0.1939832783958755,-0.03967158048803019,0.07989248584325868,-0.017170686038181223,False
338,0.1930871037885732,-0.044854458173682034,0.07801504310367305,0.18413510223883311,-2.3345797,1.0,0.1939832783958755,-0.005512214289600737,0.022172641909317305,0.007194993408566965,False
338,0.1930871037885732,-0.01356493562747476,0.022631406660718445,0.13103947700262367,-0.6370101,1.0,0.1939832783958755,-0.0015279626922444288,0.022172641909317305,0.007194993408566965,False
338,0.07589197484145098,-0.02062161447182959,0.022631406660718445,0.1583519123095153,-0.8456776,1.0,0.18289119745010263,-0.0015279626922444288,0.022172641909317305,0.007194993408566965,False
338,0.1930871037885732,-0.046820276783530686,-0.18051836175600738,0.21767631144635888,0.35220093,1.0,0.31479133152576294,-0.0015279626922444288,0.022172641909317305,-0.33168370101717015,False
338,0.22205249086707424,-0.011007201933706065,0.022631406660718445,0.00654024030211928,-2.3149958,1.0,0.38134485612059627,-0.005214836536928374,0.022172641909317305,-0.5623214325299859,False
339,0.1930871037885732,-0.07095130550770323,0.022631406660718445,0.38171183016754745,0.97976756,1.0,0.1939832783958755,-0.0015279626922444288,0.022172641909317305,0.007194993408566965,False
339,0.07830700502913224,-0.0018017156339562726,-0.039518951093092114,-0.04085624109559867,-0.27900636,1.0,0.18592344397343627,-0.0015279626922444288,0.0077745762530978795,0.007194993408566965,False
339,0.2628794370237324,0.0034275375662481972,0.2506893327044092,0.00654024030211928,1.3562454,1.0,0.1939832783958755,-0.0015279626922444288,0.24298114973748305,0.007194993408566965,False
339,0.1930871037885732,-0.0018017156339562726,-0.13049976488608525,0.3111063809091957,0.2051834,1.0,0.36504941187302015,-0.0015279626922444288,0.12782174675130722,0.007194993408566965,False
339,0.10520470731330464,0.025169537136584416,0.2767620371216302,0.14709680997492816,0.8054031,1.0,0.1939832783958755,-0.0015279626922444288,-0.1156481448503977,-0.5475206457758994,False
339,0.1930871037885732,-0.0018017156339562726,0.022631406660718445,0.061786386257380504,-1.5121138,1.0,0.1939832783958755,-0.0015279626922444288,0.1261528326512118,-0.6455950036222472,False
340,0.1930871037885732,0.016078002365262904,0.022631406660718445,0.00654024030211928,-0.75138813,1.0,0.1939832783958755,-0.0008369230163742111,-0.1450762922395206,-0.6590459163438865,False
340,0.22286644098998248,-0.0018017156339562726,0.022631406660718445,-0.43686522689876744,-1.6266301,1.0,0.1939832783958755,-0.00014609423649238323,-0.07491533969043136,-0.38749309014883343,False
340,0.1930871037885732,-0.004937130541262737,0.32262612270426994,0.00654024030211928,2.0868955,1.0,0.1939832783958755,-0.005442196821455308,-0.21631074368749253,0.007194993408566965,False
340,0.1930871037885732,-0.01573358639901859,0.022631406660718445,0.00654024030211928,-0.5823434,1.0,0.1939832783958755,-0.0015279626922444288,-0.01635137648491997,-0.16073252473471444,False
340,0.1930871037885732,-0.011973123080596487,0.022631406660718445,0.2351344108998452,-0.24329269,1.0,0.3794616629452573,-0.0015279626922444288,0.022172641909317305,0.24605155632238626,False
341,0.24766999712272494,-0.008344733258844644,0.022188828686954477,0.00654024030211928,-2.1457899,1.0,0.33961026734035316,-0.0015279626922444288,0.022172641909317305,0.007194993408566965,False
341,0.1930871037885732,-0.02337453578717881,0.022631406660718445,0.00654024030211928,0.38794687,1.0,0.1939832783958755,0.015054915936407124,0.022172641909317305,0.007194993408566965,False
341,0.1587567070959875,-0.0018017156339562726,0.022631406660718445,0.00654024030211928,-1.8440787,1.0,0.22763391876898184,-0.0015279626922444288,0.022172641909317305,0.007194993408566965,False
341,0.19180221441923268,-0.0018017156339562726,-0.3340943388548421,0.22020497413335902,1.2266084,1.0,0.1762469089198722,0.0219674170702978,0.022172641909317305,-0.8630834930163714,False
341,0.05892939750423748,-0.0018017156339562726,0.022631406660718445,-0.9727216418685718,0.44725758,1.0,0.1939832783958755,-0.0015279626922444288,0.022172641909317305,0.007194993408566965,False
341,0.1930871037885732,0.025607825849832597,0.1672697950170539,0.5357116485350718,1.1613252,1.0,-0.05463609376642112,-0.02616447575961764,0.14279661509319524,0.6200846853819247,False
341,0.1930871037885732,0.013787942856036628,0.022631406660718445,-0.2175502657125312,0.8603968,1.0,0.17587649961985552,0.012842952355918343,0.022172641909317305,-0.23140648895681384,False
341,0.2048400069688839,-0.022151341248521268,0.022631406660718445,0.1668154449838969,2.2063844,1.0,0.1939832783958755,-0.0015279626922444288,-0.10232479227078449,0.007194993408566965,False
341,0.08444696365742575,-0.0018017156339562726,-0.22071404856983018,0.00654024030211928,-0.6198901,1.0,0.1939832783958755,0.0017681280904744798,-0.039995524972645274,0.007194993408566965,False
341,0.15770471927744678,-0.0018017156339562726,0.022631406660718445,0.00654024030211928,-0.93046194,1.0,0.1939832783958755,-0.0027829290716782865,0.0999279835457625,0.007194993408566965,False
342,0.09318541839160648,-0.0018017156339562726,0.022631406660718445,0.00654024030211928,0.50372124,1.0,0.1939832783958755,0.030899802696121074,-0.13971349841709663,-0.34202461840487264,False
342,0.1930871037885732,0.03806443202837145,0.022631406660718445,0.2996248407074052,-2.2676802,1.0,0.2816796814281523,-0.032295041374120315,0.07407599427816497,0.007194993408566965,False
342,0.17896979895191917,-0.0018017156339562726,-0.07040324402186435,0.11169523534791871,0.5818288,1.0,0.1939832783958755,0.08044001963911475,-0.025568148383511086,-0.6249691497092136,False
342,0.18342357993631098,0.03833331076344689,0.022631406660718445,0.00654024030211928,1.4560394,1.0,0.3783602400924057,-0.0015279626922444288,0.1604118762479954,0.10120580673894065,False
342,0.32420868617943893,0.005362746575493816,-0.03134414254096806,0.6035105246782068,0.41658613,1.0,0.15707426081456044,-0.0015279626922444288,0.008635113743121396,0.6861932792431127,False
343,0.19651302404726312,-0.042792141900578194,0.022631406660718445,0.00654024030211928,-0.96168554,1.0,0.15700568447048258,-0.0015279626922444288,0.16431921719129824,0.007194993408566965,False
343,0.1930871037885732,-0.0018017156339562726,-0.15089262136584192,-0.04642992112913712,-1.5148714,1.0,0.2922520910668374,0.07343376148429859,0.022172641909317305,-0.97493755105497,False
343,0.1162599889932756,-0.0018017156339562726,0.25037015673018737,0.025706521809809476,1.8260094,1.0,0.15686158661984398,-0.0015279626922444288,0.022172641909317305,0.007194993408566965,False
343,0.1120537707624082,0.012090600809416069,0.022631406660718445,-0.410048445623624,-2.333048,1.0,0.17389344261914924,-0.0015279626922444288,0.022172641909317305,0.007194993408566965,False
343,0.1930871037885732,0.0013925650487459653,-0.3111735117741853,0.00654024030211928,-2.3507578,1.0,0.13982125181395685,-0.0012288610941017485,0.022172641909317305,0.007194993408566965,False
343,0.1930871037885732,-0.0018017156339562726,0.022631406660718445,0.051987577587953485,1.035176,1.0,0.1939832783958755,-0.0015279626922444288,0.2716449112969849,0.21300621341789333,False
343,0.1930871037885732,0.027728450490771796,0.38284727122245066,0.00654024030211928,-0.37126765,1.0,0.14634669053765437,-0.0015279626922444288,0.02872020987419658,0.007194993408566965,False
344,0.1930871037885732,-0.0018017156339562726,0.12254686178915881,-0.5007071510390327,0.15860772,1.0,0.1939832783958755,-0.0015279626922444288,-0.001330030492545018,0.007194993408566965,False
344,0.1930871037885732,-0.0018017156339562726,0.022631406660718445,0.00654024030211928,-0.40363184,1.0,0.236533202612633,-0.0015279626922444288,-0.3903417137596648,0.007194993408566965,False
344,0.2158121569668564,-0.0018017156339562726,0.022631406660718445,0.9430907871619751,0.074115545,1.0,0.1939832783958755,-0.0015279626922444288,0.27386842667240774,0.007194993408566965,False
344,0.1153026619845154,-0.0018017156339562726,-0.16590953383921542,0.00654024030211928,-1.4543568,1.0,0.1939832783958755,-0.033584066473244405,0.022172641909317305,0.007194993408566965,False
344,0.1930871037885732,-0.0018017156339562726,0.022631406660718445,-0.34526916105593747,2.2056093,1.0,0.14231493047989646,-0.0015279626922444288,0.022172641909317305,0.13545593933426034,False
344,0.16212428124562459,-0.0018017156339562726,-0.38783029693641796,-0.791695479870486,0.7068977,1.0,0.1939832783958755,-0.005964493180875982,0.022172641909317305,-0.8575932190772498,False
344,0.20449026146325816,0.031230416216803503,0.022631406660718445,0.00654024030211928,-0.30649623,1.0,0.1993346707005611,-0.0015279626922444288,-0.1574591105715104,0.5396024773289327,False
344,0.13584635570702738,-0.0018017156339562726,0.022631406660718445,-0.4353137598472747,-1.0820186,1.0,0.22272520160703582,0.014041736240532093,0.18245102563365895,0.007194993408566965,False
344,0.2413814586614172,-0.0018017156339562726,-0.4672731696834583,-0.18288148430901338,1.1392927,1.0,0.3863024767403432,-0.0015279626922444288,0.022172641909317305,0.13760826335829024,False
344,0.1930871037885732,0.009759391391170599,0.05657630458160404,0.39785921987101125,-1.0177007,1.0,0.1799777588720486,0.0332506537291378,0.022172641909317305,0.007194993408566965,False
344,0.1930871037885732,-0.025788931897536463,0.25928251255554857,-0.3285413977514269,1.5449555,1.0,0.365152725446218,-0.03752586968580713,-0.174929557870762,-0.4639070764811604,False
345,0.22328757432805071,-0.011691091230103146,0.022631406660718445,0.00654024030211928,0.25133833,1.0,0.1939832783958755,-0.017006620053685105,0.022172641909317305,0.007194993408566965,False
345,0.1930871037885732,-0.019579731316013052,0.022631406660718445,0.00654024030211928,-0.4581597,1.0,0.1939832783958755,-0.0015279626922444288,0.1491689806259289,0.15906896191018258,False
345,0.1930871037885732,-0.040408462811317006,0.022631406660718445,0.00654024030211928,1.4004749,1.0,0.1799743072214338,-0.0015279626922444288,0.022172641909317305,0.007194993408566965,False
345,0.3122248292133978,-0.0018017156339562726,-0.2611680371884648,-0.08659149711317235,0.2851186,1.0,0.1939832783958755,-0.0015279626922444288,0.022172641909317305,-0.577374788337385,False
345,0.10740984076388647,-0.0018017156339562726,0.022631406660718445,0.00654024030211928,1.5388801,1.0,0.2584218050278854,-0.0015279626922444288,0.022172641909317305,0.4705432042811417,False
345,0.1930871037885732,-0.020572823297710784,0.10175463651756837,0.00654024030211928,0.9817542,1.0,0.022060085229360205,-0.0015279626922444288,-0.1561410889572819,-0.650057748468558,False
346,0.1930871037885732,0.01134656979176225,0.022631406660718445,-0.04126155938772608,0.2685883,1.0,0.1939832783958755,0.006429504485684433,0.022172641909317305,0.5697148307081441,False
346,0.1930871037885732,-0.0018017156339562726,0.022631406660718445,0.00654024030211928,0.9041062,1.0,0.1939832783958755,-0.0015279626922444288,0.3978109474993737,0.02610167431020693,False
346,0.36263917319606415,-0.03740319896685024,0.13266696385929036,0.00654024030211928,-0.94486535,1.0,0.34255516845584694,-0.0015279626922444288,0.022172641909317305,-0.46558770350214357,False
346,0.11287408810165303,0.037038123534096024,-0.0846005536042222,0.6706600851294813,1.106468,1.0,0.27429370472549,-0.0015279626922444288,-0.29206724158951436,0.007194993408566965,False
346,0.3744158971328162,-0.0018017156339562726,0.2699193252368799,0.00654024030211928,0.5375587,1.0,0.1939832783958755,0.06422259494025742,0.022172641909317305,-0.2933289118226199,False
347,0.20541780226753745,-0.0018017156339562726,0.3086441683850261,0.00654024030211928,0.5897842,1.0,0.1939832783958755,-0.0015279626922444288,0.022172641909317305,-0.10439559423193343,False
347,0.12542187888294115,0.018976822980790235,0.06653731476284136,-0.3055714051382187,-0.18564735,1.0,0.1939832783958755,-0.0513216530348492,0.30176997719451626,0.0005821220964614586,False
347,0.17330759627064124,-0.0018017156339562726,0.16291137763530494,0.1107462735686622,0.59612775,1.0,0.1939832783958755,0.03414962604277839,0.23203574228631382,0.007194993408566965,False
347,0.1930871037885732,0.07897052010759188,0.022631406660718445,0.00654024030211928,1.1734815,1.0,0.1939832783958755,-0.0015279626922444288,0.022172641909317305,0.007194993408566965,False
347,0.1930871037885732,0.010304701046011906,0.022631406660718445,0.00654024030211928,-1.0035039,1.0,0.14056927816069853,-0.026867715637424915,0.022172641909317305,0.007194993408566965,False
347,0.33681789693126374,0.025121284374938768,-0.24648956097301905,-0.13275521112463345,-0.38795525,1.0,0.24788545695615272,-0.0015279626922444288,-0.3232103833176354,0.007194993408566965,False
348,0.1930871037885732,-0.0018017156339562726,0.15290414277317338,0.00654024030211928,0.784382,1.0,0.20766939560546607,-0.0015279626922444288,-0.26480642581786323,0.007194993408566965,False
348,0.1930871037885732,-0.0018017156339562726,-0.2232775923310902,-0.4999718647399334,0.74677825,1.0,0.2596551745512069,-0.015119981219112772,0.07674221640594146,0.5737882938099415,False
348,0.09425090409801652,0.010471103250368652,0.022631406660718445,0.00654024030211928,0.4697543,1.0,0.1939832783958755,-0.0015279626922444288,0.022172641909317305,0.0356740923886263,False
348,0.2646557682287999,0.02185574853493101,0.022631406660718445,0.00654024030211928,1.2085586,1.0,0.05872319078082147,-0.0015279626922444288,0.037859108607149916,-0.2874008369650311,False
348,0.27542343343269526,0.0017911543571377427,-0.6097916039035631,0.00654024030211928,1.6302204,1.0,0.19769209791209924,-0.0015279626922444288,0.022172641909317305,-0.10053262354046989,False
348,0.34442015473875964,0.015090961301359635,0.022631406660718445,0.00654024030211928,0.0068238378,1.0,0.1939832783958755,-0.0015279626922444288,-0.13703954748734543,0.48019535323018814,False
349,0.1930871037885732,-0.0018017156339562726,0.4559224996279885,-0.5335243062881034,-2.4778879,1.0,0.1939832783958755,-0.0015279626922444288,0.11139855455773469,-1.0600481898356218,False
349,0.1930871037885732,-0.0018017156339562726,0.022631406660718445,0.19595793279096937,1.6187302,1.0,0.1939832783958755,-0.0015279626922444288,0.022172641909317305,-0.7712167139561883,False
349,0.006168780108862321,-0.0018017156339562726,0.022631406660718445,0.00654024030211928,1.0219504,1.0,0.2428647171775337,0.025934090290534867,0.025290138300532367,0.007194993408566965,False
349,0.1930871037885732,-0.07684032227848497,0.4568732961787728,0.00654024030211928,-1.1288217,1.0,0.22027388462667347,-0.04347030976620849,0.020313813834137696,0.007194993408566965,False
349,0.1930871037885732,-0.010348950110072901,0.022631406660718445,-0.04000652532618558,1.3185761,1.0,0.1939832783958755,-0.0015279626922444288,0.022172641909317305,0.8643160844552749,False
349,0.23562304058471542,0.01304856235974465,0.022631406660718445,0.09529716104191854,1.6646708,1.0,0.24283674624917784,-0.00547982276164481,0.022172641909317305,0.007194993408566965,False
349,0.1930871037885732,0.052542097150501524,-0.19025447407902188,-0.1672670907697763,-1.5692987,1.0,0.07987618441929484,-0.0015279626922444288,0.022172641909317305,0.007194993408566965,False
349,0.1930871037885732,-0.05466249156618925,-0.16439697901367464,0.00654024030211928,0.7861432,1.0,0.1984694119138921,-0.0015279626922444288,0.04052680091397712,0.007194993408566965,False
349,0.1930871037885732,-0.011565230436970497,0.022631406660718445,0.7350177969120888,-0.66312313,1.0,0.20986431906897812,-0.0015279626922444288,0.09102551057189061,0.007194993408566965,False
349,0.1930871037885732,-0.04755882149598355,0.10654757757262245,0.00654024030211928,0.6371621,1.0,0.3745816759225796,-0.0015279626922444288,0.022172641909317305,-0.24852540391133923,False
350,0.1930871037885732,0.011675455972477641,0.022631406660718445,0.00654024030211928,-0.5012287,1.0,0.03667622343868471,-0.0015279626922444288,-0.35725385916823776,0.007194993408566965,False
350,0.1930871037885732,-0.0018017156339562726,0.19973948166247302,0.00654024030211928,0.9424529,1.0,0.2945082680092724,-0.0015279626922444288,0.022172641909317305,0.5809034686970355,False
350,0.26763917554097016,-0.0018017156339562726,-0.3361072914149287,-0.11924325434620126,2.0459445,1.0,0.1939832783958755,-0.006578078030227601,-0.04824555052581171,0.007194993408566965,False
350,0.08356837941760469,-0.0018017156339562726,0.022631406660718445,-1.019166002391227,1.0164248,1.0,0.1939832783958755,-0.023080330205578637,0.16279305918370202,0.40776234146176155,False
350,0.1930871037885732,0.02912999448866496,-0.08176407800446664,-0.5338182192016291,0.3928962,1.0,0.2769900184964858,-0.0015279626922444288,0.15475605111587598,0.007194993408566965,False
350,0.1930871037885732,-0.0018017156339562726,0.022631406660718445,-0.04733047944045693,-0.27497548,1.0,0.2446996176888134,-0.0015279626922444288,0.022172641909317305,0.6217443832768589,False
351,0.16849616229342873,-0.0018017156339562726,-0.45809718142931005,0.00654024030211928,-1.4384552,1.0,0.1939832783958755,-0.0015279626922444288,0.23140111255798412,0.007194993408566965,False
351,0.007482167352040103,0.01337814022363724,0.11650529015983134,-0.031112208087358467,-0.3183024,1.0,0.2494526890025568,0.03387665589850147,0.36932074021109157,-0.3863328521976312,False
351,0.1930871037885732,0.0107690104087841,-0.022449193926562284,-0.5720624670386665,1.1904567,1.0,0.1939832783958755,-0.0015279626922444288,-0.27256405598011313,0.007194993408566965,False
351,0.22442638608878263,-0.0018017156339562726,0.022631406660718445,0.00654024030211928,1.4509945,1.0,0.2284343630160192,-0.0015279626922444288,0.022172641909317305,-0.0946210917920799,False
351,0.1930871037885732,-0.026993456230433734,0.022631406660718445,0.00654024030211928,-1.3944172,1.0,0.1939832783958755,-0.0015279626922444288,0.022172641909317305,0.007194993408566965,False
351,0.21818465506555573,-0.0018017156339562726,0.022631406660718445,0.00654024030211928,-1.1047744,1.0,0.33083593553229873,-0.009060339532531707,-0.11830413180130048,0.007194993408566965,False
351,0.1930871037885732,0.028562198580534638,0.43814786471490147,-0.22796554357767967,2.4489589,1.0,0.1939832783958755,-0.023473343394377424,0.24007533474849102,-0.4843679360839669,False
352,0.1930871037885732,-0.06276165092910456,0.022631406660718445,0.00654024030211928,2.1059356,1.0,0.1939832783958755,-0.03774268124117566,0.008936506543786022,0.007194993408566965,False
352,0.19635513483244987,0.014979948771431436,0.2296318116158935,0.00654024030211928,-1.7220799,1.0,0.1939832783958755,-0.012013585483342156,-0.0963390228756898,0.007194993408566965,False
352,0.2520577764510837,0.005587230516644911,0.23329171298115783,0.00654024030211928,-1.2164102,1.0,0.2230471165478636,-0.0015279626922444288,-0.10130834509625755,-0.07992667049642299,False
352,0.1930871037885732,-0.0011061467332847568,-0.34129857988313517,0.00654024030211928,-0.39262572,1.0,0.33066935818862636,0.10369049283287861,0.022172641909317305,-0.16814254550974025,False
352,0.33595562009443414,-0.0018017156339562726,0.6225221249301205,0.00654024030211928,0.15860772,1.0,0.1939832783958755,-0.0015279626922444288,-0.22063822913284187,0.007194993408566965,False
352,0.22111566644760877,-0.025299977391558544,-0.11309460641542377,0.00654024030211928,1.3907537,1.0,0.26328403526801775,-0.014838563446083527,-0.06472553112808917,-0.28085713641451787,False
352,0.15614244945757413,-0.05116843303647869,0.022631406660718445,0.00654024030211928,-1.0612434,1.0,0.35665726569665546,0.04331180970116831,0.022172641909317305,-0.2570523302470256,False
353,0.1930871037885732,0.06137936630387192,-0.27680118146626814,0.0230395609286265,2.2127094,1.0,0.1939832783958755,0.0032450300773426053,0.022172641909317305,0.007194993408566965,False
353,0.1930871037885732,0.02205181189553418,0.3733587216369696,-0.0618338252848421,1.0164248,1.0,0.21304021819143776,-0.003139876099158223,0.022172641909317305,0.007194993408566965,False
353,0.1930871037885732,-0.0018017156339562726,-0.14643931304088517,0.5532515604696931,1.0433089,1.0,0.3006864942756461,-0.0015279626922444288,-0.0007403692259254774,-0.1619424830097133,False
353,0.2901286264456969,-0.0018017156339562726,0.022631406660718445,0.5332744106207197,0.0036835968,1.0,0.3802696003566392,0.001968949210723308,0.022172641909317305,0.007194993408566965,False
353,0.1930871037885732,-0.0018017156339562726,0.022631406660718445,0.00654024030211928,0.58108884,1.0,0.1939832783958755,-0.06883879958215479,0.022172641909317305,0.5792731443755303,False
353,0.1930871037885732,-0.009796315556585191,0.022631406660718445,0.00654024030211928,0.69724435,1.0,0.1939832783958755,-0.014942205070290935,0.022172641909317305,0.5480762982821745,False
354,0.1930871037885732,-0.0018017156339562726,0.022631406660718445,-0.6365942080990769,-2.2460818,1.0,0.1939832783958755,-0.010495727102554833,0.12708891003763342,0.007194993408566965,False
354,0.2781967073366553,-0.0018017156339562726,0.022631406660718445,-0.44914462329722066,0.2368621,1.0,0.1759474582498042,-0.024100105313264494,-0.2453959468224323,-0.0654092595592314,False
354,0.14536244300043172,-0.011249927708649732,0.1596739768571535,0.00654024030211928,0.64114267,1.0,0.11627724613609947,0.015768353486696477,0.2468403234215392,-0.43318166350187065,False
354,0.1930871037885732,-0.0018017156339562726,0.022631406660718445,-0.16496680100866418,1.7799256,1.0,0.1939832783958755,-0.0015279626922444288,0.022172641909317305,0.12196992027857864,False
354,0.1930871037885732,-0.0018017156339562726,0.1818698585320181,-0.6198952456680131,-0.91664356,1.0,0.4367156492255887,-0.0015279626922444288,0.022172641909317305,0.007194993408566965,False
355,0.11888156434974481,-0.004608598717175056,0.022631406660718445,-0.2251546323308999,1.034219,1.0,0.1864973712703974,-0.0015279626922444288,-0.22948452322497845,0.2840788865908482,False
355,0.1930871037885732,-0.024779695401680048,0.022631406660718445,0.167169839731661,0.0880831,1.0,0.1939832783958755,-0.0015279626922444288,0.09517335135253978,0.007194993408566965,False
355,0.3120069696386017,0.017810184021916746,0.022631406660718445,0.6069114038170004,1.0810885,1.0,0.3796380891001656,0.01619354992728874,-0.06724547165937425,0.029839784565547502,False
355,0.15735353370445715,0.008072566072857886,-0.11848083230053277,-0.35390459894370524,1.7067736,1.0,0.1939832783958755,-0.0248504575209999,0.11596452596332274,-0.8484397293053734,False
355,0.1930871037885732,-0.0018017156339562726,0.3781858545593097,0.6640797335665172,0.3255581,1.0,0.19624212113903336,-0.0015279626922444288,0.20069907330723272,0.39379475231530997,False
356,0.12328615114424855,0.031824902187532735,0.0011927410942695234,0.11155771117720976,-1.3156191,1.0,0.09737919643587231,-0.0015279626922444288,0.022172641909317305,0.007194993408566965,False
356,0.23037478999106614,-0.0018017156339562726,0.022631406660718445,-0.16843467817931365,0.10329071,1.0,0.1939832783958755,0.026769526585412345,-0.13109850274317308,-0.4591562012664936,False
356,0.20035041898146996,0.008101082938848092,-0.24492251316297287,0.00654024030211928,-2.091379,1.0,0.07048184939386175,-0.03139070627677496,0.022205011448565584,-0.19420946261681998,False
356,0.1930871037885732,0.03793281310378924,0.022631406660718445,-0.4928656812300124,0.7507552,1.0,0.1939832783958755,-0.0015279626922444288,0.022172641909317305,0.7494641747998825,False
356,0.1930871037885732,-0.0018017156339562726,0.022631406660718445,0.00654024030211928,0.7246972,1.0,0.0942208942620817,-0.0015279626922444288,-0.3958800806066319,0.4122971916971215,False
356,0.1930871037885732,-0.016108487851101878,-0.49711100665237334,0.00654024030211928,1.2546321,1.0,0.1939832783958755,-0.0015279626922444288,0.11301940867533004,0.007194993408566965,False
357,0.15886020489966438,0.015059344306129208,0.022631406660718445,-0.42961273495173624,-0.9907135,1.0,0.23279988284651065,-0.0015279626922444288,0.022172641909317305,-1.1533706897083404,False
357,0.19640596854237183,-0.07726683403763655,0.2971846303121389,0.00654024030211928,1.1443642,1.0,0.24690048069333653,-0.0015279626922444288,-0.13930071700084307,0.007194993408566965,False
357,0.1930871037885732,-0.04577838183765999,0.022631406660718445,0.00654024030211928,2.203981,1.0,0.1939832783958755,0.01883736430626432,0.13481650271082077,0.23635267172491017,False
357,0.3020184639043224,-0.0018017156339562726,-0.21141489177412412,0.2110034370774465,-0.17620292,1.0,0.1939832783958755,-0.0015279626922444288,-0.15272528031470664,0.007194993408566965,False
357,0.1930871037885732,-0.014149956804728133,-0.03576483970374089,0.00654024030211928,-0.13551491,1.0,0.1939832783958755,-0.0015279626922444288,0.022172641909317305,0.007194993408566965,False
357,0.1930871037885732,-0.013331969397360872,0.022631406660718445,0.00654024030211928,-0.86477256,1.0,0.1939832783958755,-0.0015279626922444288,0.003863641538782197,0.007194993408566965,False
357,0.1930871037885732,-0.028499648749022465,0.15320479774730625,0.00654024030211928,0.36436084,1.0,0.32141298263186757,-0.0015279626922444288,0.022172641909317305,0.15300946124062542,False
357,0.2582175658280993,0.004176529576689987,0.022631406660718445,0.00654024030211928,2.013081,1.0,0.23060314507822396,-0.0015279626922444288,-0.3692381541388472,-0.738536047423671,False
357,0.22195298593407364,-0.0018017156339562726,0.022631406660718445,-0.24179556100196814,0.97807896,1.0,0.1939832783958755,0.005402744922035256,0.022172641909317305,-0.2626468130346317,False
357,0.1930871037885732,-0.0018017156339562726,0.4440831448694538,-0.3456021711551673,-0.026934564,1.0,0.1939832783958755,-0.006805617117875128,0.08995477648734206,0.007194993408566965,False
357,0.0699675167113972,-0.0018017156339562726,0.022631406660718445,0.00654024030211928,-0.44277567,1.0,0.1939832783958755,-0.011451334158468893,0.022172641909317305,-0.15724152831048366,False
357,0.23831510194217653,-0.00811457240661706,0.022631406660718445,0.00654024030211928,1.1222678,1.0,0.1939832783958755,-0.01545204153752798,-0.07283438535887744,0.007194993408566965,False
358,0.1930871037885732,-0.0018017156339562726,-0.01628472369147132,0.00654024030211928,-1.0238855,1.0,0.3416468249255888,0.03470765944788385,0.022172641909317305,0.4397707644655816,False
358,0.1930871037885732,0.008968076361321017,0.022631406660718445,0.1941746007076832,-1.0118722,1.0,0.24229105817315066,-0.0015279626922444288,0.18777230335512862,-0.6712355489336066,False
358,-0.009243807585309877,-0.00639724556319775,0.022631406660718445,0.17187057429129685,-1.4937737,1.0,0.12394288645549835,-0.05121077152164906,0.022172641909317305,-0.4672209397020556,False
358,0.1488482878117927,-0.0018017156339562726,0.011418910908607898,-0.42463072386179956,-1.5910758,1.0,0.1939832783958755,-0.0015279626922444288,0.4309223639653381,0.007194993408566965,False
358,0.2711410300077961,-0.0018017156339562726,0.010192625424843605,-0.11859998683776474,-0.308307,1.0,0.1939832783958755,-0.0015279626922444288,0.022172641909317305,0.044874258661402266,False
358,0.1930871037885732,-0.0018017156339562726,0.11050817282168372,-0.07629307879203465,-0.3888268,1.0,0.1939832783958755,-0.0015279626922444288,0.022172641909317305,-0.4010243707145013,False
359,0.1930871037885732,0.02426624606738082,0.022631406660718445,0.10414489736808177,-0.07319063,1.0,0.1939832783958755,-0.034639025843341144,-0.04422112188975405,0.007194993408566965,False
359,0.15717623268696074,-0.0018017156339562726,-0.19703304338258176,0.00654024030211928,1.0104811,1.0,0.1939832783958755,0.00336701506784453,0.01234360992218127,0.007194993408566965,False
359,0.1930871037885732,-0.0018017156339562726,-0.2871174368803038,0.00654024030211928,-0.38655528,1.0,0.1939832783958755,-0.042489826808011714,0.1776684819814437,0.007194993408566965,False
359,0.23836529530405265,0.04255387243029819,-0.2688754969019475,0.00654024030211928,-0.4536308,1.0,0.25440654210950475,-0.0015279626922444288,-0.18222117784555594,-0.6280420549919434,False
359,0.1930871037885732,-0.0018017156339562726,0.022631406660718445,-0.12293820840343364,-1.0686309,1.0,0.3838440338329949,0.018914370160111986,-0.06597625121244086,-0.06932542207952973,False
360,0.33103502920190275,-0.0018017156339562726,0.022631406660718445,0.00654024030211928,0.28066352,1.0,0.1939832783958755,-0.0015279626922444288,0.022172641909317305,0.007194993408566965,False
360,0.1930871037885732,-0.04752312645202089,0.022631406660718445,-0.42547170936644907,0.13368386,1.0,0.25070906318736275,-0.016444056969524657,0.022172641909317305,0.007194993408566965,False
360,0.1930871037885732,-0.0018017156339562726,-0.1278180427476821,0.026432846087116733,2.4485197,1.0,0.1939832783958755,0.03125742727608545,0.022172641909317305,0.007194993408566965,False
360,0.1930871037885732,-0.0018017156339562726,-0.20084959505532107,0.5183836390268359,-0.9324864,1.0,0.1789425947720682,0.04518808188448526,0.06552242429413116,0.13211592380542378,False
360,0.2847003378476728,0.013736429489413626,0.022631406660718445,0.1246643586637875,0.3770621,1.0,0.3415343018766602,-0.0015279626922444288,-0.126680446466355,0.24402155849030335,False
360,0.3382064997803741,-0.03879973088172074,0.022631406660718445,-0.895051950372256,-1.5371878,1.0,0.06499712709456246,-0.0015279626922444288,0.23907586655722965,-1.06154773441818,False
360,0.1930871037885732,-0.0018017156339562726,0.022631406660718445,0.00654024030211928,2.3382611,1.0,0.3100658962503488,-0.0015279626922444288,0.001056187135930576,0.007194993408566965,False
361,0.1930871037885732,-0.0018017156339562726,0.3347329424935008,-0.59501903124463,-1.6275349,1.0,0.1939832783958755,0.033364799545462585,0.022172641909317305,0.5268552928212645,False
361,0.1930871037885732,-0.0018017156339562726,-0.27090665918481066,0.00654024030211928,-0.99179894,1.0,0.1939832783958755,-0.0015279626922444288,0.022172641909317305,0.007194993408566965,False
361,0.20227694377297273,-0.0018017156339562726,0.022631406660718445,0.00654024030211928,1.6023483,1.0,0.1939832783958755,-0.020083420925693662,0.022172641909317305,0.007194993408566965,False
361,0.1930871037885732,-0.0018017156339562726,0.23960640126988508,0.00654024030211928,-0.0248636,1.0,0.3015179577113948,0.010765156611521673,0.022172641909317305,0.007194993408566965,False
361,0.1930871037885732,-0.0018017156339562726,-0.2473154575021952,-0.5834952257610562,-1.124709,1.0,0.1939832783958755,-0.029792308551899713,0.03780991734259425,-0.31241117899219184,False
361,0.1930871037885732,-0.0018017156339562726,0.022631406660718445,0.00654024030211928,0.04106441,1.0,0.1939832783958755,-0.0015279626922444288,-0.3346924280652836,0.007194993408566965,False
362,0.1930871037885732,-0.052909713994929525,0.022631406660718445,-0.03441720731839276,-0.71072334,1.0,0.274505652056626,0.012585113016373677,0.06493410886306053,0.007194993408566965,False
362,0.15335405914072875,-0.0018017156339562726,0.022631406660718445,0.00654024030211928,-0.9402618,1.0,0.1939832783958755,-0.0015279626922444288,0.022172641909317305,0.15549797982596414,False
362,0.2013081658905881,-0.0018017156339562726,-0.38104289513911815,0.5280290515442029,-0.9359375,1.0,0.1939832783958755,-0.0015279626922444288,0.022172641909317305,-0.6966304045043895,False
362,0.14840647247245864,-0.0018017156339562726,0.022631406660718445,-0.23767233795658035,-0.82553226,1.0,0.17492866380265687,-0.0015279626922444288,0.23814841032026624,0.007194993408566965,False
362,0.09907119224686729,0.01727275667328226,0.06962720900457015,0.07558352118443824,2.006483,1.0,0.1939832783958755,-0.0015279626922444288,0.022172641909317305,0.007194993408566965,False
362,0.15290475430591965,-0.0018017156339562726,0.022631406660718445,0.00654024030211928,1.6081221,1.0,0.1939832783958755,-0.03018379700199983,0.07883797492853335,-0.4531386225463748,False
362,0.1930871037885732,-0.0018017156339562726,0.036216239221227534,0.00654024030211928,1.0738776,1.0,0.1939832783958755,-0.0015279626922444288,0.022172641909317305,0.32009332631286735,False
362,0.1930871037885732,0.0036764930748077063,0.1661793905916496,0.14724892358809255,1.7845992,1.0,0.19835625143224248,0.07762583928899634,-0.19472644770763317,0.007194993408566965,False
362,0.1930871037885732,-0.010814461403366078,0.022631406660718445,0.00654024030211928,0.22538263,1.0,0.23242414384783242,0.0019241269361473666,0.022172641909317305,0.23702116621015862,False
362,0.15524712264529977,-0.005951054893652489,-0.43252003049346033,-0.027365441708808762,0.8922261,1.0,0.10060110488130093,0.031778597110350755,0.022172641909317305,0.007194993408566965,False
362,0.1930871037885732,-0.0018017156339562726,0.022631406660718445,0.00654024030211928,0.06277871,1.0,0.2064334449553205,0.0008719547333754562,-0.20078013303579004,0.0650763478198516,False
362,0.1930871037885732,0.03597625623648375,0.022631406660718445,0.00654024030211928,0.5021543,1.0,0.1939832783958755,-0.0015279626922444288,0.022172641909317305,0.09773091664214767,False
362,0.1930871037885732,-0.0018017156339562726,-0.25502318958332626,-0.55071936376429,2.0506022,1.0,0.1939832783958755,0.0447426014415314,0.022172641909317305,-0.1966335831912676,False
362,0.1930871037885732,-0.0018017156339562726,0.022631406660718445,0.00654024030211928,1.0848528,1.0,0.2418052431060789,-0.002746397236298117,0.022172641909317305,0.007194993408566965,False
362,0.1930871037885732,-0.003711437493628473,-0.10410665884022477,0.00654024030211928,1.4528111,1.0,0.4779692598163029,-0.014480358574672836,0.022172641909317305,-0.8028324337583669,False
363,0.1930871037885732,-0.0018017156339562726,-0.0006126284080975562,-0.13520557143694983,1.0001229,1.0,0.1939832783958755,-0.0015279626922444288,-0.19010250784912702,0.007194993408566965,False
363,0.1930871037885732,-0.0018017156339562726,-0.2690660180719801,0.00654024030211928,0.033973604,1.0,0.1939832783958755,-0.07538246983061105,0.01960426287928403,0.007194993408566965,False
363,0.1930871037885732,-0.011992934301597931,0.022631406660718445,0.27074789695351315,0.8270384,1.0,0.1939832783958755,-0.0015279626922444288,0.25043924371821774,0.9317846711263735,False
363,0.1930871037885732,0.060960966101980193,-0.15436056190350378,-0.01796550938614364,0.44224235,1.0,0.1939832783958755,-0.0015279626922444288,0.12487228963129089,-0.05756428149699504,False
363,0.1930871037885732,-0.009770022425809557,0.30457715520478157,0.00654024030211928,0.25320908,1.0,0.1939832783958755,-0.0015279626922444288,0.15107575653064617,0.6519630566163996,False
364,0.1790656717468237,-0.0018017156339562726,0.022631406660718445,0.00654024030211928,-2.202221,1.0,0.1939832783958755,-0.037083436100424666,0.01706837285578507,0.007194993408566965,False
364,0.1765464690519359,-0.0018017156339562726,0.09061015972192941,-0.1250201785435453,-1.5905554,1.0,0.34648898459753763,-0.0015279626922444288,0.022172641909317305,0.4066632529571028,False
364,0.07026014145356005,-0.0018017156339562726,-0.38522264907095455,0.00654024030211928,-1.2497491,1.0,0.06808010945692194,-0.0015279626922444288,0.022172641909317305,0.007194993408566965,False
364,0.1930871037885732,-0.0018017156339562726,0.3203294603287453,-0.4724115889167582,1.2306538,1.0,0.4332539519099966,-0.0015279626922444288,-0.20700464195434282,0.007194993408566965,False
364,0.1930871037885732,0.006327542427215276,-0.0032041652407892723,-0.3263603796074767,0.35083443,1.0,0.1939832783958755,-0.04049303477185131,0.08772441490499655,0.007194993408566965,False
365,0.3240733713804592,-0.0018017156339562726,-0.09489831720041697,0.11207767494620174,-0.11586875,1.0,0.1939832783958755,-0.0015279626922444288,0.022172641909317305,-0.5895889535026826,False
365,0.17784173377739318,-0.0018017156339562726,0.022631406660718445,0.00654024030211928,-0.56142557,1.0,0.24463597336149057,-0.011021450194308597,-0.10875246384263296,0.007194993408566965,False
365,0.1930871037885732,-0.015367350636740537,0.02455175300443335,0.00654024030211928,0.001704216,1.0,0.1939832783958755,0.023723745762478696,-0.056842938184637065,0.13404548913133105,False
365,0.19887791717788897,-0.0018017156339562726,0.15451984711811706,0.00654024030211928,0.27169096,1.0,0.35475107166540043,0.013252127250957837,0.022172641909317305,0.007194993408566965,False
365,0.1930871037885732,-0.0018017156339562726,-0.09214627557165513,-0.5188899344700808,-0.79127526,1.0,0.1996498421740356,-0.0015279626922444288,0.022172641909317305,0.007194993408566965,False
365,0.06569887838368607,-0.06507120201786402,0.022631406660718445,-0.1976329856792354,-1.2938597,1.0,0.1823529245242661,-0.06372362086688389,0.42142720159486163,-0.592427270581262,False
365,0.1930871037885732,-0.0018017156339562726,0.022631406660718445,0.13497634939653705,-1.3837385,1.0,0.13378349669145664,-0.0015279626922444288,-0.09358266389964691,-0.04846869260731444,False
365,0.19042453088806643,-0.0018017156339562726,0.23087981963554202,0.00654024030211928,-2.1793852,1.0,0.1939832783958755,-0.0015279626922444288,-0.17659925216537853,0.007194993408566965,False
365,0.2925673161099094,-0.0018017156339562726,-0.108760828578436,0.00654024030211928,0.40597528,1.0,0.26549188910184557,-0.0015279626922444288,0.022172641909317305,0.007194993408566965,False
365,0.07943520857991254,0.028230418596526766,-0.01744276527226872,-0.3175005469144658,-0.9738583,1.0,0.20941589371225955,0.048303505540454525,0.342589247412284,0.007194993408566965,False
365,0.13061490112769517,-0.0018017156339562726,0.022631406660718445,0.00654024030211928,-0.065769434,1.0,0.1939832783958755,-0.0015279626922444288,0.022172641909317305,0.09828092497509813,False
365,0.1930871037885732,-0.0018017156339562726,-0.2431890876294387,0.00654024030211928,0.09328612,1.0,0.1939832783958755,-0.012998495947382149,-0.2033158042391069,0.3507258867694593,False
365,0.15403986712622586,-0.013324008490793009,-0.0024963060412240834,-0.3536618075805479,0.61348516,1.0,0.26441579611282207,-0.051344822775486715,-0.10027304647161443,-0.6149448626997741,False
366,0.20343556051581385,-0.013631157741661355,0.022631406660718445,0.00654024030211928,-2.091379,1.0,0.1939832783958755,-0.0015279626922444288,-0.49688796428147325,0.007194993408566965,False
366,0.1930871037885732,-0.0018017156339562726,0.5726481066444011,0.11002643173794874,-0.7497038,1.0,0.12594252241530424,-0.0015279626922444288,0.022172641909317305,0.007194993408566965,False
366,0.1930871037885732,-0.0018017156339562726,0.022631406660718445,0.00654024030211928,-1.6480386,1.0,0.2945818448703379,0.03966624592690583,-0.04045722946158786,0.510349637658458,False
366,0.23255276352304213,-0.0018017156339562726,-0.4102657259580211,0.2073575345078034,-0.999244,1.0,0.1939832783958755,-0.013322781932312303,0.15106847146430535,0.007194993408566965,False
366,0.13686380862976663,0.005483449219932869,0.4128993058919742,-0.341217562182703,0.8084885,1.0,0.21109790931527161,0.03419063941791184,0.022172641909317305,0.007194993408566965,False
366,0.1930871037885732,-0.015562013600911088,0.290833814400339,0.6296667219197537,-1.1790462,1.0,0.22806717512972402,-0.06354476534977364,0.16706711105678715,0.013962717504385797,False
366,0.23220619685398966,-0.0018017156339562726,0.022631406660718445,0.00654024030211928,0.9038372,1.0,0.3590972439857203,-0.0015279626922444288,0.022172641909317305,-0.07901285935501896,False
367,0.1930871037885732,-0.0018017156339562726,0.022631406660718445,-0.2157292944877591,0.964259,1.0,0.1939832783958755,-0.010908183329587595,0.07939385377238906,0.007194993408566965,False
367,0.1072268252842463,-0.06598079159599937,0.022631406660718445,-0.45713438160340075,-1.6003144,1.0,0.1939832783958755,-0.0015279626922444288,0.022172641909317305,0.007194993408566965,False
367,0.13217083045216313,-0.0018017156339562726,0.022631406660718445,-0.39909399740700363,-0.20514429,1.0,0.1939832783958755,0.01631115784359685,-0.08239662495330591,0.4130438337191133,False
367,0.1930871037885732,-0.0018017156339562726,0.022631406660718445,-0.47557626489219545,2.779182,1.0,0.3264911484389069,0.008850437172582177,0.022172641909317305,0.007194993408566965,False
367,0.1930871037885732,-0.021071239977152524,0.022631406660718445,0.00654024030211928,-1.5025085,1.0,0.24433375033478213,0.026236957888470223,-0.012554199007997136,-0.36748266173708377,False
368,0.10862423077176915,-0.0018017156339562726,0.022631406660718445,0.00654024030211928,-0.58888155,1.0,0.1939832783958755,0.003495906247009737,-0.2633105393576859,0.007194993408566965,False
368,0.1930871037885732,-0.0023472622770736662,0.15473745914174608,0.00654024030211928,-0.2687741,1.0,0.3237900624850324,-0.0015279626922444288,-0.14909140730348255,-0.28767939453312463,False
368,0.1930871037885732,-0.0018017156339562726,0.022631406660718445,0.00414751323765203,-0.16621381,1.0,0.26506645698990605,-0.0015279626922444288,0.022172641909317305,0.007194993408566965,False
368,0.37442014194370726,-0.0018017156339562726,0.022631406660718445,0.6391729542161885,-0.2687741,1.0,0.1939832783958755,-0.0015279626922444288,-0.4485512077750516,0.007194993408566965,False
368,0.2544697375488761,-0.0018017156339562726,-0.2653341143733868,0.00654024030211928,1.4641039,1.0,0.2788651362555022,0.06764408238181219,0.022172641909317305,0.007194993408566965,False
368,0.3356459168595316,-0.0018017156339562726,0.12045137210420107,0.00654024030211928,-1.4170334,1.0,0.1939832783958755,0.07618446345182463,0.022172641909317305,0.12169088953024396,False
368,0.1930871037885732,-0.04423348126126853,0.2182654232787477,0.51403283507958,0.8354042,1.0,0.1939832783958755,0.0012895657954287857,-0.37878063530702866,0.007194993408566965,False
369,0.1930871037885732,-0.021236104234444823,0.022631406660718445,0.00654024030211928,0.394203,1.0,0.22122095933017538,-0.0015279626922444288,0.022172641909317305,0.007194993408566965,False
369,0.23942593306996665,-0.00954227394966305,0.022631406660718445,0.00654024030211928,-1.2750187,1.0,0.26836318291172595,0.0021253027153331915,0.022172641909317305,0.007194993408566965,False
369,0.1930871037885732,-0.0018017156339562726,0.022631406660718445,-0.521551387184217,2.0637648,1.0,0.2767899597612931,-0.0015279626922444288,0.022172641909317305,0.31276321840086907,False
369,0.23790465697685553,-0.0018017156339562726,0.022631406660718445,-0.06433880825370512,-0.034662247,1.0,0.13688260324748194,-0.01621214866716114,0.08168143287042608,0.007194993408566965,False
369,0.1930871037885732,0.024511086192036603,-0.04184028219562598,0.00654024030211928,-1.8949034,1.0,0.18720958341213814,0.006633860078608247,0.13269329109351752,0.04067229072566336,False
369,0.1930871037885732,-0.0018017156339562726,0.022631406660718445,0.00654024030211928,-0.10995579,1.0,0.14466557685437295,-0.0015279626922444288,0.022172641909317305,0.3999140283887874,False
369,0.2768220604485321,0.017350421690031016,-0.04963270602427512,0.3969103030931195,0.37896484,1.0,0.29162734611112806,-0.0015279626922444288,0.022172641909317305,0.3061248818021338,False
369,0.1930871037885732,-0.003331465335753258,0.022631406660718445,0.00654024030211928,0.10748318,1.0,0.1939832783958755,0.015530178560677947,-0.26303698365372347,0.007194993408566965,False
369,0.19110163357568852,-0.0018017156339562726,0.03884317655264492,-0.07036970215321312,0.07625224,1.0,0.41849807322594745,-0.0015279626922444288,0.022172641909317305,-0.34598004123575304,False
369,0.059217937761100514,0.04538891933288549,0.23299267275808316,-0.33895737763786565,2.0640495,1.0,0.2030903672093681,-0.00681952249902266,0.022172641909317305,0.007194993408566965,False
369,0.17347275835051756,-0.0018017156339562726,0.0040355541055576045,0.00654024030211928,1.4431529,1.0,0.0834107583713514,0.0566401741848121,0.07898845494679145,-0.1582235775024278,False
370,0.05985736202615069,-0.0018017156339562726,-0.43459084172399287,-0.4096849786007241,-1.4169924,1.0,0.13454282938216366,0.02051515323650809,0.022172641909317305,0.007194993408566965,False
370,0.1278485899351247,-0.003214972395651183,-0.14029425143259433,-0.045773238713865405,1.8157678,1.0,0.31160361230759265,-0.0015279626922444288,0.022172641909317305,-0.1203268631797523,False
370,0.1930871037885732,-0.0018017156339562726,0.022631406660718445,0.00654024030211928,1.9703504,1.0,0.1939832783958755,-0.05302636329648047,0.034120445719309944,-0.24290413184239026,False
370,0.30507910997869525,-0.0018017156339562726,0.022631406660718445,0.00654024030211928,-0.23440507,1.0,0.1939832783958755,-0.01314854123860018,0.022172641909317305,-0.07831222501185509,False
370,0.19212727455540735,-0.021589448227505446,0.022631406660718445,0.00654024030211928,0.59612775,1.0,0.1939832783958755,-0.029996322257538004,-0.2850983100686494,0.018114464637226872,False
370,0.1930871037885732,-0.0018017156339562726,-0.37137073084897376,-0.23954633878958653,-1.6224743,1.0,0.2028781953496915,-0.0027221101398960295,0.022172641909317305,-0.2618709066346513,False
370,0.19128919829397922,0.04704162816448654,0.6418509674641164,-0.28916036143889445,1.6645005,1.0,0.1939832783958755,-0.0015279626922444288,0.022172641909317305,-0.31893993796663,False
370,0.1930871037885732,0.018304567192830853,-0.024136886013710904,0.5318949567858885,-1.4533654,1.0,0.1939832783958755,-0.012867498100680745,0.022172641909317305,0.007194993408566965,False
370,0.3045839176693168,0.04074044420044397,0.022631406660718445,0.00654024030211928,-1.4206095,1.0,0.05791275691651418,-0.0015279626922444288,0.32735296514366835,0.5762368559637664,False
371,0.2801020472007817,0.022279394000916473,0.022631406660718445,-0.06778748784214764,-1.5117905,1.0,0.1939832783958755,0.009315739218618738,0.022172641909317305,0.007194993408566965,False
371,0.1930871037885732,0.013976898123989279,0.022631406660718445,0.00654024030211928,-0.16579819,1.0,0.18336094921260435,0.0012012691467244386,-0.46673820522734893,0.007194993408566965,False
371,0.25829836229151626,-0.0018017156339562726,-0.42232390866718644,0.00654024030211928,-0.22620359,1.0,0.1939832783958755,-0.0015279626922444288,0.0393225316609257,0.13794327496899628,False
371,0.1930871037885732,-0.0018017156339562726,-0.21418570731579123,0.00654024030211928,-1.2996726,1.0,0.09373413160845746,-0.0015279626922444288,0.210889642559233,-0.38334078793917103,False
371,0.20277364390636374,-0.0018017156339562726,0.022631406660718445,0.00654024030211928,0.79609406,1.0,0.2306095688778246,-0.02727154870736718,0.022172641909317305,-0.006869615886552247,False
371,0.06366822498365055,0.027753015723610455,0.022631406660718445,0.00654024030211928,1.1596556,1.0,0.061040995099282874,0.030443057001613476,-0.12052724732703121,0.007194993408566965,False
371,0.1930871037885732,-0.0018017156339562726,0.40133103476289256,0.00654024030211928,-1.027339,1.0,0.1422727647810961,-0.03459815393880859,0.022172641909317305,-0.7995631222770962,False
371,0.18679147091985449,0.008120085231133778,0.022631406660718445,0.00654024030211928,-0.82212496,1.0,0.2743635521294414,0.020369566889044583,0.16248158602601392,0.007194993408566965,False
372,0.1930871037885732,-0.0018017156339562726,0.022631406660718445,0.00654024030211928,1.0326326,1.0,0.1939832783958755,-0.0015279626922444288,0.06410208016845977,0.007194993408566965,False
372,0.1930871037885732,0.037490400491598214,0.03394696924919578,0.00654024030211928,-2.234246,1.0,0.1939832783958755,-0.015697781210956142,-0.13287843852362172,-0.1129843251868048,False
372,0.18885422188497747,-0.0018017156339562726,0.15234543890704505,0.00654024030211928,-1.271758,1.0,0.1939832783958755,-0.0015279626922444288,0.08098896147078795,0.007194993408566965,False
372,0.1930871037885732,0.03179940947043375,0.022631406660718445,-0.01660638266777498,0.7714164,1.0,0.27005712516636615,-0.0015279626922444288,-0.3093429718411612,0.4149780489508515,False
372,0.1930871037885732,-0.0018017156339562726,-0.039894779538174205,0.00654024030211928,-0.7215849,1.0,0.1939832783958755,-0.01712053008567505,0.3157153691133749,0.007194993408566965,False
373,0.323527699413506,0.06528584616801068,0.092966937528415,-0.0765036131769315,0.95352113,1.0,0.1939832783958755,0.01574169937755513,0.022172641909317305,0.007194993408566965,False
373,0.1930871037885732,-0.0018017156339562726,0.022631406660718445,-0.07051522756657654,2.1868966,1.0,0.15787652412333303,-0.0015279626922444288,0.022172641909317305,0.5739825524981572,False
373,0.1930871037885732,-0.06157722732853858,0.022631406660718445,-0.10393081996450904,0.68440557,1.0,0.1939832783958755,-0.0015279626922444288,-0.018499064267215027,0.007194993408566965,False
373,0.2501924530910677,0.005712792628405584,0.10406731994726659,0.0239484647430412,-1.3258009,1.0,0.27724247990970025,-0.0015279626922444288,-0.04392230738817089,0.007194993408566965,False
373,0.2534570256829054,-0.059115432580458635,0.03090837131988506,0.3584196637837439,-0.9523761,1.0,0.1939832783958755,-0.0015279626922444288,0.4658112585990097,0.007194993408566965,False
374,0.1930871037885732,-0.0018017156339562726,0.1501949406845332,0.5948052086712384,-1.221875,1.0,0.1939832783958755,0.013393083056067562,0.022172641909317305,-0.22771126066082387,False
374,0.1930871037885732,0.022450072064914083,0.022631406660718445,0.00654024030211928,-0.4558744,1.0,0.25778712753843336,-0.03219960111502663,0.022172641909317305,0.007194993408566965,False
374,0.07274861603111861,-0.0123289102348796,0.022631406660718445,0.00654024030211928,0.0018735528,1.0,0.1939832783958755,-0.017395683854875225,-0.23697770645429986,0.007194993408566965,False
374,0.1930871037885732,0.006996089588139342,0.28917443395749654,0.20168653452283328,0.39377195,1.0,0.4071841637904704,-0.031919746068172224,0.23123463855204335,-0.9779233911733356,False
374,0.16794881645095783,-0.0018017156339562726,0.022631406660718445,-0.3718050258116982,-0.9334693,1.0,0.18994539898399568,0.046963957098024874,0.022172641909317305,-0.153941532910501,False
375,0.1930871037885732,-0.01967234350142057,0.022631406660718445,-0.15407346464538896,-0.23567128,1.0,0.1939832783958755,-0.022816759996784248,0.09045577352285378,-0.25760980936801364,False
375,0.21728093024612283,0.02043910540768107,0.022631406660718445,0.00654024030211928,-0.047236264,1.0,0.1939832783958755,-0.00017928153657841331,0.022172641909317305,0.007194993408566965,False
375,0.1930871037885732,0.00402190629143887,0.2528613090614779,0.00654024030211928,0.6287189,1.0,0.3641283272994783,-0.0015279626922444288,-0.08882029802823373,-0.18807493558018681,False
375,0.1966105077326317,-0.0018017156339562726,0.022631406660718445,-0.7668828073741452,-0.2767936,1.0,0.1939832783958755,0.004816860147332616,0.08089217834044489,0.007194993408566965,False
375,0.1930871037885732,-0.0018017156339562726,0.022631406660718445,0.046307986842450535,0.15579325,1.0,0.2029507561239719,0.013017478610658224,0.022172641909317305,-0.0983050365592434,False
375,0.1930871037885732,-0.0018017156339562726,0.022631406660718445,0.00654024030211928,-1.4748813,1.0,0.19174671915897448,-0.0015279626922444288,0.022172641909317305,0.007194993408566965,False
375,0.16450311793109057,0.006892029260145591,0.022631406660718445,-0.4173851081233038,0.5580783,1.0,0.295891356207883,0.0025131977466746097,-0.11015063093904195,0.007194993408566965,False
376,0.1930871037885732,-0.0018017156339562726,-0.5060181680375837,0.643737748653155,1.1058903,1.0,0.11308546257078851,0.028155498343547195,0.20246878853945488,0.007194993408566965,False
376,0.15394704624346825,0.018783856474412247,0.004734026348670154,-0.3699684301130812,-0.29068446,1.0,0.1939832783958755,0.002246574458222208,0.022172641909317305,0.007194993408566965,False
376,0.1282930201085059,-0.0018017156339562726,0.1231785212753854,0.00654024030211928,0.012228072,1.0,0.28063305876146727,0.012493759685750647,-0.5385093134766628,-0.44656574861407317,False
376,0.1175761246751598,-0.0018017156339562726,0.022631406660718445,0.00654024030211928,0.80304074,1.0,0.1939832783958755,0.05055861503439414,0.1644138840440028,0.007194993408566965,False
376,0.1930871037885732,0.03926614508835534,0.022631406660718445,-0.09395005727694475,-0.06528556,1.0,0.1939832783958755,0.010383854044686894,0.022172641909317305,0.007194993408566965,False
376,0.25916068493565764,-0.048344411144534,0.022631406660718445,0.6502083688882865,-0.4428081,1.0,0.1939832783958755,-0.023552621947230405,-0.12416798605004101,0.007194993408566965,False
377,0.1930871037885732,0.0050603198963182685,0.10795618523064726,0.22616790697180528,-0.683586,1.0,0.2515442865247734,-0.0015279626922444288,0.022172641909317305,0.007194993408566965,False
377,0.11944810154721094,0.027704071278787615,0.45748437245271567,0.00654024030211928,-0.9655931,1.0,0.1939832783958755,0.034020340252330555,-0.0895057964393395,0.007194993408566965,False
377,0.24970705591185682,0.03174022339856671,0.002593501159425759,0.00654024030211928,0.079488784,1.0,0.1939832783958755,-0.0015279626922444288,0.23971408518035645,0.007194993408566965,False
377,0.09103085621322288,-0.025098283625092505,-0.2492308440796704,0.22609651680674878,-0.21585411,1.0,0.1939832783958755,-0.0015279626922444288,-0.27938556974621537,0.12169260025880797,False
377,0.1930871037885732,-0.0018017156339562726,0.022631406660718445,0.00654024030211928,0.97396374,1.0,0.1939832783958755,-0.03237304145191325,0.42785151833026935,0.6947563856680039,False
377,0.1930871037885732,0.03945850113192921,0.022631406660718445,0.00654024030211928,-0.48767287,1.0,0.17860069108277932,-0.0415233572987826,0.022172641909317305,0.007194993408566965,False
377,0.1930871037885732,-0.0018017156339562726,0.022631406660718445,-0.12441160708733934,0.7278613,1.0,0.33253008328763706,0.005126004848226756,0.11546823447601642,0.08049923464650768,False
377,0.10987650342648875,-0.023086715675097496,0.022631406660718445,0.00654024030211928,-0.48956287,1.0,0.1939832783958755,-0.0015279626922444288,0.22020789582204894,0.007194993408566965,False
378,0.20769066564585278,-0.0018017156339562726,0.022631406660718445,0.268967192949929,-1.1020763,1.0,0.10007938427558463,0.014164805184017821,0.235147138531617,0.2647525312138236,False
378,0.1930871037885732,-0.0018017156339562726,0.022631406660718445,0.27832853885238,-1.8058945,1.0,0.3878224512373156,-0.0015279626922444288,0.16656882032102052,-0.15868241674238434,False
378,0.11310650676704122,-0.0010032030216701035,0.022631406660718445,0.00654024030211928,1.3784451,1.0,0.2593431712134951,-0.0015279626922444288,0.04487460311227759,-0.8163992392405981,False
378,0.17065185056822677,0.01932281915009915,-0.11356210602901329,-0.3264871754528267,-1.6309967,1.0,0.1939832783958755,-0.0015279626922444288,0.022172641909317305,-0.15912294754685796,False
378,0.29668985201671805,0.040721941675453927,0.022631406660718445,0.8307220193433846,-0.8384794,1.0,0.1939832783958755,0.03443231312147688,0.022172641909317305,0.4635807210180059,False
378,0.0907121747452127,-0.0018017156339562726,-0.326904260944264,0.00654024030211928,-2.4293368,1.0,0.19438906235773323,-0.04548113882977004,-0.1983211159441717,-0.3761794597793287,False
379,0.07159962359534496,-0.0018017156339562726,0.08955902487496997,0.8286435323089054,-0.43062973,1.0,0.2503173369954841,-0.0015279626922444288,0.40183655617964453,0.007194993408566965,False
379,0.13914319955000976,0.0016088811023784477,-0.08854860048662656,0.02930297012964874,-1.5027528,1.0,0.09950133364517132,-0.0015279626922444288,-0.2391708917677147,-0.49592354354907936,False
379,0.18273981228482578,-0.0018017156339562726,-0.13264443638640522,0.1024771647905931,-0.3194903,1.0,0.1939832783958755,-0.017992130457865987,0.022172641909317305,0.007194993408566965,False
379,0.11134867408137836,-0.0018017156339562726,0.022631406660718445,0.00654024030211928,0.39492595,1.0,0.11784615263263643,-0.01756357671032811,0.35591095183097143,0.007194993408566965,False
379,0.1930871037885732,-0.0018017156339562726,-0.16399270760417026,0.00654024030211928,0.15426642,1.0,0.1939832783958755,-0.0015279626922444288,0.022172641909317305,0.007194993408566965,False
379,0.1930871037885732,-0.0018017156339562726,-0.2994155949425123,0.14410506524399366,1.4444051,1.0,0.4062798084959832,-0.040796172211858765,-0.3350447249012885,0.007194993408566965,False
380,0.1930871037885732,-0.008898916239444943,0.022631406660718445,0.00654024030211928,0.61657333,1.0,0.1939832783958755,-0.05921485326257693,-0.07402795619455821,0.007194993408566965,False
380,0.15657091196552617,-0.011489766885334016,0.08066640111299134,0.00654024030211928,0.5493988,1.0,0.1939832783958755,-0.041072558609165,-0.022841558704664106,0.007194993408566965,False
380,0.16951578724620125,-0.0018017156339562726,0.14600084854149353,0.00654024030211928,0.4527947,1.0,0.1939832783958755,-0.0015279626922444288,0.022172641909317305,0.007194993408566965,False
380,0.21523915521251621,0.010803005064936148,0.022631406660718445,0.00654024030211928,1.0433089,1.0,0.19214309956110875,-0.0015279626922444288,-0.27469845363636275,0.015898993800058804,False
380,0.2667351453394588,-0.0018017156339562726,-0.34590365535272827,0.12689793840177824,1.1785642,1.0,0.1939832783958755,-0.06579148092139275,-0.10615553761697785,0.007194993408566965,False
380,0.1930871037885732,-0.02255299302348027,0.06911752645143981,0.00654024030211928,-1.2753673,1.0,0.1939832783958755,-0.0035223268047124036,0.1906260403598369,0.22382138480186853,False
381,0.1930871037885732,0.03371986781192322,0.022631406660718445,0.00654024030211928,1.0002067,1.0,0.1939832783958755,0.004493257936973517,-0.18081809552366399,0.21334226238528178,False
381,0.2531319693640067,-0.0018017156339562726,0.30757625374544406,0.31194527835052027,0.06719327,1.0,0.1939832783958755,0.05383725384659555,0.022172641909317305,0.7789040662595161,False
381,0.1930871037885732,-0.02987711221630341,0.11016904591721906,-0.17850144747520877,0.061670125,1.0,0.1939832783958755,-0.0015279626922444288,0.022172641909317305,0.007194993408566965,False
381,0.0741255609193825,-0.0419603299997091,-0.036246103610988956,-0.07320213305262149,0.5646694,1.0,0.3213914811699341,-0.011038122111651652,0.022172641909317305,0.007194993408566965,False
381,0.3364391162702064,0.05093404904404635,0.17142224409214152,0.6097876030437751,-0.14840883,1.0,0.1939832783958755,-0.0015279626922444288,0.022172641909317305,-0.4089712872700268,False
381,0.004219999644070466,-0.0018017156339562726,0.022631406660718445,0.00654024030211928,1.3697417,1.0,0.25192663579590796,-0.0015279626922444288,0.022172641909317305,0.007194993408566965,False
381,0.09162212935904684,-0.0018017156339562726,0.022631406660718445,0.00654024030211928,-2.0220828,1.0,0.1939832783958755,-0.0015279626922444288,0.022172641909317305,-0.32281313663099753,False
381,0.15403672932536933,-0.0018017156339562726,0.022631406660718445,0.00654024030211928,-0.40551522,1.0,0.1939832783958755,-0.0015279626922444288,0.022172641909317305,0.4974250469588535,False
382,0.19178582112753165,0.021213806286214724,0.022631406660718445,0.00654024030211928,-0.23400635,1.0,0.2450825035451042,-0.0015279626922444288,-0.12101931601149205,0.007194993408566965,False
382,0.09168363330965511,-0.0018017156339562726,0.022631406660718445,0.00654024030211928,-0.40632963,1.0,0.21065853740597598,-0.0015279626922444288,-0.2628328652621394,0.007194993408566965,False
382,0.3062909805844304,0.011263422399830587,-0.013115439143951621,0.00654024030211928,-0.24782716,1.0,0.108304960719414,-0.0015279626922444288,0.022172641909317305,0.6901283189251453,False
382,0.1930871037885732,-0.0018017156339562726,0.022631406660718445,0.00654024030211928,0.19853652,1.0,0.1939832783958755,0.02334825920923678,0.022172641909317305,-0.3947794834862492,False
382,0.18529055617682683,-0.02890316728255629,-0.3212642662302053,0.05074756498197014,1.1486619,1.0,0.1939832783958755,-0.0015279626922444288,0.022172641909317305,-0.07086645182976538,False
382,0.11788089598949467,-0.0018017156339562726,-0.0018179136166165712,0.00654024030211928,0.69724435,1.0,0.28490431466061533,-0.0015279626922444288,0.022172641909317305,0.007194993408566965,False
382,0.1930871037885732,-0.0018017156339562726,0.022631406660718445,-0.7504251242603828,1.5223423,1.0,0.20833302110298219,-0.0015279626922444288,-0.007332698413345263,0.007194993408566965,False
383,0.26807174162060193,-0.0018017156339562726,0.27440852772692503,0.00654024030211928,-0.8136737,1.0,0.19547564159071382,0.01944584769954896,-0.42774517533485734,0.007194993408566965,False
383,0.2672696937642029,-0.0018017156339562726,0.022631406660718445,-0.16531835167017542,0.21573608,1.0,0.34237137472035395,-0.015316601775940674,0.022172641909317305,0.007194993408566965,False
383,0.14293192230681898,-0.0018017156339562726,-0.1824492538346075,0.00654024030211928,-0.30658615,1.0,0.30948034865002244,-0.0015279626922444288,-0.2319180864703457,0.4098302483108534,False
383,0.2436096446416492,0.017044406904373758,0.022631406660718445,0.00654024030211928,-0.8798299,1.0,0.1939832783958755,-0.0015279626922444288,0.022172641909317305,0.007194993408566965,False
383,0.2759358416567487,-0.0018017156339562726,0.10123135990055973,0.0031700610943654673,0.33481163,1.0,0.1939832783958755,-0.0015279626922444288,0.09619132478259862,0.39662589889331257,False
383,0.1930871037885732,0.014075131545217546,0.022631406660718445,0.00654024030211928,-0.39738926,1.0,0.15403716219140995,-0.0015279626922444288,0.022172641909317305,0.007194993408566965,False
383,0.1930871037885732,-0.0018017156339562726,-0.032759136247605465,-0.5503799814718101,1.4763173,1.0,0.2635302936046036,0.007982171838816337,-0.2027583162440514,0.007194993408566965,False
384,0.1930871037885732,-0.0018017156339562726,0.022631406660718445,0.00654024030211928,-0.548444,1.0,0.24620534413738254,-0.019929677750157467,0.022172641909317305,0.007194993408566965,False
384,0.1930871037885732,0.007075415692518189,0.022631406660718445,0.00654024030211928,-1.0341964,1.0,0.1939832783958755,-0.04044267385775419,0.022172641909317305,-0.3531800973784063,False
384,0.1930871037885732,-0.0018017156339562726,-0.20677123737262304,0.00654024030211928,0.5152019,1.0,0.1630140301597401,-0.0015279626922444288,0.022172641909317305,0.007194993408566965,False
384,0.1930871037885732,-0.034362963201742425,0.029652896292519458,-0.11200432581050893,-2.7540421,1.0,0.29843104800236003,0.03340213468497245,0.022172641909317305,0.007194993408566965,False
384,0.03997610310830324,0.014864835922668712,0.022631406660718445,-0.5762820830073718,-1.906349,1.0,0.3687932692582741,-0.0015279626922444288,0.11090444761508747,-0.10074383482078544,False
385,0.20521963029361412,-0.0018017156339562726,-0.16421869493298655,0.3360273446896969,2.358775,1.0,0.1773426766979569,-0.0015279626922444288,0.022172641909317305,0.21436054626415096,False
385,0.210886912814904,-0.011121279222712017,-0.05381694915860154,0.00654024030211928,-0.4109423,1.0,0.1939832783958755,-0.0015279626922444288,0.022172641909317305,0.007194993408566965,False
385,0.1930871037885732,-0.014657485886027048,-0.3912442697700391,0.00654024030211928,1.0787691,1.0,0.1939832783958755,0.010604463037759412,0.022172641909317305,0.007194993408566965,False
385,0.1930871037885732,-0.0018017156339562726,0.022631406660718445,0.00654024030211928,-1.0693462,1.0,0.18238505493897472,-0.0015279626922444288,0.03461905219004685,0.007194993408566965,False
385,0.3656118692318313,-0.0018017156339562726,0.2663871059342035,1.2219939814863745,-1.2871138,1.0,0.1939832783958755,-0.04600336969354215,0.20582801357438701,0.007194993408566965,False
385,0.2878574922934011,-0.0018017156339562726,0.022631406660718445,0.11067500040715408,-0.10954717,1.0,0.3991385831247872,-0.0015279626922444288,-0.12041780554058323,-0.304769718481543,False
385,0.1266730292585223,0.057080330036553086,0.30214465919204997,-0.29614646330708777,-1.4118066,1.0,0.1693233506492433,-0.04229700499880077,0.022172641909317305,-0.19062361175348666,False
385,0.1983824643394248,-0.0018017156339562726,0.18093895454698056,-0.5546485589253752,0.8335251,1.0,0.12037830179037864,-0.0015279626922444288,0.022172641909317305,0.007194993408566965,False
386,0.1930871037885732,-0.0018017156339562726,0.22151243474392007,0.00654024030211928,2.0964062,1.0,0.1939832783958755,0.03876333863469926,0.022172641909317305,-0.009470769568515225,False
386,0.1930871037885732,-0.0018017156339562726,0.022631406660718445,-0.010825274468542301,-0.5086088,1.0,0.1939832783958755,0.016363879220868367,0.1992946061400658,-0.40890933705692145,False
386,0.2507012616238709,0.03216639979617783,0.022631406660718445,0.00654024030211928,-1.3128622,1.0,0.34116016882788214,-0.0015279626922444288,0.24521155032955463,0.007194993408566965,False
386,0.06883254894757829,0.013865150680685306,-0.34305675196300667,0.10238909711975626,2.3563094,1.0,0.3457954730193262,-0.0015279626922444288,0.022172641909317305,0.007194993408566965,False
386,0.09591880939611548,-0.0018017156339562726,-0.12003293879958282,0.00654024030211928,-0.12811391,1.0,0.1939832783958755,0.0329115434591107,0.022172641909317305,0.5484186259873777,False
386,0.172519968174261,-0.0018017156339562726,-0.018760343771242943,0.033296346237155765,1.7980511,1.0,0.24443199489075956,0.021142536054143585,0.022172641909317305,-0.4928644332903019,False
386,0.11423383997889783,-0.0018017156339562726,0.27881312115248813,-0.3437573312065261,-1.2120544,1.0,0.054073105761386325,-0.0015279626922444288,0.022172641909317305,0.9990372692166456,False
387,0.1930871037885732,-0.018573851055573267,0.02880339132467953,0.00654024030211928,-1.9710093,1.0,0.29277046277228796,0.011806099912824795,0.022172641909317305,0.17217973083542384,False
387,0.2667127150257936,-0.0018017156339562726,0.41404601260126234,-0.1703464441576271,0.5109947,1.0,0.177200000227147,-0.0015279626922444288,0.022172641909317305,0.007194993408566965,False
387,0.10576328930762605,-0.0018017156339562726,-0.11027648644968494,0.00654024030211928,-1.2812202,1.0,0.1939832783958755,-0.019029626068228472,0.022172641909317305,0.007194993408566965,False
387,0.1930871037885732,0.0018304912178288284,-0.24428855800656718,0.08963997647592999,1.6613344,1.0,0.15637431402004293,0.04603244654617556,0.08641279576205686,0.007194993408566965,False
387,0.1930871037885732,-0.0018809362009753403,0.09268159350708677,0.00654024030211928,1.4311544,1.0,0.1939832783958755,-0.0015279626922444288,-0.3447239351592936,0.007194993408566965,False
387,0.1930871037885732,0.051086135502644736,0.12695743757557001,0.00654024030211928,2.7285419,1.0,0.37809348496396616,-0.0015279626922444288,0.32596577928514386,-0.156396501196821,False
387,0.1930871037885732,0.022411222526461477,0.022631406660718445,0.00654024030211928,0.6016621,1.0,0.2884153701994421,0.014506412148168342,0.022172641909317305,0.007194993408566965,False
387,0.1393200234080085,-0.043435158354228766,0.022631406660718445,0.00654024030211928,0.31192046,1.0,0.3200193834531047,-0.0015279626922444288,0.022172641909317305,0.007194993408566965,False
387,0.1930871037885732,0.04384230002859918,-0.46770067016240197,0.005188601810846815,0.57684124,1.0,0.32319709402616265,-0.0015279626922444288,0.2206601355762074,0.007194993408566965,False
387,0.1930871037885732,0.02199295070515947,0.022631406660718445,0.00654024030211928,0.44300723,1.0,0.04517947699250208,-0.03608935100593323,-0.12561549069747838,0.007194993408566965,False
387,0.1930871037885732,-0.0018017156339562726,-0.012639072990666154,-0.02745687548172972,1.1133721,1.0,0.34445938359149036,0.005307285669203481,-0.1688076445317345,0.029033712925196253,False
387,0.1930871037885732,-0.019827329003335507,0.6723444322723144,-0.503147557049464,0.9021517,1.0,0.1939832783958755,-0.0015279626922444288,0.022172641909317305,0.007194993408566965,False
387,0.1930871037885732,-0.0018017156339562726,-0.42455148693418604,0.00654024030211928,-0.21675283,1.0,0.27816425709670617,-0.02320669227027438,0.022172641909317305,0.007194993408566965,False
388,0.30840586599626596,-0.0018017156339562726,0.022631406660718445,0.392755237082027,0.025440693,1.0,0.1939832783958755,-0.0015279626922444288,0.022172641909317305,-0.5329906637136483,False
388,0.2772806832540111,-0.0018017156339562726,0.022631406660718445,0.00654024030211928,-0.73393583,1.0,0.1939832783958755,0.056687786901495285,0.1027249175131186,0.007194993408566965,False
388,0.1930871037885732,-0.0018017156339562726,0.022631406660718445,0.00654024030211928,-1.4495945,1.0,0.11581411606275956,-0.0015279626922444288,0.10974770196080286,0.14826106112260445,False
388,0.15145912135365097,-0.0018017156339562726,-0.06640156016756375,0.16879192292473635,-1.178716,1.0,0.23959825313629687,0.03629764753148293,0.022172641909317305,-0.054203332292299386,False
388,0.10244677122423683,-0.0006839458764350025,0.022631406660718445,0.00654024030211928,-0.6940719,1.0,0.1939832783958755,-0.0015279626922444288,-0.09581980342189451,0.007194993408566965,False
388,0.1930871037885732,-0.0018017156339562726,0.022631406660718445,0.00654024030211928,0.5142287,1.0,0.25865283347939916,-0.0015279626922444288,0.022172641909317305,0.007194993408566965,False
388,0.15809079857018013,-0.0018017156339562726,0.22743903804338875,0.04474112932420962,1.1875948,1.0,0.1939832783958755,-0.0015279626922444288,-0.1376640346869008,-1.0562898283759237,False
388,0.1930871037885732,-0.00304925794445358,0.022631406660718445,0.00654024030211928,-1.8145851,1.0,0.1939832783958755,-0.0015279626922444288,0.2667259993949121,-0.1905800791713045,False
389,0.07898002132281651,-0.0018017156339562726,0.18488919009798788,-0.8978651476883657,0.3352677,1.0,0.1939832783958755,-0.0015279626922444288,0.022172641909317305,0.007194993408566965,False
389,0.150077939289048,-0.0018017156339562726,0.022631406660718445,0.00654024030211928,1.1987805,1.0,0.1939832783958755,-0.0015279626922444288,0.022172641909317305,-0.11776535654222234,False
389,0.151053329647751,-0.0018017156339562726,-0.16617246589404946,0.00654024030211928,-1.0891919,1.0,0.17095582916730193,0.0243951861929931,-0.08225325445762138,0.007194993408566965,False
389,0.1930871037885732,0.029581076720679264,-0.004042405860886035,-0.37234061405453517,-1.228946,1.0,0.2366091769818433,-0.0015279626922444288,0.24711971107954683,0.02537521069561246,False
389,0.23363384661911116,-0.0018017156339562726,-0.15170546370272847,0.00654024030211928,-0.88297373,1.0,0.2448550523279652,-0.0015279626922444288,0.046629007027023064,0.18714842377814428,False
389,0.21740310407253746,-0.0018017156339562726,0.05122777000169179,0.3870715287116484,1.738204,1.0,0.3562189859855146,0.00440255956283617,0.022172641909317305,0.4729938775468116,False
390,0.23205435325001156,-0.015306778578507076,0.321149851140458,-0.03976750957753164,0.3352765,1.0,0.19613697137904207,-0.0015279626922444288,-0.13689451907830355,0.1691116301520653,False
390,0.1930871037885732,0.09391080337472565,0.022631406660718445,0.00654024030211928,-0.8448707,1.0,0.1939832783958755,-0.0015279626922444288,-0.35645763164972416,-0.16717500111211014,False
390,0.20700187636781442,-0.0018017156339562726,0.3307607327097199,0.14067141611138123,-2.196395,1.0,0.1939832783958755,0.011214176439324161,-0.02672305082823959,0.04968764371580571,False
390,0.3464069400032198,-0.0018017156339562726,0.022631406660718445,0.00654024030211928,2.4574006,1.0,0.1939832783958755,-0.008861013350461449,0.24341472333772407,0.007194993408566965,False
390,0.1930871037885732,-0.0018017156339562726,0.022631406660718445,0.00654024030211928,-1.4144483,1.0,0.17721973780808814,-0.05266913431023345,0.18446913529653786,-0.4031440726007547,False
391,0.1930871037885732,-0.0018017156339562726,-0.3663157429339428,-0.5101598137108563,-1.1523485,1.0,0.33001750997417545,-0.0015279626922444288,0.29025820703561395,0.4917824089820944,False
391,0.19146276887852304,-0.0018017156339562726,-0.0170479756615231,0.00654024030211928,1.158076,1.0,0.1939832783958755,0.012190433618275313,0.215181590144146,0.007194993408566965,False
391,0.3283954744755623,-0.0018017156339562726,0.14559223870444732,-0.5511997263322925,-2.9921775,1.0,0.2200488004731314,-0.0015279626922444288,-0.2011794365916915,0.007194993408566965,False
391,0.1930871037885732,0.01948485379439382,0.022631406660718445,0.00654024030211928,-0.31215966,1.0,0.1939832783958755,0.0021387502818972295,0.022172641909317305,0.007194993408566965,False
391,0.27266549734362744,0.010246059936648119,0.022631406660718445,0.00654024030211928,0.42911088,1.0,0.2123398832289349,0.004149104502006663,0.022172641909317305,0.35009026011172795,False
391,0.1930871037885732,-0.00601419194366806,0.022631406660718445,0.1418290492190335,0.56609297,1.0,0.17198870231505506,-0.0015279626922444288,-0.018066246480416343,0.5107827431729941,False
391,0.1930871037885732,-0.03245240326572058,0.022631406660718445,0.30261444337337706,1.2041017,1.0,0.24059493913333768,-0.0015279626922444288,0.13055626028075917,-0.7513593775516778,False
391,0.1930871037885732,-0.0018017156339562726,-0.10774445951630737,0.00654024030211928,-0.07858488,1.0,0.34121609546231985,-0.0015279626922444288,-0.022405586006270708,0.007194993408566965,False
391,0.16742141396685042,-0.0018017156339562726,0.022631406660718445,0.00654024030211928,-1.4704499,1.0,0.16205316597883718,-0.0015279626922444288,0.04886333784899469,-0.23298143299086907,False
392,0.3294137404780855,-0.0018017156339562726,-0.012664746073378724,-0.09608029588089884,-0.9680798,1.0,0.1939832783958755,-0.0015279626922444288,-0.10014799104231283,0.39894812192276113,False
392,0.08980443415144762,0.01872480926318306,0.022631406660718445,0.00654024030211928,1.1451074,1.0,0.23179765974732594,-0.027140570509360345,-0.20080667915437062,0.007194993408566965,False
392,0.08755508137590017,-0.0018017156339562726,0.022631406660718445,0.00654024030211928,1.6734736,1.0,0.1939832783958755,-0.020603589986448838,0.3971399412014975,-0.6425009144241077,False
392,0.1930871037885732,-0.0018017156339562726,0.23185065466331334,0.00654024030211928,-0.9460833,1.0,0.25156934999880765,-0.0015279626922444288,0.022172641909317305,0.17094767868301314,False
392,0.3817499531298766,-0.0018017156339562726,0.022631406660718445,0.11394722064409663,-0.24476647,1.0,0.31494735222246123,-0.0015279626922444288,0.022172641909317305,0.007194993408566965,False
392,0.1930871037885732,-0.0018017156339562726,0.10711354781851258,-0.12971290286025375,2.043922,1.0,0.1939832783958755,-0.03476666900292288,0.041034009029309204,-0.36560038713642745,False
392,0.22515200062821117,0.024509548244972153,-0.2716053211125355,-0.21494546071635579,-1.466968,1.0,0.1939832783958755,-0.04516236888836231,-0.2503882555240781,0.007194993408566965,False
392,0.1981196305733378,-0.016261775585218234,-0.12022457862245686,0.00654024030211928,-2.097814,1.0,0.14074409836570673,-0.014293544026348576,-0.41995005682586833,0.007194993408566965,False
392,0.16343697947048774,0.00988716937810974,-0.4554431532442962,0.2377017207589019,0.08897889,1.0,0.1939832783958755,-0.05777218847104139,-0.11860359971579507,-0.10716169672602341,False
392,0.13772068402108292,0.01739466845327539,0.022631406660718445,0.00654024030211928,-0.4271158,1.0,0.1310153375930554,-0.0015279626922444288,-0.13675531287087542,-0.29083607091777103,False
392,0.24896103803230907,-0.0018017156339562726,0.6217305856343027,-0.2836886094965392,-0.32472122,1.0,0.21290238430652347,-0.0015279626922444288,0.11175442078367365,0.007194993408566965,False
392,0.24127165471781947,-0.0018017156339562726,0.017967628971322036,0.00654024030211928,-0.22563282,1.0,0.1752096898129106,-0.0015279626922444288,0.21008947505838785,0.2680888340976914,False
392,0.2941141221447824,-0.0018017156339562726,-0.3865121153376509,-0.0018138918044606038,-1.2219579,1.0,0.08977716238811144,-0.0015279626922444288,0.022172641909317305,0.007194993408566965,False
392,0.17490379022215835,0.036236494171868285,-0.049031255028477216,0.00654024030211928,-0.3057248,1.0,0.1939832783958755,-0.017805554313702513,0.022172641909317305,0.007194993408566965,False
393,0.1930871037885732,-0.0018017156339562726,0.022631406660718445,-0.8328600642728554,-2.5145125,1.0,0.2475435342390214,-0.0015279626922444288,0.1842735600349599,-0.5592943529336836,False
393,0.17927359113496488,-0.0018017156339562726,0.022631406660718445,0.11018814864235309,0.61797017,1.0,0.1939832783958755,-0.0015279626922444288,0.022172641909317305,0.007194993408566965,False
393,0.26399564669337994,-0.039206327929395504,0.09109056761656832,0.00654024030211928,2.025402,1.0,0.3593035514643634,-0.006833399717041305,-0.41302009602133255,0.09882554633299595,False
393,0.1930871037885732,0.015986241683766708,0.022631406660718445,-0.6716206783502592,-0.5256253,1.0,0.22341588564786377,-0.0015279626922444288,0.022172641909317305,-0.3012490754952826,False
393,0.1930871037885732,-0.004652496691317293,0.022631406660718445,-0.6636939579558361,0.16931817,1.0,0.21808288185009186,-0.06715956974764252,0.022172641909317305,0.007194993408566965,False
393,0.15472178530749817,-0.08938683154998732,0.2792449989686377,0.00654024030211928,-2.8368766,1.0,0.20643733995466365,0.025051746012152792,0.3654785162530065,0.08345937288812293,False
394,0.1930871037885732,0.03830925381294299,-0.23706612671032962,-0.4677338590547881,-0.9359375,1.0,0.32447675448452085,0.01549316173002013,0.016164277349459057,0.22535634510554994,False
394,0.12021311419204089,-0.017695215609623532,-0.0934739122187869,-0.49755115132672145,-1.0576056,1.0,0.1939832783958755,-0.0015279626922444288,0.022172641909317305,0.007194993408566965,False
394,0.1930871037885732,-0.0018017156339562726,0.022631406660718445,0.00654024030211928,-0.032908037,1.0,0.3086316383779052,0.04637956300428365,-0.10929110038757225,-0.940651056378045,False
394,0.1930871037885732,0.013122719180378755,0.022631406660718445,0.00654024030211928,0.17573845,1.0,0.1652675393986679,-0.0010484448156861236,0.18192010326204708,0.007194993408566965,False
394,0.2358867418267691,-0.011109333932842174,0.022631406660718445,-0.365515887080374,0.48177126,1.0,0.2892954459670027,-0.051008468562351375,-0.26457205538372336,0.007194993408566965,False
395,0.10215739116665795,-0.0018017156339562726,0.022631406660718445,0.00654024030211928,2.4993968,1.0,0.1939832783958755,-0.035915077564396825,-0.024749592673046644,0.6429233484932702,False
395,0.17194174438637858,-0.0018017156339562726,-0.3296134630329042,-0.2853715345347711,-0.7391378,1.0,0.1939832783958755,-0.0015279626922444288,0.08692108274012517,0.13557053084918919,False
395,0.1930871037885732,-0.0018017156339562726,-0.16621359340895286,0.40418288364937993,-1.7872899,1.0,0.1939832783958755,-0.021535217120552598,0.19515957517821003,0.007194993408566965,False
395,0.1930871037885732,0.031716782150891,0.022631406660718445,0.00654024030211928,1.7931876,1.0,0.41516753102258064,-0.0015279626922444288,-0.15883469103653342,0.007194993408566965,False
395,0.3305972792614886,-0.0018017156339562726,0.022631406660718445,0.00654024030211928,-0.28995073,1.0,0.2336434936568596,-0.0015279626922444288,0.21716806291919413,0.007194993408566965,False
395,0.2044457825635258,-0.04235180171790673,0.21006348009965511,0.00654024030211928,1.133201,1.0,0.1939832783958755,0.010058212299831379,0.03452701727479708,0.2777312100548349,False
395,0.1930871037885732,-0.0018017156339562726,0.022631406660718445,0.00654024030211928,-1.0698259,1.0,0.2620224588710945,-0.02260861220580833,0.022172641909317305,-0.3936569543604154,False
396,0.23922105605078245,-0.0018017156339562726,-0.09485404773014136,0.00654024030211928,-0.3995921,1.0,0.1939832783958755,-0.0015279626922444288,0.23208349019100546,0.007194993408566965,False
396,0.20559161620342506,-0.0018017156339562726,0.022631406660718445,0.00654024030211928,-0.82743454,1.0,0.22944632837052237,-0.0015279626922444288,0.13968342440049353,0.007194993408566965,False
396,0.21015151841441176,-0.0018017156339562726,0.022631406660718445,0.00654024030211928,2.094394,1.0,0.1939832783958755,0.037222967434629564,0.022172641909317305,0.007194993408566965,False
396,0.27160927998329965,-0.04478700596384508,0.022631406660718445,0.21365657353937498,-1.3847941,1.0,0.1939832783958755,-0.0015279626922444288,0.022172641909317305,-0.22146331596024457,False
396,0.1930871037885732,0.05128912355505599,-0.08918575596290054,1.2938439524874588,-1.4431331,1.0,0.2002557838158666,-0.031222199072138506,-0.044531741709684686,0.007194993408566965,False
397,0.18945982413051568,0.002607217365665415,0.6197053376203756,0.00654024030211928,0.24197459,1.0,0.1939832783958755,-0.0015279626922444288,0.022172641909317305,0.2815523588926803,False
397,0.1930871037885732,-0.02359668660761288,-0.3703318039091108,0.00654024030211928,-0.8446471,1.0,0.1939832783958755,-0.007909236480075662,0.022172641909317305,-0.13463701662152763,False
397,0.1930871037885732,-0.0018017156339562726,0.022631406660718445,0.00654024030211928,-0.70599455,1.0,0.23180620324857204,-0.0015279626922444288,0.29224748851093807,0.07112070672169322,False
397,0.1930871037885732,-0.0018017156339562726,0.022631406660718445,-0.13377533806212266,0.83651567,1.0,0.12218417342526404,-0.0015279626922444288,0.022172641909317305,0.007194993408566965,False
397,0.1930871037885732,0.030865375180013338,-0.2734832960480243,0.4912054067899339,-1.6524863,1.0,0.1939832783958755,0.04892993736127281,-0.08576580722081364,-0.2229852820065355,False
397,0.1851494028542339,-0.0018017156339562726,0.24869686608244615,0.3104370486102897,1.3027954,1.0,0.3080587709317668,-0.019643820682068266,-0.17569613799747358,0.007194993408566965,False
397,0.1930871037885732,0.0011629108413456174,0.2073970008221445,-0.11654015736911537,2.5457392,1.0,0.03341772825785297,0.06602408157221318,-0.27126674853042,0.007194993408566965,False
397,0.1930871037885732,0.006275335412406048,0.2534494091787978,0.00654024030211928,2.2953901,1.0,0.2100743426852456,0.044975252464549684,0.022172641909317305,0.32466654054623734,False
398,0.1930871037885732,-0.0018017156339562726,0.022631406660718445,0.5619076269830673,-0.43433103,1.0,0.1939832783958755,-0.0015279626922444288,0.014327049691028599,0.007194993408566965,False
398,0.19122067819011762,-0.04206601604517047,0.022631406660718445,-0.037429922685305775,-1.9827342,1.0,0.1939832783958755,-0.036640913440960154,0.1460712572896081,-0.5062890663093195,False
398,0.1930871037885732,-0.0018017156339562726,0.022631406660718445,0.00654024030211928,1.5131407,1.0,0.201629824275407,-0.01634090394285557,0.02667035178005141,0.007194993408566965,False
398,0.1930871037885732,0.010622533395952309,-0.42958425743104306,0.00654024030211928,-1.353911,1.0,0.1939832783958755,-0.024230750793376603,0.022172641909317305,0.007194993408566965,False
398,0.1930871037885732,-0.0018017156339562726,0.40930876100288327,0.44521714409940216,1.61156,1.0,0.1939832783958755,-0.026291154823252453,0.022172641909317305,0.03262745315908809,False
399,0.18857261093833924,-0.0018017156339562726,0.022631406660718445,0.00654024030211928,1.0195445,1.0,0.38710619758184506,-0.026246955739772638,-0.11147860003341456,0.007194993408566965,False
399,0.06933049733021515,0.04060400183370561,0.022631406660718445,0.18896650276118837,0.042981774,1.0,0.1939832783958755,0.04128460934529063,0.022172641909317305,-0.6325675508179215,False
399,0.16623693804219403,-0.0018017156339562726,0.022631406660718445,-0.05812870991944674,0.05942362,1.0,0.18745373536656823,-0.0015279626922444288,0.022172641909317305,-0.10307184520856756,False
399,0.1930871037885732,-0.0018017156339562726,0.07711033504995879,-0.7211699170348576,0.07625224,1.0,0.1939832783958755,-0.0015871013331626661,0.022172641909317305,0.007194993408566965,False
399,0.222772994073964,-0.0018017156339562726,0.022631406660718445,0.00654024030211928,0.2824474,1.0,0.1624412540472453,-0.0015279626922444288,0.022172641909317305,0.007194993408566965,False
399,0.22325782057041565,-0.035588900893000444,-0.04239209905121705,0.6285752408182999,-0.33950472,1.0,0.1939832783958755,0.026653028165390984,0.022172641909317305,0.007194993408566965,False
399,0.12074541042395612,-0.0032523491598387038,0.03157158350384063,0.00654024030211928,0.93848526,1.0,0.26513013937291374,-0.0015279626922444288,0.14774649096532447,0.007194993408566965,False
399,0.1930871037885732,-0.023892740107513678,0.16514971442441503,-0.09414862129881522,0.82971996,1.0,0.1939832783958755,-0.0015279626922444288,0.022172641909317305,-0.1187920393703712,False
399,0.24799930588706665,-0.008281682014223215,0.022631406660718445,-0.06247699829041263,-1.1504304,1.0,0.1939832783958755,0.05227061365179809,0.022172641909317305,0.007194993408566965,False
399,0.20390966142107747,-0.0018017156339562726,0.3497777921056639,0.00654024030211928,2.7870414,1.0,0.1459222783180685,-0.0015279626922444288,-0.10573755815472743,-0.5626001720904799,False
400,0.1521018590142528,-0.025429298565586206,-0.1249872479588782,0.00654024030211928,1.0299344,1.0,0.1939832783958755,0.03887096894390448,0.458834798201016,0.007194993408566965,False
400,0.21859199658550404,0.036068839601758884,-0.13697860332003353,0.00654024030211928,-0.23207334,1.0,0.1939832783958755,-0.011619258451833092,0.2410584968742613,0.007194993408566965,False
400,0.1930871037885732,-0.0018017156339562726,-0.23532954949400714,-0.09866812636228645,-0.8062003,1.0,0.1890723673236986,0.03815144946768908,0.022172641909317305,-0.4098340404434911,False
400,0.2652782819612536,-0.0018017156339562726,0.09020453620159921,0.00654024030211928,-0.25084767,1.0,0.1939832783958755,-5.498520463851405e-05,0.19498760080089547,-0.5240172736212344,False
400,0.13736918161418682,-0.0018017156339562726,-0.16294469525775102,0.00654024030211928,-0.6528075,1.0,0.1939832783958755,-0.0015279626922444288,0.022172641909317305,-0.4394134836757721,False
400,0.1930871037885732,0.014973723622836659,0.022631406660718445,0.00654024030211928,2.1529777,1.0,0.1995661938759777,-0.0015279626922444288,-0.3766205497461717,0.20879079624376287,False
401,0.16449769167328337,-0.0018017156339562726,-0.005594991435174716,-0.11592772479581294,0.26297092,1.0,0.21632268845371735,-0.0015279626922444288,0.022172641909317305,0.007194993408566965,False
401,0.1929918112196178,-0.017944225483432764,-0.41787727334961466,0.00654024030211928,-0.569666,1.0,0.1939832783958755,-0.0015279626922444288,-0.050687344823376626,0.007194993408566965,False
401,0.14945342148670424,-0.07223293155476176,0.022631406660718445,-0.29522938949490074,-0.8154103,1.0,0.1939832783958755,-1.4558343037989743e-05,0.15028752600597392,0.007194993408566965,False
401,0.2903731840487052,-0.014037642128818618,-0.12243588292246657,0.00654024030211928,1.3838513,1.0,0.2398975458752728,-0.0015279626922444288,0.022172641909317305,-0.5086346571629828,False
401,0.1930871037885732,-0.0018017156339562726,0.022631406660718445,0.6198158871725268,-0.85370284,1.0,0.1799559034922462,-0.014381232220477724,-0.16048979569360527,0.007194993408566965,False
402,0.14251775549741635,0.018412074146656437,0.022631406660718445,-0.19611674569607743,-0.3894898,1.0,0.1939832783958755,-0.006859878952800972,0.028177479746129372,0.007194993408566965,False
402,0.17031450262066877,-0.05276573385356694,0.022631406660718445,0.007888904203181057,-1.074702,1.0,0.1939832783958755,0.00784956148924718,0.022172641909317305,-0.017014816371930513,False
402,0.1930871037885732,-0.0645780738327146,0.022631406660718445,0.05837192570670209,-0.7181128,1.0,0.1939832783958755,-0.08537858862361326,0.022172641909317305,0.007194993408566965,False
402,0.1930871037885732,-0.04268205161488626,0.18673701977125212,0.24877751065546322,1.08175,1.0,0.08802430993334216,-0.0015279626922444288,0.022172641909317305,0.007194993408566965,False
402,0.22685809013794955,-0.012137327094856005,0.022631406660718445,-0.1448570771391054,-0.08209385,1.0,0.1939832783958755,-0.0015279626922444288,-0.13288268083133023,-0.8810211735811779,False
402,0.14200084288770515,-0.011241548255159304,0.022631406660718445,-0.013197781294788411,0.48035473,1.0,0.23230272337978872,-0.0015279626922444288,0.022172641909317305,0.007194993408566965,False
402,0.1930871037885732,-0.0018017156339562726,0.022631406660718445,0.00654024030211928,-0.7377102,1.0,0.08425452140443969,0.035556501392110286,0.022172641909317305,0.007194993408566965,False
402,0.13272929792820512,-0.0018017156339562726,0.022631406660718445,0.018746864993617846,-1.6323713,1.0,0.1939832783958755,-0.0015279626922444288,0.029065112538533104,0.007194993408566965,False
402,0.20419397118183438,-0.0018017156339562726,0.022631406660718445,-0.14551967723384313,-2.1563404,1.0,0.25743518475948424,0.009563544624802746,0.022172641909317305,0.007194993408566965,False
403,0.19393776083731618,-0.03285806758911094,0.022631406660718445,0.2161713578054829,0.3641841,1.0,0.1829115401164327,-0.0015279626922444288,0.34031476582977005,0.007194993408566965,False
403,0.17394344756537305,-0.0018017156339562726,0.022631406660718445,0.00654024030211928,-0.47907954,1.0,0.2693165767616952,-0.009483994205556675,-0.2009028381290968,0.007194993408566965,False
403,0.1930871037885732,-0.0018017156339562726,0.022631406660718445,0.00654024030211928,0.35681447,1.0,0.2803307520122522,0.014238876832809628,0.022172641909317305,-0.16497080015433851,False
403,0.19786501063084327,-0.030642344371343156,0.022631406660718445,0.00654024030211928,0.074371636,1.0,0.24213893437857975,-0.0015279626922444288,-0.23944951873606427,-0.24329399596258502,False
403,0.20897432680664638,-0.0018017156339562726,-0.37915904484435736,-0.06595779535288492,-0.5015084,1.0,0.35632015321808763,0.015856348200460925,-0.19527632880610787,-0.7417070102117509,False
403,0.1930871037885732,-0.0018017156339562726,-0.10041911215865118,0.00654024030211928,0.9887855,1.0,0.22653820046328746,0.002641920602022996,-0.15059731926325615,-0.03994847724139382,False
403,0.1930871037885732,0.0497739024749952,0.022631406660718445,0.00654024030211928,0.23867369,1.0,0.1939832783958755,-0.03614053978502825,-0.10153267052593823,-0.4264372071344464,False
403,0.1930871037885732,0.06364734304166254,0.15734984425880788,-0.022127222098811322,-0.2623822,1.0,0.2770342544245413,-0.025922016108269774,0.28560701888345824,-0.14674901125322548,False
404,0.163214598332292,-0.010996374078969081,-0.07172269991212911,0.00654024030211928,1.2952278,1.0,0.1939832783958755,-0.0015279626922444288,0.022172641909317305,-0.27205447339294453,False
404,0.22751885679301032,-0.0018017156339562726,0.022631406660718445,-0.24404638526293518,0.030976653,1.0,0.3489364979122004,-0.0015279626922444288,0.1584274612359967,0.21649124049139012,False
404,0.161849624421505,-0.0018017156339562726,0.022631406660718445,0.37630461018225914,-0.6828262,1.0,0.1939832783958755,0.013865306682244819,0.022172641909317305,0.007194993408566965,False
404,0.1930871037885732,-0.0018017156339562726,-0.23848658236105835,0.00654024030211928,0.33481163,1.0,0.2397279545213613,-0.0015279626922444288,0.23599113345968523,0.007194993408566965,False
404,0.22735694321499395,-0.0018017156339562726,-0.04396024119556467,0.00654024030211928,1.328006,1.0,0.1939832783958755,-0.01521648512753921,0.022172641909317305,0.6089795819048294,False
404,0.1930871037885732,-0.0018017156339562726,0.022631406660718445,0.39780050209027135,-0.52011883,1.0,0.1939832783958755,0.016097545095704394,0.022172641909317305,-0.6068248713714425,False
404,0.32302071935589777,-0.03779390040150962,0.022631406660718445,0.00654024030211928,-0.43736923,1.0,0.23228834594205697,-0.0015279626922444288,0.02389820849360342,0.007194993408566965,False
404,0.2434559305724403,-0.0018017156339562726,0.022631406660718445,-0.3201834202782282,-1.8789546,1.0,0.1939832783958755,0.020527220154800307,0.022172641909317305,0.29484346408750467,False
404,0.19684213908484877,-0.0018017156339562726,0.022631406660718445,-0.8135069573492927,-0.28156638,1.0,0.13732391219113582,-0.0015279626922444288,0.022172641909317305,0.007194993408566965,False
405,0.1930871037885732,-0.031742799206204556,0.07330801458684666,0.10948839542086883,2.129458,1.0,0.1939832783958755,-0.0015279626922444288,0.022172641909317305,0.007194993408566965,False
405,0.1930871037885732,-0.11916383424854171,-0.07582802938404927,0.00654024030211928,-1.6146165,1.0,0.11616940393640592,-0.0015279626922444288,0.022172641909317305,0.007194993408566965,False
405,0.1930871037885732,0.03814777199118767,0.022631406660718445,0.47852647027458856,0.28189772,1.0,0.1473664649186863,-0.0248418251945186,-0.09509061411760687,0.9625351990569223,False
405,0.11346134547314483,0.00755069439067725,0.1707107225204474,0.00654024030211928,-0.4624322,1.0,0.09737418830774765,-0.002868665168001857,-0.076350322215805,0.007194993408566965,False
405,0.09089528947402838,-0.023088558853564006,0.31935027917803477,-0.08087297568701485,0.37895924,1.0,0.3819917875405661,-0.0015279626922444288,0.4137761850139207,0.06780409086574159,False
405,0.26655589369393606,-0.0018017156339562726,0.022631406660718445,0.0036779734978745083,0.6371621,1.0,0.1939832783958755,-0.0015279626922444288,0.39594815506078374,-0.8015520080259227,False
406,0.29137907444249755,-0.0018017156339562726,0.022631406660718445,0.00654024030211928,0.67584485,1.0,0.4968935603279312,-0.008338993382677734,0.014981249501771692,0.007194993408566965,False
406,0.11228708267037599,-0.025934706747142915,0.1182361573829541,0.16014800677984764,0.66532815,1.0,0.1939832783958755,-0.0229591829044219,0.19658616086005026,0.007194993408566965,False
406,0.31858057845290566,-0.0018017156339562726,0.14784190793321267,0.028351954038090897,-0.983001,1.0,0.1939832783958755,0.05099027327567415,0.2240091790726391,0.007194993408566965,False
406,0.3622513379563795,-0.020712460769125626,0.022631406660718445,-0.06471727873161624,-1.7408581,1.0,0.1939832783958755,-0.0015279626922444288,-0.20945780758705282,0.007194993408566965,False
406,0.1930871037885732,-0.0018017156339562726,-0.26428304761833943,0.00654024030211928,0.5893611,1.0,0.1939832783958755,-0.0015279626922444288,0.022172641909317305,-0.3420375034668228,False
407,0.24090668877853788,-0.016991255056030555,-0.10745918358689122,0.3365105153428605,1.2908889,1.0,0.1939832783958755,-0.0015279626922444288,0.02287627070013421,0.007194993408566965,False
407,0.2230399113710318,-0.0018017156339562726,0.30823693984105377,0.00654024030211928,-1.4121542,1.0,0.3386447793937425,-0.06283757477444474,0.04466609612651231,0.007194993408566965,False
407,0.1930871037885732,0.007782065688464931,0.022631406660718445,0.00654024030211928,-0.17374307,1.0,0.1939832783958755,-0.0015279626922444288,0.022172641909317305,0.007194993408566965,False
407,0.18428434513185205,-0.0018017156339562726,0.022631406660718445,0.00654024030211928,1.2837217,1.0,0.1939832783958755,-0.0015279626922444288,-0.030857384491242135,-0.8915901274466154,False
407,0.25316369474468603,-0.0018017156339562726,-0.045141475367991304,0.4442328742493543,-1.5308292,1.0,0.1939832783958755,-0.0045578778492689,-0.2364712626857877,0.007194993408566965,False
408,0.1930871037885732,-0.0018017156339562726,0.022631406660718445,0.00654024030211928,-0.06409365,1.0,-0.05034001794962181,0.01243656888542083,0.022172641909317305,0.007194993408566965,False
408,0.16391119966562578,-0.0018017156339562726,-0.21713288090977587,-0.031557969105996383,0.26629388,1.0,0.3450679701034176,-0.0015279626922444288,-0.04735280806882171,0.007194993408566965,False
408,0.2684334361543677,-0.0018017156339562726,-0.18932945518067226,0.04783174655366003,0.1627264,1.0,0.1939832783958755,-0.0323463690039903,0.022172641909317305,0.06073430943312405,False
408,0.1930871037885732,-0.0018017156339562726,0.3184120504487394,0.00654024030211928,-1.8710384,1.0,0.24744980308726572,-0.0015279626922444288,0.022172641909317305,0.007194993408566965,False
408,0.23326315476585782,-0.0018017156339562726,-0.2900679567053969,0.00654024030211928,1.1873472,1.0,0.1939832783958755,-0.0015279626922444288,0.19209707762451708,1.0036955466979751,False
408,0.32195466105809056,-0.02612247776965582,-0.12379086333601116,0.00654024030211928,0.2349617,1.0,0.2385252616855877,-0.0015279626922444288,0.022172641909317305,0.007194993408566965,False
408,0.1970041843588865,-0.0018017156339562726,0.022631406660718445,0.00654024030211928,0.55779666,1.0,0.11325774065604954,-0.0015279626922444288,0.38980576161557723,0.007194993408566965,False
409,0.2904289468162378,-0.0018017156339562726,0.022631406660718445,0.00654024030211928,-1.9463291,1.0,0.2460160894111153,-0.0015279626922444288,0.022172641909317305,0.007194993408566965,False
409,0.27157490159581343,-0.0321138846107591,0.022631406660718445,-0.2822682764219594,0.3492768,1.0,0.347186027743302,0.08276493701512438,-0.060511290917478214,0.007194993408566965,False
409,0.29764300292555484,-0.020518190806760303,-0.29905805403953484,-0.20014123574718004,-0.66297114,1.0,0.2612342343044586,-0.0015279626922444288,0.022172641909317305,0.007194993408566965,False
409,0.3110859372898703,-0.0018017156339562726,-0.18720407314630624,-0.33247455303261103,0.9405495,1.0,0.1939832783958755,-0.0015279626922444288,-0.10061488870103652,-0.013454139607386242,False
409,0.299270773383988,-0.0018017156339562726,-0.009987644457581782,-0.7602514062629963,1.4161549,1.0,0.288112363225626,-0.0015279626922444288,0.14644867638919257,0.007194993408566965,False
410,0.1930871037885732,-0.0018017156339562726,0.022631406660718445,0.00654024030211928,-0.37910396,1.0,0.2298198411116376,-0.012669141909165783,0.022172641909317305,-0.21324439356304087,False
410,0.15400637816404322,-0.0018017156339562726,0.022631406660718445,0.00654024030211928,-0.66657186,1.0,0.10763362038318913,0.006083192314140768,0.022172641909317305,-0.5915669561059634,False
410,0.13823147372012035,-0.0018017156339562726,0.22750862797754645,-0.6497923523604862,-0.1871781,1.0,0.1939832783958755,-0.0015279626922444288,0.3109953873093207,0.007194993408566965,False
410,0.1930871037885732,-0.007250775071325136,0.022631406660718445,-0.4566056335680075,0.15154842,1.0,0.11324092765448818,-0.0015279626922444288,-0.27470529984328546,0.007194993408566965,False
410,0.31602079716001924,-0.06122017732845467,0.022631406660718445,0.00654024030211928,-0.35737792,1.0,0.1939832783958755,0.00014235449441066706,-0.11124869621290798,0.007194993408566965,False
410,0.12421686410486818,-0.0018017156339562726,0.022631406660718445,0.00654024030211928,-1.7422115,1.0,0.12280980127286166,0.04060731622362017,0.022172641909317305,-0.8016960732101007,False
411,0.1930871037885732,-0.0018017156339562726,-0.27704156537078384,0.00654024030211928,0.37895924,1.0,0.1939832783958755,0.023780575026828416,0.09057642085311113,-0.33457253918610813,False
411,0.1930871037885732,-0.03814832776954665,0.022631406660718445,0.00654024030211928,1.360755,1.0,0.3172369192227729,-0.0015279626922444288,0.2001003910414629,-0.6607958824694324,False
411,0.1930871037885732,-0.0018017156339562726,0.18821000346845163,0.00654024030211928,1.086684,1.0,0.1939832783958755,-0.0015279626922444288,-0.029969279315436952,-0.29185471878144104,False
411,0.1930871037885732,-0.0018017156339562726,0.05393208406378538,0.00654024030211928,-1.23407,1.0,0.16209778626930957,0.002991733843460876,0.022172641909317305,0.007194993408566965,False
411,0.1930871037885732,-0.04660580259835869,0.022631406660718445,-0.09369142543339158,-0.6710402,1.0,0.08782790454389391,0.02277947927811423,0.022172641909317305,0.8512057887102746,False
412,0.1930871037885732,-0.028037764207388512,0.022631406660718445,0.00654024030211928,-1.0332905,1.0,0.1939832783958755,-0.04541689545800239,0.19454402120592132,-0.241428464662768,False
412,0.1930871037885732,0.012528269889818013,0.022631406660718445,-0.02088461516414952,1.4324603,1.0,0.1939832783958755,-0.0015279626922444288,0.022172641909317305,0.007194993408566965,False
412,0.09872972927580162,-0.01018530153836477,0.022631406660718445,0.00654024030211928,-0.90565926,1.0,0.1939832783958755,-0.01031585640289178,0.022172641909317305,0.03520354193770227,False
412,0.1930871037885732,-0.0018017156339562726,0.07275594481843925,-0.24824776667863954,1.1264384,1.0,0.03843337618584067,-0.0015279626922444288,0.022172641909317305,0.007194993408566965,False
412,0.26653766238385007,0.02303508407212533,0.022631406660718445,-0.11399169408162048,-1.8289435,1.0,0.35005539593552953,0.00463970882699812,0.022172641909317305,-0.3790027078871528,False
413,0.21832787544309243,-0.0018017156339562726,0.08197445160798073,-0.10765689696560997,-1.8710384,1.0,0.1939832783958755,0.02793592287180908,0.022172641909317305,0.007194993408566965,False
413,0.33078739487445363,-0.028544639595684734,0.022631406660718445,0.00654024030211928,0.81154746,1.0,0.1939832783958755,-0.01380588438571675,0.022172641909317305,0.007194993408566965,False
413,0.1243020275320076,-0.0018017156339562726,0.022631406660718445,0.00654024030211928,-1.4125788,1.0,0.31891274697143035,-0.025537037925637347,-0.14591562550532522,0.007194993408566965,False
413,0.1930871037885732,0.000727072821854522,0.022631406660718445,0.00654024030211928,0.44743177,1.0,0.1939832783958755,-0.0015279626922444288,0.022172641909317305,-0.8066496879588432,False
413,0.32199707862879307,-0.01265929702748795,0.022631406660718445,-0.7962783468555404,0.69013107,1.0,0.17536716043120124,-0.06782506317326692,0.022172641909317305,0.2883984944142231,False
414,0.24224218186692248,-0.0018017156339562726,0.1689787171896511,0.5001500220541542,1.9884633,1.0,0.1939832783958755,-0.0015279626922444288,-0.004759902141363195,0.1892657597631921,False
414,0.2877089010085589,-0.05330403104619699,0.20421372338668994,0.1294449796461467,-0.8864683,1.0,0.18312982752466272,-0.0015279626922444288,0.022172641909317305,0.007194993408566965,False
414,0.1930871037885732,-0.028511871105164992,0.11274519640963206,0.07916781688572386,2.6100636,1.0,0.13728015576470926,-0.006161601025329233,0.022172641909317305,0.007194993408566965,False
414,0.1930871037885732,-0.0369843690829848,0.022631406660718445,-0.7077495740348053,0.4660263,1.0,0.1939832783958755,-0.0015279626922444288,0.28549178415269105,0.007194993408566965,False
414,0.1689406535432256,-0.0018017156339562726,-0.20292392761045033,0.00654024030211928,-0.20274317,1.0,0.1939832783958755,-0.011459245377859455,-0.04374498867838679,0.007194993408566965,False
414,0.1930871037885732,0.046658760565811315,0.022631406660718445,-0.7283053334313271,-0.19857225,1.0,0.09198586866927964,0.026137268271697427,0.022172641909317305,-0.19774910560968492,False
415,0.1930871037885732,-0.0018017156339562726,0.06729173423915324,-0.14345046048050467,-0.6211823,1.0,0.1939832783958755,-0.0015279626922444288,-0.04520574688025142,0.007194993408566965,False
415,0.1930871037885732,-0.034747706729034586,-0.2646692843985555,0.47043680893863954,0.7152636,1.0,0.13090235407034026,0.0037670464428656496,0.022172641909317305,0.007194993408566965,False
415,0.2268647589190886,-0.0018017156339562726,-0.45521202983982495,0.00654024030211928,1.7258761,1.0,0.1939832783958755,-0.0015279626922444288,-0.25447821074747706,-0.6750455234380658,False
415,0.1930871037885732,-0.0018017156339562726,0.09181386908905431,0.00654024030211928,-0.20548466,1.0,0.1939832783958755,-0.0015279626922444288,0.022172641909317305,0.007194993408566965,False
415,0.1930871037885732,0.01595677571841688,0.022631406660718445,0.00654024030211928,-0.3641503,1.0,0.1939832783958755,0.0018597034513461552,0.022172641909317305,0.007194993408566965,False
415,0.1930871037885732,-0.0018017156339562726,0.2700193425283266,0.00654024030211928,-0.3131593,1.0,0.1939832783958755,0.036159404556136907,-0.12630550448437503,0.007194993408566965,False
415,0.1930871037885732,-0.0018017156339562726,-0.082232939456298,-0.14723986340209697,1.4860712,1.0,0.1939832783958755,0.07671800672401745,0.022172641909317305,-1.1798118559876583,False
415,0.150487983440391,-0.014674505484205368,0.022631406660718445,-0.2993915297205336,-1.4378157,1.0,0.1939832783958755,-0.0015279626922444288,0.022172641909317305,0.007194993408566965,False
415,0.19650374043207697,0.03611600505841007,0.022631406660718445,0.00654024030211928,-0.5489603,1.0,0.32221726669750506,0.007295916292595789,-0.15056076714994238,-0.3354055184028625,False
416,0.21738664206986874,-0.0018017156339562726,0.38023261961745786,-0.22610165905147173,0.048986748,1.0,0.1939832783958755,-0.03725974252689263,0.20378127077258354,0.007194993408566965,False
416,0.19002431431373693,-0.0018017156339562726,0.2661898533922899,0.00654024030211928,0.34341466,1.0,0.1939832783958755,-0.0015279626922444288,0.022172641909317305,0.3369112076378465,False
416,0.24874557570682915,-0.024975491521055663,0.022631406660718445,0.00654024030211928,-0.5221179,1.0,0.1939832783958755,-0.0022318018552361014,0.022172641909317305,0.007194993408566965,False
416,0.35418867085824535,0.029491142187571352,-0.18962355387641228,-0.10474921478404862,-1.0569496,1.0,0.20803809335105716,0.039442056941682575,0.022172641909317305,-0.4072982311329014,False
416,0.25306932786515607,-0.03354735083528474,0.48373228708716465,0.00654024030211928,1.0814167,1.0,0.3295718474601761,-0.0015279626922444288,-0.31676414311618467,-0.2325453064024858,False
417,0.2164903170399253,-0.0018017156339562726,0.165054619205471,0.00654024030211928,1.6265473,1.0,0.1939832783958755,-0.0015279626922444288,0.022172641909317305,0.007194993408566965,False
417,0.1930871037885732,0.02982559458385476,-0.2877156924199414,0.00654024030211928,-1.7454171,1.0,0.1939832783958755,-0.0015279626922444288,0.3351063237409152,0.007194993408566965,False
417,0.2466297016205145,-0.0018017156339562726,0.022631406660718445,-0.7056895915615158,1.6396617,1.0,0.05221149777048739,-0.0015279626922444288,0.44386516691485095,-0.009500654995570346,False
417,0.22909905635816644,0.021089277114198786,0.022631406660718445,0.00654024030211928,0.026066065,1.0,0.1939832783958755,-0.06370172436165454,0.12955695788083352,-0.17684141826535008,False
417,0.20970869531421865,-0.0018017156339562726,0.08113907084819182,0.00654024030211928,-0.12880954,1.0,0.23344409709058309,-0.0015279626922444288,0.022172641909317305,0.007194993408566965,False
417,0.3184265208288585,0.021625441617032483,0.022631406660718445,0.00654024030211928,0.66321385,1.0,0.29351579097097463,-0.0015279626922444288,-0.07536651642955479,0.007194993408566965,False
417,0.1930871037885732,-0.022847091994403077,0.022631406660718445,0.30591025332572724,1.248538,1.0,0.1939832783958755,-0.0015279626922444288,0.16021429198552561,0.19073087138358963,False
417,0.1930871037885732,-0.0018017156339562726,0.022631406660718445,0.34026020906018783,0.43154448,1.0,0.25284406702370543,0.03043589177766011,-0.2044157029700975,0.007194993408566965,False
417,0.1930871037885732,-0.0018017156339562726,0.01238206857329087,0.00654024030211928,0.1739502,1.0,0.1939832783958755,0.00826755864814882,0.022172641909317305,-0.17119322952037797,False
417,0.17226960258584742,-0.0018017156339562726,-0.32529561870334583,0.00654024030211928,1.3186066,1.0,0.2516666926350544,-0.007463841181464941,-0.31278019682334085,-0.16098684091507112,False
417,0.1930871037885732,-0.0018017156339562726,0.022631406660718445,0.00654024030211928,-2.7683153,1.0,0.1939832783958755,0.007426094133777119,-0.05604242934868893,0.007194993408566965,False
418,0.1930871037885732,-0.0018017156339562726,0.023580819486574908,0.131334568951906,-0.569666,1.0,0.1939832783958755,-0.0015279626922444288,-0.05785533322387,-0.11526750174674173,False
418,0.1930871037885732,0.02308017185923289,0.022631406660718445,-0.18032583880370268,1.8257208,1.0,0.1939832783958755,-0.0015279626922444288,0.022172641909317305,0.007194993408566965,False
418,0.1930871037885732,-0.0018017156339562726,0.022631406660718445,-0.719168256330298,0.41678423,1.0,0.2632076194528633,-0.0015279626922444288,0.022172641909317305,0.7337607057396781,False
418,0.1802903025518448,-0.0018017156339562726,0.022631406660718445,0.00654024030211928,0.5209844,1.0,0.28901496034747365,-0.0015279626922444288,0.022172641909317305,-0.19319707529172467,False
418,0.1930871037885732,0.00494418917288001,0.30314531847731746,0.00654024030211928,-0.101143286,1.0,0.17953190988519355,-0.016567737642368015,0.36046912129134845,0.007194993408566965,False
418,0.1930871037885732,0.006169560286535493,-0.10683355509859274,0.42438306026210787,-0.101143286,1.0,0.1939832783958755,0.03502055311970204,0.022172641909317305,0.4184559237230115,False
419,0.1930871037885732,-0.020063238816970537,0.022631406660718445,0.00654024030211928,1.7073789,1.0,0.1939832783958755,-0.0015279626922444288,0.022172641909317305,0.007194993408566965,False
419,0.13902265760907706,-0.004319324662165157,0.022631406660718445,0.00654024030211928,-0.8964936,1.0,0.2736045391064871,-0.02009522455147864,0.022172641909317305,0.007194993408566965,False
419,0.15499639250703,-0.02936093054525944,0.022631406660718445,0.00654024030211928,0.97517645,1.0,0.3429012316314886,-0.016284068128940992,0.022172641909317305,0.007194993408566965,False
419,0.3161160305611969,-0.0018017156339562726,0.28786413156570007,0.00654024030211928,1.3465322,1.0,0.15698000449435398,-0.0368651443433985,0.022172641909317305,-0.10989882602996542,False
419,0.12042037700871332,-0.001553191710972972,0.022631406660718445,0.010874398244550278,-0.94264126,1.0,0.1939832783958755,-0.0015279626922444288,0.4848778083446746,0.007194993408566965,False
419,0.189913536964764,-0.008836343147019872,-0.22923890305089362,-0.1888296206987263,-0.51043916,1.0,0.32184316409327485,-0.04870789984865349,0.022172641909317305,0.44395382339091616,False
420,0.1930871037885732,-0.0018017156339562726,-0.5190004552679934,-0.18304347122160627,0.120426506,1.0,0.1939832783958755,-0.0015279626922444288,-0.2276282259057767,0.007194993408566965,False
420,0.17431602133568508,-0.04535772056538221,0.022631406660718445,-0.19239273875775548,-1.2914323,1.0,0.1926849192767722,0.004605630786091561,0.022172641909317305,-0.4664313838720431,False
420,0.1930871037885732,-0.0018017156339562726,0.3681336595803656,0.00654024030211928,0.28469044,1.0,0.1939832783958755,-0.02235867557121991,-0.02336547883044905,0.007194993408566965,False
420,0.28838311592690125,-0.0018017156339562726,0.022631406660718445,-0.4418202731709394,-0.23044723,1.0,0.1939832783958755,0.07166122392901002,-0.043641783571891885,0.007194993408566965,False
420,0.1720271673882847,-0.0018017156339562726,-0.276595407707927,0.00654024030211928,0.41492718,1.0,0.1939832783958755,-0.0015279626922444288,0.022172641909317305,0.007194993408566965,False
420,0.1930871037885732,-0.006373939246141832,0.022631406660718445,0.3456705251393717,-0.9863442,1.0,0.1939832783958755,0.04300728637323715,0.022172641909317305,0.007194993408566965,False
420,0.1930871037885732,-0.025381265884951487,0.022631406660718445,-0.13357685504270875,0.34385246,1.0,0.1939832783958755,0.004801495523134984,0.06351769984350494,0.007194993408566965,False
421,0.08714912170985702,-0.0018017156339562726,-0.12293614447318821,0.00654024030211928,0.7691691,1.0,0.1939832783958755,0.0020943475069503683,0.022172641909317305,-1.2227629360519525,False
421,0.008897338441979208,-0.0018017156339562726,0.022631406660718445,0.00654024030211928,1.020254,1.0,0.1939832783958755,-0.0015279626922444288,0.022172641909317305,0.007194993408566965,False
421,0.1930871037885732,-0.03254557875371559,-0.2660030493177755,0.00654024030211928,1.2735629,1.0,0.1939832783958755,-0.0015279626922444288,0.03410609989255313,0.007194993408566965,False
421,0.23284801455108,-0.0018017156339562726,0.022631406660718445,-0.1951375159988828,-1.0199775,1.0,0.1939832783958755,0.008904383318481921,0.39443964895422745,-0.29371859395041416,False
421,0.2147323316632232,-0.04233178744597259,-0.013894216069960302,-0.1021872510871255,1.0216023,1.0,0.1939832783958755,0.004013545538338964,-0.0030572909522796864,0.007194993408566965,False
421,0.1930871037885732,-0.004865877021464737,-0.28332639049235087,-0.7325352457122898,-0.50839955,1.0,0.34359970567100284,-0.0015279626922444288,-0.0036738616155537127,0.007194993408566965,False
422,0.19214900344461106,0.062263667525846986,-0.2341861501061635,-0.09146927604205007,-0.21287635,1.0,0.1939832783958755,0.06757118834478164,-0.22526452907977437,0.007194993408566965,False
422,0.1930871037885732,0.007736816770617229,-0.025274045264182178,-0.30856003577471175,0.95793986,1.0,0.23549341855251332,-0.0015279626922444288,0.022172641909317305,0.007194993408566965,False
422,0.1930871037885732,0.012419840691756168,0.022631406660718445,0.00654024030211928,0.5923549,1.0,0.1939832783958755,0.02248565269950724,0.022172641909317305,0.02855454058430199,False
422,0.2134883005073469,-0.0018017156339562726,0.3702536915359244,-0.26714916790327947,-0.7444049,1.0,0.36652996068050053,0.08517851978033979,-0.11089594101262193,0.7853786278971071,False
422,0.1930871037885732,-0.02724299141665595,0.022631406660718445,0.00654024030211928,-0.9038545,1.0,0.18119845204675053,-0.0015279626922444288,0.022172641909317305,-0.4736508404045818,False
422,0.1930871037885732,0.009558243897213822,0.6206379633580474,0.00654024030211928,1.0069373,1.0,0.1939832783958755,-0.0015279626922444288,-0.3523213913863607,0.007194993408566965,False
423,0.1930871037885732,0.006838360933623931,-0.3576088106799462,0.053784086070841605,0.25320908,1.0,0.3319625512485129,-0.0015279626922444288,0.1450820291514362,-0.6188738602341125,False
423,0.1509339634278205,-0.0018017156339562726,-0.3209390592580554,0.00654024030211928,-0.27497548,1.0,0.3032872806665619,-0.0015279626922444288,0.022172641909317305,0.007194993408566965,False
423,0.1930871037885732,-0.0018017156339562726,0.022631406660718445,-0.27735317336114906,-2.0463893,1.0,0.12115846616296588,-0.0015279626922444288,0.022172641909317305,0.007194993408566965,False
423,0.36815958029806534,-0.011097013981251347,0.022631406660718445,-0.12453802492122534,-0.07106626,1.0,0.14157647513789154,-0.0015279626922444288,0.022172641909317305,0.19984707091261858,False
423,0.1930871037885732,-0.0018017156339562726,0.022631406660718445,0.00654024030211928,-0.7758609,1.0,0.1662914314047993,-0.0015279626922444288,0.022172641909317305,0.007194993408566965,False
424,0.1476811251423488,-0.05048101523887369,-0.0347343853432253,-0.7485075621062882,2.7635493,1.0,0.14513033190545543,-0.0015279626922444288,-0.18113893101560533,-1.2344669401203732,False
424,0.22638278201915688,0.03849107216811274,0.022631406660718445,0.4857490453143268,-0.46369785,1.0,0.1939832783958755,0.006171259728075128,0.022172641909317305,0.2858589542594247,False
424,0.1930871037885732,-0.0018017156339562726,-0.05308771396234757,0.00654024030211928,-0.8486048,1.0,0.1939832783958755,-0.0015279626922444288,0.022172641909317305,0.007194993408566965,False
424,0.1930871037885732,-0.0018017156339562726,0.022631406660718445,0.00654024030211928,-0.10621145,1.0,0.1939832783958755,-0.0015279626922444288,0.0284616759624003,0.4340304329682733,False
424,0.1971453185950995,-0.0018017156339562726,0.022631406660718445,-0.22150341960021502,1.7372694,1.0,0.1939832783958755,-0.01070426786742216,0.022172641909317305,-0.0352330905448103,False
425,0.1740868416289669,-0.051829912714938774,0.045727901147155775,0.00654024030211928,-1.5055043,1.0,0.1939832783958755,-0.0015279626922444288,-0.07729602525213075,0.44645876679039337,False
425,0.27397037969591925,-0.024371500146664032,0.022631406660718445,0.00654024030211928,0.9880655,1.0,0.1939832783958755,-0.0015279626922444288,-0.19051363135202323,0.007194993408566965,False
425,0.3757360027817208,-0.0018017156339562726,-0.39432490351172345,-0.3296515994206213,-0.5893451,1.0,0.21025618796967488,-0.0015279626922444288,-0.33282124853559175,0.3300368450949974,False
425,0.1930871037885732,-0.016076024591984196,0.022631406660718445,-0.608963514140324,0.32213932,1.0,0.1939832783958755,-0.0015279626922444288,0.022172641909317305,0.3375023189544334,False
425,0.15733042773294326,-0.0018017156339562726,0.33486148056869786,0.14682735980328648,-0.1128183,1.0,0.1939832783958755,-0.0015279626922444288,-0.07528341596062561,0.007194993408566965,False
425,0.1930871037885732,-0.0018017156339562726,-0.04723164415638989,0.00654024030211928,-1.9238772,1.0,0.1939832783958755,0.03409566024818407,0.24273318441381292,0.6728923282594251,False
426,0.1930871037885732,-0.0018017156339562726,0.022631406660718445,0.00654024030211928,-1.1542846,1.0,0.1939832783958755,-0.0015279626922444288,0.022172641909317305,0.007194993408566965,False
426,0.1930871037885732,-0.0018017156339562726,0.022631406660718445,0.00654024030211928,0.90935135,1.0,0.36942092927944203,-0.01287574400283549,0.07172540959633296,0.007194993408566965,False
426,0.1930871037885732,0.06236002108844026,0.022631406660718445,0.029783548704202082,0.75132036,1.0,0.3301999489272882,-0.0015279626922444288,0.022172641909317305,0.44685773053060945,False
426,0.1930871037885732,-0.0018017156339562726,0.022631406660718445,0.5724115935378863,-0.23817188,1.0,0.1939832783958755,-0.0015279626922444288,-0.3389826787271132,-0.1832821657149417,False
426,0.2425961884068622,-0.018908194721357234,0.022631406660718445,-0.8326925871937617,0.15219963,1.0,0.2555498224101095,-0.0015279626922444288,0.3966147532596157,-0.2924152007770361,False
426,0.20954314959810622,-0.0031194870395459574,0.022631406660718445,-0.4530149926742906,1.061235,1.0,0.1939832783958755,-0.007309251147192757,0.022172641909317305,-0.42061021085605477,False
426,0.1930871037885732,-0.008949236845589086,0.3365797896977477,0.00654024030211928,0.8916872,1.0,0.3025313501540794,0.06722520365148081,-0.23167413914845927,-0.0768574869582819,False
427,0.19018574977793667,-0.0018017156339562726,0.022631406660718445,0.06993466187093043,0.10964106,1.0,0.29337912539558486,-0.0015279626922444288,0.022172641909317305,0.8073225435709932,False
427,0.1930871037885732,-0.0018017156339562726,0.022631406660718445,0.09504683645030022,-1.2739881,1.0,0.03168828004925897,0.0019785394110649174,0.022172641909317305,-1.1936874661749342,False
427,0.1930871037885732,-0.0018017156339562726,0.022631406660718445,0.12790679699753135,0.006856054,1.0,0.16157672402694095,-0.02675836148274938,0.207874405288656,0.007194993408566965,False
427,0.19700519975429748,-0.0018017156339562726,0.022631406660718445,-0.8102212817042866,1.5980918,1.0,0.1939832783958755,0.0701561286852592,0.3949266073645751,0.01608709659533014,False
427,0.12015210648731019,-0.06570747194052488,-0.30881278463679834,0.14654848634586393,-1.0612434,1.0,0.1939832783958755,-0.022600980652837152,0.022172641909317305,0.007194993408566965,False
427,0.0783014623444076,-0.0018017156339562726,0.022631406660718445,-0.5341605535836372,-1.5932779,1.0,0.1939832783958755,-0.029920347305198804,0.18580699335646544,0.007194993408566965,False
428,0.18341941624253452,-0.011396071979953099,0.022631406660718445,0.00654024030211928,-0.60229754,1.0,0.3678570994112625,-0.007314244535439603,0.022172641909317305,0.007194993408566965,False
428,0.1930871037885732,-0.0400694384940328,0.022631406660718445,0.00654024030211928,1.1795624,1.0,0.1939832783958755,0.07171184944552736,0.022172641909317305,0.7746749996553537,False
428,0.1930871037885732,-0.0018017156339562726,0.022631406660718445,0.00654024030211928,-0.96623725,1.0,0.2609842541218956,-0.0015279626922444288,0.01649953546855539,0.007194993408566965,False
428,0.1930871037885732,0.007598390399765492,-0.21485503135682055,0.00654024030211928,-0.43573946,1.0,0.1939832783958755,-0.0015279626922444288,0.022172641909317305,0.007194993408566965,False
428,0.1930871037885732,-0.0018017156339562726,0.022631406660718445,-0.1976485201503508,0.6552314,1.0,0.1939832783958755,-0.0015279626922444288,0.022172641909317305,0.007194993408566965,False
428,0.23270283972824096,0.04185535626171361,-0.004772786460375551,0.00654024030211928,1.0587008,1.0,0.1419776695841578,-0.0015279626922444288,0.12806270007671894,0.007194993408566965,False
429,0.1930871037885732,0.025004916540411357,-0.19911422403858425,0.00654024030211928,0.2856552,1.0,0.1939832783958755,0.01820771533918836,0.022172641909317305,0.007194993408566965,False
429,0.34940554770834703,-0.0018017156339562726,0.022631406660718445,-0.2915418876636727,-2.2629735,1.0,0.1939832783958755,-0.03356175079586422,-0.11715761644767383,0.007194993408566965,False
429,0.072468290552167,-0.0018017156339562726,-0.1519706719729096,0.00654024030211928,0.9150125,1.0,0.1939832783958755,-0.019455861269807032,-0.272133193555833,0.007194993408566965,False
429,0.1930871037885732,0.010052637548176067,0.022631406660718445,0.00654024030211928,1.4703585,1.0,0.2650582978510768,-0.0015279626922444288,-0.02415350943027526,-0.29356821362994134,False
429,0.19396778466722692,-0.006062729959123998,0.022631406660718445,-0.028576678192095823,1.4844476,1.0,0.1939832783958755,0.008483985089103769,-0.09714371550475735,0.007194993408566965,False
429,0.1930871037885732,0.0030592978222649956,-0.08187679930122643,-0.2960405480949868,-0.4624322,1.0,0.1939832783958755,0.026371176811168216,0.022172641909317305,-0.47776696252503925,False
430,0.07955870509245465,0.044947960827373803,0.009492854571693306,0.00654024030211928,1.7844393,1.0,0.1939832783958755,-0.0015279626922444288,-0.1105105736813537,0.4515753375344782,False
430,0.1930871037885732,-0.0018017156339562726,0.39755220600945207,-0.33291988653828375,-1.331716,1.0,0.1939832783958755,0.02106773478382673,-0.16591197207151684,0.007194993408566965,False
430,0.1930871037885732,-0.0018017156339562726,0.022631406660718445,-0.5769498312582382,-0.24846876,1.0,0.1939832783958755,-0.0015279626922444288,0.022172641909317305,0.7010148131308478,False
430,0.2991396499540356,-0.046447857792850406,0.31493436304023237,0.7015303733357252,-0.31730056,1.0,0.22697441755631004,-0.0015279626922444288,-0.24425389808243894,-0.24209339209696806,False
430,0.1930871037885732,-0.0018017156339562726,0.10887136971140764,-0.1471668171868173,0.9218147,1.0,0.3614292202412154,0.013931981252487322,0.022172641909317305,0.8058743936423155,False
430,0.1930871037885732,-0.008659641675354168,0.28594545712161246,-0.5771620936955418,-1.7454171,1.0,0.1939832783958755,-0.0015279626922444288,0.022172641909317305,0.007194993408566965,False
431,0.31013560353070757,-0.0018017156339562726,-0.1438161985839609,0.00654024030211928,-1.6191461,1.0,0.2870360647359044,-0.05092308843487777,0.045764390582518896,0.007194993408566965,False
431,0.1930871037885732,0.0187097193038684,-0.002508302377022237,0.22914165115683546,-0.17666793,1.0,0.2303755720828935,-0.0015279626922444288,0.022172641909317305,0.007194993408566965,False
431,0.2702897316566883,-0.023322180086686604,0.022631406660718445,1.0569453200395076,1.0726314,1.0,0.19228295039731946,0.020510851482310122,0.19030350794481216,0.007194993408566965,False
431,0.19509216903338808,-0.015236575356033542,0.022631406660718445,-0.6486092124792875,0.6092328,1.0,0.1939832783958755,0.04612786584666171,-0.0667941291289151,0.4286763621416313,False
431,0.13535136189599994,-0.0018017156339562726,0.022631406660718445,0.00654024030211928,0.29068226,1.0,0.1939832783958755,-0.0015279626922444288,0.022172641909317305,0.007194993408566965,False
431,0.27112837192064265,0.011700304166616063,0.022631406660718445,-0.26170099667605884,-0.54944843,1.0,0.1939832783958755,0.03337160847308775,-0.16138300139109218,0.007194993408566965,False
432,0.03933579323522543,-0.0027126152999844186,0.2948043121589016,0.00654024030211928,-0.12673962,1.0,0.1939832783958755,-0.0016414499498228628,-0.12593761351037955,-0.21061121831822274,False
432,0.1930871037885732,-0.0018017156339562726,-0.00640682698450392,-0.3265923706430915,-1.5920348,1.0,0.3381819461547443,-0.0015279626922444288,0.022172641909317305,0.9690085959431506,False
432,0.1930871037885732,-0.10377135786429087,0.022631406660718445,1.0024084180935586,0.25220442,1.0,0.1939832783958755,-0.016315685498330842,0.20219314581514855,0.6350689932726018,False
432,0.1930871037885732,-0.0018017156339562726,0.4496652420034026,0.00654024030211928,1.7277155,1.0,0.24276564300762676,-0.010321346248154773,0.022172641909317305,0.5324483560681472,False
432,0.2240041648270598,-0.0018017156339562726,0.44056648943239834,0.00654024030211928,-1.6577415,1.0,0.1939832783958755,-0.0015279626922444288,0.055954250345126536,0.5363811390444146,False
432,0.18460443517469927,-0.014794174533896677,0.00030018501500961997,0.06803550977515944,-0.82555133,1.0,0.26305525971304644,-0.019016233518009233,0.06456145382627054,0.3139336479264952,False
433,0.008804884017715814,0.02071877859234005,0.022631406660718445,0.00654024030211928,-0.16089356,1.0,0.22905185836376696,-0.0015279626922444288,-0.018838502522268968,-0.8113033064347218,False
433,0.2148090111944945,-0.01313809505681281,0.022631406660718445,0.00654024030211928,-0.18385893,1.0,0.19793113327970285,0.02877830432526074,0.02644827062867285,0.007194993408566965,False
433,0.14962848558047567,-0.0018017156339562726,0.022631406660718445,0.00654024030211928,-0.026934564,1.0,0.1939832783958755,-0.0015279626922444288,-0.04671600354826441,0.007194993408566965,False
433,0.14457382050365836,-0.003927213661031026,0.022631406660718445,0.00654024030211928,-0.3183024,1.0,0.26873345711406144,-0.0015279626922444288,0.25427627938273756,0.007194993408566965,False
433,0.1930871037885732,-0.0018017156339562726,-0.016743546449977165,0.00654024030211928,0.14306426,1.0,0.1939832783958755,-0.0015279626922444288,0.022172641909317305,0.20863095231846784,False
433,0.17156475593639434,0.013159008967073324,0.17782236827571182,-0.3671049752728067,1.5267618,1.0,0.14947693425501402,-0.0015279626922444288,0.022172641909317305,0.007194993408566965,False
434,0.23125659219453934,0.04112332751919139,0.022631406660718445,0.00654024030211928,-1.3341445,1.0,0.1939832783958755,-0.0015279626922444288,0.022172641909317305,0.007194993408566965,False
434,0.1930871037885732,-0.0018017156339562726,0.31849685406154155,-0.457348228088744,-0.9715034,1.0,0.2859493389885372,-0.0015279626922444288,-0.2617073371411305,-0.019307638529090065,False
434,0.2483670088132267,-0.0018017156339562726,-0.4365886584247631,0.00654024030211928,0.29675797,1.0,0.1939832783958755,-0.040749114898275436,0.022172641909317305,0.007194993408566965,False
434,0.22010959282456932,0.02814386125893176,0.022631406660718445,0.00654024030211928,-1.8895795,1.0,0.14181239374490695,-0.0015279626922444288,0.022172641909317305,0.007194993408566965,False
434,0.21015634726852792,-0.0018017156339562726,0.022631406660718445,0.25474897575266814,-0.72703105,1.0,0.1939832783958755,0.0601324283647319,-0.03631524501606273,0.4391483504561213,False
435,0.1930871037885732,-0.0018017156339562726,0.022631406660718445,0.6717268694819545,-0.99843067,1.0,0.1939832783958755,-0.0013054739740580015,-0.05191918420031759,-0.49881420164202156,False
435,0.26986425807582953,-0.0018017156339562726,-0.20313775566925027,0.00654024030211928,-0.56908756,1.0,0.2607289309211813,0.04281419472195411,-0.13601077323938504,0.007194993408566965,False
435,0.1930871037885732,0.05165800028946516,0.022631406660718445,-0.1864063512079959,-0.13087578,1.0,0.3270425144231119,-0.0015279626922444288,0.022172641909317305,0.007194993408566965,False
435,0.1930871037885732,-0.0018017156339562726,0.17047133081236504,0.13466149284785175,0.21024758,1.0,0.1939832783958755,-0.0015279626922444288,0.022172641909317305,0.007194993408566965,False
435,0.1930871037885732,-0.0018017156339562726,0.022631406660718445,-0.7489553436862039,-1.0261377,1.0,0.36759008550416605,-0.016840244077453062,-0.039999850176021645,0.8461488750750499,False
435,0.23981337894750124,-0.0018017156339562726,-0.0742435986815877,-0.49398617921146404,-0.0248636,1.0,0.21756065700655147,-0.0015279626922444288,0.20181042139282054,0.007194993408566965,False
435,0.275450826205136,-0.006675362460708035,0.022631406660718445,0.003406192255538242,-2.4011552,1.0,0.1939832783958755,0.0031912470156077962,0.0023935258788800595,0.09784930269862543,False
435,0.1930871037885732,-0.0018017156339562726,0.26106068420274303,0.00654024030211928,0.94297016,1.0,0.1939832783958755,-0.0015279626922444288,0.022172641909317305,0.007194993408566965,False
435,0.27647092450013017,0.04126379160440323,0.27609510602494014,-0.025342607862129236,-0.91219306,1.0,0.20509123046501002,0.007338012965756561,0.022172641909317305,0.19925787051623617,False
435,0.1930871037885732,-0.022052544524705512,0.022631406660718445,-0.01067771161838934,-1.2993532,1.0,0.1939832783958755,-0.0015279626922444288,-0.029426615016282468,0.34426482896798,False
436,0.17447578769596206,0.016262054280692353,0.20554126275966159,-0.21396642902516613,1.6813147,1.0,0.1939832783958755,-0.0015279626922444288,0.022172641909317305,0.007194993408566965,False
436,0.1930871037885732,-0.0018017156339562726,-0.21799642253892268,0.00654024030211928,0.6720389,1.0,0.22714327062993567,0.004208656420467366,-0.03613910147427604,0.28415532339902755,False
436,0.15859157173704302,0.005385904206866756,0.3653124365689186,-0.05206182392840307,0.7655847,1.0,0.1939832783958755,-0.0015279626922444288,0.022172641909317305,0.007194993408566965,False
436,0.1930871037885732,-0.0018017156339562726,0.022631406660718445,0.00654024030211928,1.0535456,1.0,0.1939832783958755,0.04539262741478992,-0.29810516698834494,0.4092479818249273,False
436,0.17389275986625738,-0.0018017156339562726,0.022631406660718445,0.00654024030211928,1.1549,1.0,0.25231016098770404,-0.0015279626922444288,0.022172641909317305,0.06613300479635079,False
436,0.11530442556601869,-0.0018017156339562726,0.22507932255726718,-0.37862622467886214,1.1687577,1.0,0.08553186807715978,0.0379302208857811,-0.04340695964968659,0.007194993408566965,False
437,0.2491735877762154,-0.07484861532972006,0.09011150319484994,-0.08845842373163815,-1.4188585,1.0,0.3293649615351235,0.0914224243047769,0.022172641909317305,-0.07737682047214038,False
437,0.2481361934037506,-0.0018017156339562726,-0.11115517366556416,0.00654024030211928,1.4879506,1.0,0.1939832783958755,-0.0015279626922444288,0.022172641909317305,0.0003512192384197005,False
437,0.1930871037885732,0.019129098080255126,-0.1915188047027404,0.00654024030211928,1.1900522,1.0,0.17927244622596894,-0.0015279626922444288,0.022172641909317305,-0.2815916031449211,False
437,0.22988539230662708,-0.0039027689487459703,0.3426859610968182,-0.40812710335488944,-0.8136737,1.0,0.1939832783958755,-0.0015279626922444288,0.06492134293020894,0.08784532604107351,False
437,0.11552543821077521,0.062462704600109706,0.022631406660718445,-0.5261464585393946,0.7955278,1.0,0.1939832783958755,-0.0015279626922444288,-0.15850997407684958,1.0262390909327879,False
437,0.1930871037885732,-0.00718422119811463,0.022631406660718445,-0.16041507496802423,1.7553303,1.0,0.1691846757336941,-0.0015279626922444288,0.022172641909317305,0.446041349020774,False
437,0.23754986407806372,-0.0018017156339562726,0.022631406660718445,0.2275273802006826,0.17824835,1.0,0.1939832783958755,0.07499586414056324,0.0401749916995479,0.007194993408566965,False
437,0.21880278656518304,-0.021844068857087288,0.022631406660718445,0.00654024030211928,-1.5415417,1.0,0.3582637179318534,-0.0015279626922444288,0.022172641909317305,0.007194993408566965,False
438,0.15336278543362164,-0.0018017156339562726,0.08454394854784077,-0.31225835593402823,1.8708439,1.0,0.1939832783958755,-0.003051836848352749,-0.16678750636310072,0.06774776876761944,False
438,0.1930871037885732,-0.04915076176844852,0.022631406660718445,-0.27355959431290694,0.2739635,1.0,0.25930389013560545,0.05639441879242828,0.022172641909317305,0.05169657137772918,False
438,0.22582133325057363,-0.026595206541101972,0.022631406660718445,0.00654024030211928,-2.2408872,1.0,0.1939832783958755,-0.0015279626922444288,0.022172641909317305,0.007194993408566965,False
438,0.1930871037885732,-0.0423063628491865,0.3118508694382402,0.5864487792449875,-0.69737047,1.0,0.1939832783958755,-0.004187560212611992,-0.07009517115743583,0.007194993408566965,False
438,0.1930871037885732,-0.0018017156339562726,0.150577237861264,0.03936795287136284,-0.09458034,1.0,0.1939832783958755,-0.0015279626922444288,0.022172641909317305,0.007194993408566965,False
438,0.12536953639468768,0.024795740019573815,0.022631406660718445,-0.14708340265709668,0.036482304,1.0,0.1939832783958755,-0.0015279626922444288,-0.14140148827323307,0.007194993408566965,False
438,0.15439960721468926,-0.0018017156339562726,0.022631406660718445,-0.4422256814657964,-1.4362087,1.0,0.13120422698474818,-0.0015279626922444288,0.06820473793390544,-0.6720045032238907,False
439,0.14070778263912698,-0.0018017156339562726,0.022631406660718445,0.00654024030211928,-1.5457788,1.0,0.1939832783958755,-0.0015279626922444288,0.022172641909317305,0.007194993408566965,False
439,0.18051167402054355,-0.0018017156339562726,-0.03232052705957485,0.00654024030211928,0.18148655,1.0,0.20494466850877818,0.01919987486161189,0.059712420534102015,-0.03442518988083475,False
439,0.1930871037885732,-0.0018017156339562726,0.022631406660718445,0.00654024030211928,1.5503807,1.0,0.1939832783958755,-0.0015279626922444288,-0.0030737481804592424,0.007194993408566965,False
439,0.29276721158393815,0.04280705991329698,-0.06139414904425286,0.47892187026592264,0.44958416,1.0,0.19496283362638653,-0.0041510149506238676,-0.15806077708132343,0.49842458562047864,False
439,0.29848993431294024,0.02068696378620099,0.022631406660718445,0.4004640428677325,-1.2103846,1.0,0.19077541249815205,0.015046211564712399,0.022172641909317305,-0.4379800751315289,False
439,0.1930871037885732,-0.010993154084178263,-0.14955440129008787,0.00654024030211928,0.8792666,1.0,0.25540756264904857,-0.0015279626922444288,-0.18507089684848055,0.007194993408566965,False
439,0.1930871037885732,-0.03524828884842312,0.022631406660718445,-0.010673891002521151,-0.06955886,1.0,0.384622363921573,-0.013221346201548674,0.022172641909317305,0.007194993408566965,False
439,0.19335197216275812,0.040042478234386704,0.022631406660718445,0.00654024030211928,-1.4495945,1.0,0.2590476079316333,0.005642079775989928,-0.08637462226292632,0.09466399890939188,False
440,0.28301982026973216,-0.0583848160244232,0.10358731087668421,0.13475315162759652,-1.0553887,1.0,0.13085236412273724,-0.0015279626922444288,0.022172641909317305,0.007194993408566965,False
440,0.3578360627891285,-0.01724569490478199,-0.06828737540035916,0.00654024030211928,-0.6399939,1.0,0.11204516475892351,-0.0015279626922444288,0.0747244041922237,0.007194993408566965,False
440,0.10795658920266633,-0.0018017156339562726,0.5963389948863189,0.024791306553987074,-1.2914323,1.0,0.1939832783958755,-0.0015279626922444288,0.022172641909317305,0.3045826782009154,False
440,0.20424894281891992,-0.0018017156339562726,0.022631406660718445,0.00654024030211928,-1.8990253,1.0,0.1939832783958755,-0.0015279626922444288,-0.19951034694782885,0.007194993408566965,False
440,0.1930871037885732,-0.0018017156339562726,0.32725137283467426,0.6653391957623501,0.5077987,1.0,0.21060060713973153,-0.0015279626922444288,-0.13489550467632866,-0.2053681264573611,False
440,0.23485080565372912,0.020848015925982594,0.4042145521464875,0.5941180558318871,1.4505436,1.0,0.1435313347789172,-0.0015279626922444288,0.022172641909317305,-0.06724190938210126,False
440,0.1930871037885732,0.03107928606259784,-0.2554257295127803,0.00654024030211928,1.310821,1.0,0.2586381363739148,-0.0015279626922444288,0.022172641909317305,0.007194993408566965,False
441,0.1930871037885732,-0.0018017156339562726,-0.39229467506079757,0.00654024030211928,0.16250211,1.0,0.1939832783958755,0.03253559057685098,0.12850890307577034,0.007194993408566965,False
441,0.1930871037885732,-0.0018017156339562726,-0.09942519397268079,-0.07924812040987025,-0.49707222,1.0,0.1939832783958755,-0.00978999315045008,-0.06711369680475965,0.007194993408566965,False
441,0.2363541252806249,0.01646150924687462,0.15872159473755906,-0.02736538545710281,0.70649576,1.0,0.32049915147185576,-0.0015279626922444288,0.022172641909317305,0.007194993408566965,False
441,0.09814360181800025,-0.017435805598042003,0.24729086537191286,0.4665968244830561,-0.68075794,1.0,0.1939832783958755,-0.0015279626922444288,0.2529182727993024,-0.04251527075815617,False
441,0.1930871037885732,-0.0007921115995365962,0.022631406660718445,0.00654024030211928,0.03925112,1.0,0.32358345056091065,-0.005795358527926243,0.022172641909317305,0.007194993408566965,False
441,0.1930871037885732,-0.0018017156339562726,0.022631406660718445,-0.08653979054506222,-0.70610094,1.0,0.1643795822987774,-0.03786316179662997,-0.20006808850610366,0.007194993408566965,False
441,0.1930871037885732,-0.009771143790960467,0.022631406660718445,0.00654024030211928,-0.83022726,1.0,0.27794319162348297,-0.0015279626922444288,0.20407616479669816,-0.42239293561367747,False
442,0.16095477095145228,0.036683751186311724,0.022631406660718445,-0.5918073738443825,1.7069213,1.0,0.13581956716392635,-0.0015279626922444288,0.022172641909317305,0.007194993408566965,False
442,0.32925588848171305,-0.0018017156339562726,0.022631406660718445,-0.2749713231265445,0.51300824,1.0,0.1939832783958755,-0.0015279626922444288,0.022172641909317305,0.007194993408566965,False
442,0.1930871037885732,-0.02577365984738538,-0.0631558229938891,-0.09494833155170612,-0.9870653,1.0,0.06678676417429602,-0.035988773268165845,0.03433185892966634,0.007194993408566965,False
442,0.3541600107501789,-0.0018017156339562726,0.022631406660718445,0.5960643468572451,-1.3312922,1.0,0.4675690673737831,-0.0015279626922444288,0.022172641909317305,-0.12430164090241816,False
442,0.25094241803397993,-0.0018017156339562726,0.022631406660718445,0.00654024030211928,2.0327952,1.0,0.3268400277352266,-0.002203195975767422,0.022172641909317305,-0.004076128086008001,False
442,0.1930871037885732,0.02295755791601442,0.038685782097844984,0.00654024030211928,-1.150081,1.0,0.1939832783958755,-0.0015279626922444288,0.053299426371681814,-0.5380726923001321,False
442,0.1930871037885732,-0.0018017156339562726,0.022631406660718445,-0.41522831871414084,-0.37244755,1.0,0.17108534027394218,0.019909897468784896,0.022172641909317305,0.007194993408566965,False
442,0.1930871037885732,-0.0018017156339562726,0.022631406660718445,0.00654024030211928,0.09328612,1.0,0.1051121039837906,-0.0015279626922444288,0.022172641909317305,0.007194993408566965,False
442,0.2612043094394771,0.01268330517196161,-0.26010866322014226,0.00654024030211928,1.3916187,1.0,0.32235750950726955,-0.0015279626922444288,0.14549430344125103,0.007194993408566965,False
442,0.1930871037885732,-0.0018017156339562726,0.39394302339128,-0.5990952548646616,-0.9630152,1.0,0.1939832783958755,0.009202266042604745,0.022172641909317305,-0.4992470523671971,False
443,0.1930871037885732,-0.0018017156339562726,-0.1421841132704512,0.00654024030211928,1.9937657,1.0,0.20441565738523906,-0.03736493115831922,0.022172641909317305,-0.30101223058536697,False
443,0.17169366152900173,-0.0018017156339562726,0.022631406660718445,0.05359490033338728,0.6124095,1.0,0.24104269090443461,-0.0015279626922444288,0.022172641909317305,0.007194993408566965,False
443,0.19644484081800684,0.002492028209052177,0.022631406660718445,-0.20608526801242677,-1.9272592,1.0,0.30730440831349964,0.047166223379759356,0.022172641909317305,0.007194993408566965,False
443,0.08306925531396563,0.0371881716233313,0.022631406660718445,-0.07819083134536159,0.20050752,1.0,0.22198004085336245,-0.030107787991923377,-0.02752742162706719,0.007194993408566965,False
443,0.1930871037885732,-0.0018017156339562726,0.022631406660718445,0.00654024030211928,-0.49399614,1.0,0.1939832783958755,-0.0015279626922444288,-0.016152375681772784,0.007194993408566965,False
444,0.208769892591476,-0.02704971050883378,0.288657908167201,0.2615500140084192,-0.36893272,1.0,0.08031304845895965,-0.0015279626922444288,0.11207899145688478,0.007194993408566965,False
444,0.17707873474564328,-0.07260149912775084,0.2023352426255684,0.00654024030211928,-1.7746067,1.0,0.3000446851508554,0.07622439483884373,0.022172641909317305,0.8436417477667675,False
444,0.1930871037885732,-0.004136020432670153,-0.044090739345088406,-0.027824730137693775,-0.30018687,1.0,0.1939832783958755,0.004782848257031111,-0.029416618773980812,0.007194993408566965,False
444,0.19392557036647037,-0.0018017156339562726,0.49460205192717765,0.5233588459104207,-0.9921502,1.0,0.1939832783958755,-0.0015279626922444288,0.29116764077913987,0.10754260012940842,False
444,0.2305773728273857,-0.011413686320863328,0.022631406660718445,0.00654024030211928,0.100141704,1.0,0.1939832783958755,0.049363125580903375,0.022172641909317305,0.22330636450790015,False
444,0.23808332076187722,0.01499648890740738,0.6885560659804166,0.8140041203380296,-0.41803354,1.0,0.27352756006719703,-0.0015279626922444288,-0.03143080308317543,0.007194993408566965,False
444,0.1930871037885732,-0.0018017156339562726,0.21498835409809486,0.00654024030211928,0.029801995,1.0,0.1939832783958755,0.017066519158534754,0.30793876071939913,0.46712990041265323,False
444,0.30124632822251163,-0.0018017156339562726,-0.26554430437859783,-0.44291600240122675,-0.7317395,1.0,0.29996313181824785,0.020232244782517426,0.1524334997984304,0.007194993408566965,False
444,0.1930871037885732,0.04142480968402838,-0.0783877891804802,0.00654024030211928,2.185434,1.0,0.1782373239872419,-0.0015279626922444288,-0.25360817682726694,0.007194993408566965,False
444,0.2432983381508346,-0.025250401523835304,-0.026303278833988128,0.00654024030211928,1.2271507,1.0,0.0569193513195064,-0.0015279626922444288,0.1343734107374223,0.007194993408566965,False
445,0.21347861035226876,0.0022688896440809713,-0.4924817293717397,0.00654024030211928,-0.72651523,1.0,0.2786037622008987,-0.0037311662297372025,0.2995079592194769,-0.022341158381462486,False
445,0.1930871037885732,0.03582192180755947,0.022631406660718445,0.00654024030211928,0.09262878,1.0,0.1939832783958755,0.0013813229067252378,0.052950294199703145,0.007194993408566965,False
445,0.1930871037885732,-0.0018017156339562726,-0.7619659381742383,0.00654024030211928,-1.6075497,1.0,0.314446265409064,-0.0015279626922444288,0.022172641909317305,-0.27755570327457185,False
445,0.1930871037885732,0.00847929936115846,0.022631406660718445,0.00654024030211928,0.6977739,1.0,0.418262508536801,0.02775109153172347,0.022172641909317305,0.007194993408566965,False
445,0.1930871037885732,-0.0018017156339562726,0.32200271206682246,0.492424583764033,1.6583971,1.0,0.1939832783958755,-0.0015279626922444288,0.027762460756370365,0.007194993408566965,False
445,0.1930871037885732,0.009997209883573013,0.022631406660718445,0.00654024030211928,1.0855166,1.0,0.23124471064663168,0.04395199560818593,0.12081150393054975,0.5069975560334731,False
446,0.13906080364795667,-0.0018017156339562726,-0.13557289443198065,0.00654024030211928,0.31235027,1.0,0.1939832783958755,-0.0015279626922444288,0.0012694801274612533,-0.32414160835715444,False
446,0.26720085300915886,-0.0018017156339562726,0.022631406660718445,0.007271897241150691,-1.1164787,1.0,0.1939832783958755,-0.0015279626922444288,-0.1709994449998744,0.12867962519714135,False
446,0.48659928627152915,-0.0018017156339562726,0.022631406660718445,-0.764691060904836,0.7096436,1.0,0.1939832783958755,-0.042101448091305615,-0.052960373293595056,0.007194993408566965,False
446,0.1930871037885732,-0.0018017156339562726,0.022631406660718445,0.171010472206897,0.3781333,1.0,0.1939832783958755,-0.01903896574771431,-0.08215159511152141,-0.6572976245484246,False
446,0.1930871037885732,-0.0018017156339562726,0.022631406660718445,0.00654024030211928,0.592119,1.0,0.06773941213284243,0.0012731496385933907,0.022172641909317305,-0.5574774864017408,False
447,0.1930871037885732,-0.0018017156339562726,-0.2343789474915431,0.00654024030211928,0.5893611,1.0,0.1939832783958755,0.01904214562090383,0.20896636554039436,0.007194993408566965,False
447,0.20421607034680825,0.007828361956123561,-0.0703374866896158,0.00654024030211928,-0.33950472,1.0,0.17073231481075943,-0.0015279626922444288,0.022172641909317305,0.007194993408566965,False
447,0.1930871037885732,-0.036265361800275744,0.022631406660718445,0.16486391579968082,-0.020561099,1.0,0.1939832783958755,0.01927335704956658,0.022172641909317305,0.14515734452648232,False
447,0.1930871037885732,-0.009361288103317374,0.022631406660718445,0.022116324179535487,1.1564444,1.0,0.24301679530528278,0.06721966533943788,0.022172641909317305,0.5246350583330153,False
447,0.1930871037885732,-0.031007917270576394,-0.6190760333914254,0.00654024030211928,-0.3205624,1.0,0.35376702776686275,0.028039458393065812,0.022172641909317305,0.007194993408566965,False
448,0.0805900109097295,-0.0018017156339562726,0.022631406660718445,0.2805749169785087,-0.9877825,1.0,0.1939832783958755,0.05971876832767845,0.022172641909317305,0.12133555846803026,False
448,0.1930871037885732,0.027866116403130425,0.18833480621589968,0.00654024030211928,0.96812975,1.0,0.1939832783958755,-0.0015279626922444288,-0.11939884223872574,0.007194993408566965,False
448,0.1930871037885732,-0.0018017156339562726,0.20087544930448267,0.00654024030211928,-0.011125922,1.0,0.164510708869239,-0.01670045409488785,-0.04700037469877562,0.007194993408566965,False
448,0.1930871037885732,-0.0018017156339562726,0.3382116610081052,0.31947134259420523,-0.15302134,1.0,0.4000855455640189,0.03096511495687336,-0.16162716326647195,0.007194993408566965,False
448,0.1930871037885732,-0.0018017156339562726,-0.24446079163449513,0.00654024030211928,-2.0484664,1.0,0.11916096893264788,-0.0015279626922444288,-0.2561684241579986,0.007194993408566965,False
449,0.13997561383683885,0.004315234323820426,-0.0739609491544951,0.00654024030211928,1.061235,1.0,0.1939832783958755,-0.0015279626922444288,0.3919917496345349,0.45178626672657307,False
449,0.16572154279968532,-0.014108834405835304,-0.4737201897396277,-0.47496892647338396,0.54855955,1.0,0.1939832783958755,-0.0015279626922444288,-0.20328500606038627,0.07731713847333166,False
449,0.1930871037885732,0.04097496933771859,0.2292892703884082,0.00654024030211928,-0.15580681,1.0,-0.07149056080199159,-0.0015279626922444288,-0.1595945029757744,0.007194993408566965,False
449,0.1930871037885732,0.021193684593787156,-0.1433587182088649,-0.17703609503532228,1.1527731,1.0,0.14030606982208588,-0.0015279626922444288,0.26470929408217114,0.007194993408566965,False
449,0.1930871037885732,-0.022770887634363742,0.4864131629403747,0.015544032360999953,0.14346889,1.0,0.09580428475226795,-0.0015279626922444288,0.022172641909317305,0.007194993408566965,False
449,0.04477193015266681,-0.0018017156339562726,-0.4183928263983089,0.00654024030211928,-0.5530144,1.0,0.1939832783958755,-0.008896868288313665,-0.1066933061955124,0.007194993408566965,False
450,0.18000984251391489,0.01761942487567811,0.017335195851540662,0.3045832350811154,0.9475173,1.0,0.1939832783958755,-0.0015279626922444288,-0.041202012903866075,0.007194993408566965,False
450,0.1930871037885732,-0.0018017156339562726,0.022631406660718445,0.00654024030211928,-0.34750992,1.0,0.205594659605809,-0.02486307198291415,0.022172641909317305,0.007194993408566965,False
450,0.1930871037885732,-0.03569764973253054,0.022631406660718445,0.00654024030211928,2.2901313,1.0,0.1939832783958755,0.031328793954591386,0.04986419819985467,0.36872387961576725,False
450,0.23046600761791167,-0.01565027263632272,0.025575741065154232,-0.3812180512814405,0.88859016,1.0,0.1939832783958755,-0.03328553992689616,0.022172641909317305,0.007194993408566965,False
450,0.21040310743977728,-0.0018017156339562726,0.03912540050528696,-0.41319281698328114,1.0286634,1.0,0.1939832783958755,-0.00259004798890539,0.022172641909317305,0.08288769381009163,False
450,0.17821367578853034,-0.012625093425376124,0.022631406660718445,0.24978435319007505,-0.028540932,1.0,0.1939832783958755,-0.0015279626922444288,0.022172641909317305,-1.2190504366771622,False
451,0.29641922241875857,-0.09145046830915671,0.022631406660718445,0.00654024030211928,2.185434,1.0,0.19028172751545583,-0.0015279626922444288,0.022172641909317305,0.007194993408566965,False
451,0.1930871037885732,0.028858181340110495,0.003226293889617867,0.00654024030211928,-1.3847941,1.0,0.2534952797082195,-0.0015279626922444288,0.09373095210299989,0.007194993408566965,False
451,0.1930871037885732,-0.0018017156339562726,0.16542958191052792,0.00654024030211928,0.26621324,1.0,0.1328630400367146,-0.0015279626922444288,0.022172641909317305,0.5063860251695583,False
451,0.26606567911243695,0.01177539502154059,-0.19153849299275091,0.00654024030211928,-1.0427817,1.0,0.20671186985951556,-0.0015279626922444288,-0.03429705733373169,0.7395297920362539,False
451,0.21981134523488624,-0.0018017156339562726,0.3961925467088052,0.00654024030211928,-1.0205283,1.0,0.1939832783958755,-0.012273894008837848,0.0273687435151454,0.007194993408566965,False
451,0.40208878128503234,0.03782344594141892,0.022631406660718445,-0.2869793072938525,-0.76977944,1.0,0.22396294372854514,-0.0015279626922444288,0.022172641909317305,-0.12875972674327799,False
451,0.22694271532917562,0.020390354843748803,-0.14267365520872638,0.9448143034312213,-0.6570958,1.0,0.2141870719208488,0.024763803562613176,0.022172641909317305,0.007194993408566965,False
451,0.1930871037885732,0.008825654472116147,-0.050459716342584754,0.00654024030211928,-0.50856143,1.0,0.0431483385367874,-0.0015279626922444288,0.022172641909317305,0.6191128459636446,False
451,0.216159513812037,-0.0018017156339562726,0.022631406660718445,0.00654024030211928,1.3856916,1.0,0.17440674150181093,-0.0015279626922444288,0.022172641909317305,0.007194993408566965,False
451,0.15939829193924301,-0.01819284235543677,0.022631406660718445,-0.603543621770719,0.3992318,1.0,0.1939832783958755,-0.0015279626922444288,0.09513636525602366,1.2005252779530684,False
451,0.3166385698357043,-0.0018017156339562726,0.022631406660718445,0.10302457939208916,0.042918816,1.0,0.1939832783958755,-0.0001915360999037803,0.022172641909317305,-0.8665589654888458,False
451,0.16399591456283744,-0.0736401138185539,-0.059326256038524275,0.00654024030211928,-0.33759794,1.0,0.1600518327354875,-0.033901995450524525,0.0684104752291208,0.007194993408566965,False
452,0.30141885382775563,-0.019118906569247193,-0.26994385900266615,0.6058509196555937,0.99195343,1.0,0.1939832783958755,-0.0015279626922444288,0.2852426290323762,0.007194993408566965,False
452,0.4383251438750053,-0.0018017156339562726,-0.278897517436419,0.00654024030211928,0.64114267,1.0,0.3756381778450486,-0.026308204650487745,0.022172641909317305,-0.10894434868668597,False
452,0.2687619051179935,-0.02995288820437505,-0.14881338619304205,0.00654024030211928,-1.2364984,1.0,0.24994780868457142,0.04962899599687549,-0.007448386632177843,0.21205703205346632,False
452,0.1930871037885732,-0.0018017156339562726,0.022631406660718445,-0.08286227901681112,0.8866159,1.0,0.1939832783958755,-0.0015279626922444288,-0.14391967336684566,-0.6454368886247562,False
452,0.1930871037885732,-0.022643424048868786,-0.07316873866697232,0.00654024030211928,1.8487536,1.0,0.1939832783958755,-0.0015279626922444288,0.022172641909317305,-0.9646319765914305,False
452,0.35447644765991215,0.04602922931410407,0.022631406660718445,0.2118426765291433,-1.5356004,1.0,0.1939832783958755,-0.0015279626922444288,0.022172641909317305,0.007194993408566965,False
452,0.1930871037885732,-0.0018017156339562726,0.022631406660718445,0.00654024030211928,0.29732507,1.0,0.2467008519873825,0.030082464158855987,-0.32697809869895506,0.34192014807631876,False
453,0.11772307453133007,0.0335459330729663,-0.07696095234484684,-0.3279660643032332,0.8680232,1.0,0.1939832783958755,-0.0061020772699974125,-0.05084018493006108,0.7931800597277313,False
453,0.24337286282981455,-0.0009899394563698551,0.022631406660718445,0.00654024030211928,0.31163368,1.0,0.1939832783958755,-0.0015279626922444288,0.022172641909317305,-0.46500343509981273,False
453,0.1930871037885732,0.006285951701171219,0.022631406660718445,-0.3793108574417868,1.5504996,1.0,0.2976218928090633,-0.0015279626922444288,-0.015580561364823515,0.007194993408566965,False
453,0.19714148127841946,-0.028579847317408914,0.022631406660718445,-0.4652977011731902,0.4634016,1.0,0.13374211113419548,-0.0015279626922444288,0.11190350620422528,0.007194993408566965,False
453,0.1930871037885732,-0.0018017156339562726,-0.2019824110145425,-0.8343261727356699,-1.8693751,1.0,0.1939832783958755,0.0035357377531647755,0.022172641909317305,0.007194993408566965,False
453,0.1930871037885732,-0.0018017156339562726,-0.3905540123297496,0.08930793840617904,-2.7668033,1.0,0.1939832783958755,-0.03191484437383337,0.022172641909317305,0.007194993408566965,False
454,0.1930871037885732,0.023363486860620297,0.022631406660718445,0.00654024030211928,-1.164777,1.0,0.20275631821342976,-0.02651631052424858,-0.08571257844961126,0.007194993408566965,False
454,0.1930871037885732,0.02554228624878108,-0.058914426426777716,0.00654024030211928,0.32935703,1.0,0.1939832783958755,0.04881762018345605,0.09157896106029938,0.007194993408566965,False
454,0.22410896813912223,-0.013161718395324942,0.08553464695911082,-0.07978506769392295,-2.6177168,1.0,0.1939832783958755,0.014100103342710196,0.03549972723209245,0.007194993408566965,False
454,0.2634990648955443,0.03384022068475562,0.33666795899649044,0.6061043673419264,-0.5981647,1.0,0.3345886522809829,-0.0015279626922444288,0.022172641909317305,0.007194993408566965,False
454,0.16249303583131747,-0.0018017156339562726,0.022631406660718445,-0.10647121900743879,1.4430938,1.0,0.27079211744105086,-0.010858909643256712,-0.23189237906087531,0.007194993408566965,False
454,0.28609894195985375,-0.013772845372493459,-0.35978374417148296,0.00654024030211928,0.80304074,1.0,0.34720399002654545,-0.0015279626922444288,0.022172641909317305,1.2462925812185304,False
455,0.3661470665934922,-0.0018017156339562726,0.6962406468114366,-0.4861750223217466,-0.5392829,1.0,0.1939832783958755,-0.0015279626922444288,0.16161762787063694,0.19331691059669714,False
455,0.2379930116467152,0.004891604876337765,0.022631406660718445,0.00654024030211928,0.5629144,1.0,0.1939832783958755,-0.0015279626922444288,0.022172641909317305,0.12308509691143513,False
455,0.26563657148484415,-0.0018017156339562726,0.022631406660718445,0.7608589485992185,0.7662902,1.0,0.1939832783958755,-0.0015279626922444288,-0.042596171750922895,-0.02742397408507809,False
455,0.1930871037885732,0.001168412539117277,-0.1256414945050872,0.00654024030211928,0.2814973,1.0,0.1939832783958755,0.037322657051402364,0.022172641909317305,0.9039397610640822,False
455,0.1930871037885732,-0.0018017156339562726,0.46817472483178313,-0.10969762785505487,1.3697417,1.0,0.1939832783958755,-0.0015279626922444288,-0.12785722361496898,0.007194993408566965,False
455,0.28976161826376545,0.0046127655105088735,-0.08006510697845085,0.00654024030211928,-2.0148237,1.0,0.1939832783958755,-0.0015279626922444288,0.107443651005939,0.007194993408566965,False
455,0.23632646529886553,-0.042541267888206176,0.11411845463786527,0.035702119197267165,-0.3183024,1.0,0.2768587872728909,-0.023593043241700803,0.022172641909317305,0.007194993408566965,False
455,0.1969339006735216,-0.0018017156339562726,0.022631406660718445,-0.4755824210788947,0.9636768,1.0,0.1939832783958755,-0.0015279626922444288,0.022172641909317305,-0.2932660516475124,False
455,0.3274643339800328,-0.01871335621638035,-0.06768547207971665,0.00654024030211928,1.2183831,1.0,0.1939832783958755,0.017052166442107504,-0.1292803959457794,0.07670105779940618,False
455,0.1930871037885732,-0.02334901686995947,0.10442671878670255,0.00654024030211928,-2.2386725,1.0,0.1939832783958755,0.026431244180383152,0.022172641909317305,0.007194993408566965,False
455,0.24801791892475072,-0.0018017156339562726,0.022631406660718445,0.7992084636287043,-1.3917801,1.0,0.2439189547867548,-0.044212516935087945,-0.0019487125572417857,0.007194993408566965,False
456,0.1410602737205022,-0.0018017156339562726,0.022631406660718445,0.00654024030211928,0.68508786,1.0,0.37036595848988396,-0.0015279626922444288,0.022172641909317305,0.9616269841818313,False
456,0.1930871037885732,-0.0018017156339562726,0.022631406660718445,-0.20141086825144894,0.21095714,1.0,0.1939832783958755,-0.0015279626922444288,-0.18000002255855949,0.5611639541725615,False
456,0.1930871037885732,-0.0018017156339562726,0.022631406660718445,0.00654024030211928,1.3732772,1.0,0.1939832783958755,0.02895442474408677,0.022172641909317305,0.007194993408566965,False
456,0.2935756800985375,0.0306489648059476,0.022631406660718445,0.00654024030211928,0.74493927,1.0,0.1620633687079422,-0.0015279626922444288,0.022172641909317305,0.4121142529362123,False
456,0.16516208855780223,-0.0036324009005794765,0.022631406660718445,-0.32398441555138285,-0.93014073,1.0,0.1939832783958755,-0.035866901585135946,0.0014751491556560074,-0.7101298727984627,False
456,0.17956439599080373,-0.05451882058624677,0.07215723695395704,0.00654024030211928,-0.32812816,1.0,0.16893973412380364,0.0046113531409069704,0.22891268213292015,0.007194993408566965,False
456,0.31262522329106046,-0.03790465355024637,-0.33220772597393355,0.20017745875694523,-0.75732523,1.0,0.1939832783958755,0.027095773510060633,-0.2781435390783425,-0.34016942427339986,False
457,-0.002997843203019851,-0.025415229100959114,-0.2543945066863997,0.42565001068503705,-2.0297818,1.0,0.1939832783958755,0.06527158896668256,-0.19348529475859652,0.4160695301731724,False
457,0.192492633674115,-0.042531715324327146,-0.27982012393559735,0.00654024030211928,0.12857032,1.0,0.1102467368159924,-0.052020564960199085,-0.11188202886784637,0.007194993408566965,False
457,0.1666725579426107,-0.03333639008625147,0.022631406660718445,-0.06517172051351652,-1.1989294,1.0,0.1939832783958755,-0.03557088221221489,-0.11955879186798374,0.007194993408566965,False
457,0.16530763365641143,-0.0018017156339562726,0.17544990987461312,-1.0843591555103456,0.48465,1.0,0.1939832783958755,-0.0015279626922444288,0.022172641909317305,0.6744361333937673,False
457,0.24781189290549618,-0.0018017156339562726,0.022631406660718445,0.00654024030211928,0.5021948,1.0,0.252807305232152,-0.0015279626922444288,0.34077740167592224,0.007194993408566965,False
457,0.1930871037885732,-0.016695273606460715,-0.47602216328429553,0.00654024030211928,-0.48956287,1.0,0.1939832783958755,-0.0015279626922444288,0.022172641909317305,0.007194993408566965,False
457,0.1930871037885732,0.02564980106264277,0.2391912935189421,0.00654024030211928,0.41631478,1.0,0.1939832783958755,0.029574888601407518,0.02354982725885131,0.007194993408566965,False
457,0.24708654175811037,-0.0018017156339562726,0.022631406660718445,0.00654024030211928,1.261607,1.0,0.24210194044734887,-0.0015279626922444288,0.022172641909317305,0.007194993408566965,False
457,0.1930871037885732,-0.03343984388145916,0.1438530448132173,-0.13506694023266777,0.71793574,1.0,0.1939832783958755,0.046692275908111786,0.022172641909317305,-0.3978710975877429,False
457,0.1930871037885732,0.03266856702284745,0.022631406660718445,0.22105396988093592,0.5245735,1.0,0.18706578620140976,-0.09331362747164641,-0.015961993589975926,-0.44255842155059094,False
457,0.07630579809601529,-0.0018017156339562726,0.16230547634668105,-0.03252823003119418,0.23062295,1.0,0.1939832783958755,-0.0464158403296176,0.022172641909317305,-0.3759998332801073,False
458,0.35143030723426766,0.023176732402776914,0.24806127672015027,0.24478653762083444,-1.6959982,1.0,0.1324025091666491,-0.01947324381493705,-0.016839571015961948,0.007194993408566965,False
458,0.1482171317665177,0.04610665066973359,0.022631406660718445,0.00654024030211928,0.31575322,1.0,0.0645286311696604,-0.01243039717100471,0.022172641909317305,0.007194993408566965,False
458,0.12021112157397873,-0.0018017156339562726,0.30649030447657377,0.00654024030211928,0.8187053,1.0,0.1939832783958755,0.015218947168420423,-0.09518224796411064,0.3998581567218563,False
458,0.1930871037885732,0.004173300411857046,0.022631406660718445,-0.3647403155595408,1.035176,1.0,0.1939832783958755,-0.0146338515568315,0.022172641909317305,0.007194993408566965,False
458,0.23266525482893058,-0.0018017156339562726,-0.19720202805356132,-0.12923033522537797,0.6023601,1.0,0.1939832783958755,-0.0015279626922444288,0.022172641909317305,-0.2867760752536052,False
458,0.1930871037885732,-0.0018017156339562726,0.07018063088380339,-0.44776588948422574,-1.331716,1.0,0.16348987463738432,-0.014621480738729925,0.022172641909317305,0.007194993408566965,False
458,0.24110778669450073,0.006302079185251676,-0.2418951078417122,0.00654024030211928,1.9439301,1.0,0.1939832783958755,0.02481961109484523,0.06937174802235835,-0.7068370478990569,False
458,0.1930871037885732,-0.0018017156339562726,-0.335304740684184,0.00654024030211928,-0.39473653,1.0,0.1939832783958755,-0.0015279626922444288,0.11800900620101501,0.03288137350597386,False
458,0.1930871037885732,-0.0018017156339562726,-0.12205663042694787,-0.283199156652855,-0.40844858,1.0,0.1939832783958755,-0.0015279626922444288,0.022172641909317305,-0.20877689871507896,False
458,0.20552548189705167,-0.021233493392452105,0.022631406660718445,-0.08057358160726137,-0.011289716,1.0,0.1979214880663807,-0.04253224440985047,-0.3170047551064934,0.007194993408566965,False
458,0.14325885672550037,-0.0018017156339562726,0.1078510610457937,0.1123308526243459,-1.052543,1.0,0.1939832783958755,-0.0015279626922444288,0.015103317639395215,-0.2687649607552265,False
458,0.1930871037885732,-0.0018017156339562726,0.17632540649804004,0.00654024030211928,-0.3626606,1.0,0.34929005044661815,-0.0015279626922444288,-0.0682517568002638,0.007194993408566965,False
459,0.15804276196923336,-0.018923329220876486,-0.16029755408327442,0.4585657009223879,1.0827031,1.0,0.1939832783958755,-0.0015279626922444288,-0.046851274649576724,0.2823185832969581,False
459,0.2325662537763595,-0.0018017156339562726,-0.0557120832559375,-0.4937537921638394,-1.0817763,1.0,0.2367454391669738,-0.0015279626922444288,-0.1542301975264658,0.007194993408566965,False
459,0.1930871037885732,-0.017176728327988902,0.022631406660718445,0.1722539139168751,-0.4709456,1.0,0.17577578715271636,-0.0015279626922444288,-0.13216651102311353,0.007194993408566965,False
459,0.1930871037885732,-0.0018017156339562726,-0.3852260731213911,0.22813403459874976,-0.338941,1.0,0.1939832783958755,-0.0015279626922444288,0.022172641909317305,-0.38765309786728885,False
459,0.1930871037885732,0.041531504434123165,0.05040823763444223,0.00654024030211928,-0.30167606,1.0,0.1939832783958755,-0.005086885547798365,0.27237029715298217,0.31494075747197814,False
459,0.1930871037885732,-0.0018017156339562726,0.022631406660718445,0.00654024030211928,-0.81752944,1.0,0.1939832783958755,-0.0015279626922444288,-0.22448509524832758,0.007194993408566965,False
460,0.1930871037885732,-0.0018017156339562726,0.022631406660718445,0.00654024030211928,0.24507242,1.0,0.26331167891748397,-0.0015279626922444288,0.1461140509590907,0.09479236724903307,False
460,0.16094012788078857,0.006984259578799032,0.022631406660718445,-0.29891005111868507,0.55556905,1.0,0.1939832783958755,-0.0015279626922444288,0.022172641909317305,0.007194993408566965,False
460,0.1930871037885732,-0.0018017156339562726,0.022631406660718445,0.4784604082711197,-1.2803663,1.0,0.200025716270395,-0.0029454915637724425,0.022172641909317305,0.007194993408566965,False
460,0.30235558281532154,-0.008852335045477526,0.022631406660718445,0.4369516534310598,0.8897315,1.0,0.1939832783958755,-0.0015279626922444288,0.20163948077324648,0.007194993408566965,False
460,0.15559378856352774,-0.0018017156339562726,-0.05629867076006738,-0.6241885918727426,0.29566517,1.0,0.1939832783958755,-0.0015279626922444288,0.08919417947736419,0.2776496774594436,False
461,0.25474810476524934,-0.0018017156339562726,0.022631406660718445,0.00654024030211928,-0.4579035,1.0,0.1939832783958755,-0.0015279626922444288,-0.025805917540033554,0.007194993408566965,False
461,0.23949217044279153,-0.0018017156339562726,0.022631406660718445,0.00654024030211928,0.6016621,1.0,0.08129336290038319,-0.0015279626922444288,0.022172641909317305,-0.29811755046037525,False
461,0.24066991841853116,-0.0018017156339562726,0.25304149971570455,0.4216330088610306,-0.7205976,1.0,0.28092766304007116,-0.0015279626922444288,-0.5694340007388745,0.007194993408566965,False
461,0.1930871037885732,0.025798004663405517,-0.061181643914030706,0.00654024030211928,0.42768556,1.0,0.18356236843852997,-0.0015279626922444288,0.24531395086044963,-0.06480168248021585,False
461,0.1990715074663159,-0.02608654430459799,0.05850851958878192,0.00654024030211928,0.110945106,1.0,0.1939832783958755,0.013389934025284399,-0.17575824148135352,-0.047236012581122255,False
461,0.24155720223031327,0.006259410979258292,0.744145135722152,0.2325193095914125,-0.23567128,1.0,0.1939832783958755,-0.01542829805500901,0.013473708276408335,0.47840713230207255,False
461,0.1930871037885732,-0.04289942615338081,0.15600096293510352,0.00654024030211928,1.3185849,1.0,0.1939832783958755,-0.0015279626922444288,0.022172641909317305,0.007194993408566965,False
461,0.20085479470254008,0.002313496986481641,-0.05838410229686759,0.024474755703918546,-0.6430869,1.0,0.1939832783958755,0.03792226447439303,0.08535093151397011,0.007194993408566965,False
461,0.05837671701858291,-0.0018017156339562726,0.022631406660718445,0.00654024030211928,-0.6667455,1.0,0.22563813214169728,0.03226815350496512,0.022172641909317305,0.07208416993974376,False
461,0.1930871037885732,0.02460389749835877,-0.02069286519202524,0.00654024030211928,-1.5371878,1.0,0.26720151029863903,0.0411560649655846,-0.0058135499658995594,-0.6923097593243321,False
461,0.20901517165964467,-0.03430682420387191,0.022631406660718445,0.3808501800361998,1.4030641,1.0,0.1939832783958755,-0.016526870977487354,0.022172641909317305,0.007194993408566965,False
462,0.1930871037885732,-0.05392200280480653,0.022631406660718445,0.021116382604209723,1.7553303,1.0,0.2411677761349282,-0.0015279626922444288,0.029405396207493897,0.007194993408566965,False
462,0.1977094270507226,-0.020323036590333222,0.022631406660718445,0.34662811818038936,-0.5015945,1.0,0.2984476022252645,-0.0015279626922444288,0.2552554625164502,-0.18112859504296888,False
462,0.2741825362603995,-0.04157039622857592,-0.07305724302463018,0.00654024030211928,-0.7921317,1.0,0.1939832783958755,-0.0015279626922444288,0.022172641909317305,0.525789108542603,False
462,0.1930871037885732,-0.0018017156339562726,0.20336282739836015,0.24328532809350656,0.061457247,1.0,0.1939832783958755,-0.0015279626922444288,0.13203088644023644,0.007194993408566965,False
462,0.2608164818343444,-0.0018017156339562726,0.19673707580036603,0.00654024030211928,-0.6680802,1.0,0.06840050026757197,-0.04459566647921234,-0.16821805153213557,0.007194993408566965,False
462,0.15630508450075095,-0.0018017156339562726,0.022631406660718445,0.13962877949123867,-0.2681814,1.0,0.1939832783958755,-0.0015279626922444288,0.022172641909317305,0.007194993408566965,False
463,0.1930871037885732,-0.0018017156339562726,0.004592976384626218,0.00654024030211928,0.08367264,1.0,0.1939832783958755,-0.01770368238191942,0.4723568955824492,-0.00038461925970176714,False
463,0.1930871037885732,0.059702155119721045,0.2372832608679728,0.00654024030211928,0.46731997,1.0,0.29150059023607006,-0.044430292586403394,-0.12064250156266143,0.007194993408566965,False
463,0.1930871037885732,-0.0018017156339562726,0.022631406660718445,0.00654024030211928,1.1486619,1.0,0.1939832783958755,0.05421902012262219,0.31704509364541994,-0.030102790749018286,False
463,0.1930871037885732,-0.0018017156339562726,0.022631406660718445,0.00654024030211928,-1.9590368,1.0,0.17570936095483183,-0.0015279626922444288,-0.18932081145356902,-0.1733851277918807,False
463,0.1930871037885732,0.009668382653128402,0.022631406660718445,-0.5528335278807516,-0.58270556,1.0,0.08746950371522783,-0.0015279626922444288,0.022172641909317305,-0.15130044099626433,False
464,0.2625558923461222,0.020310730057997987,-0.3103922835393413,0.00654024030211928,1.7529305,1.0,0.10382978723863069,-0.0015279626922444288,0.022172641909317305,0.007194993408566965,False
464,0.1930871037885732,-0.0018017156339562726,0.022631406660718445,0.00654024030211928,0.37955976,1.0,0.1939832783958755,-0.0015279626922444288,0.042219876663148,0.007194993408566965,False
464,0.1930871037885732,-0.0018017156339562726,0.28938211428937616,0.07138970449815021,1.1706448,1.0,0.1939832783958755,-0.002852161574475623,-0.31167622157597746,0.07224098369157168,False
464,0.1930871037885732,0.03400757919350508,0.17028768692545374,0.00654024030211928,0.95419323,1.0,0.34541948285312807,0.029489217673254273,0.16169883636785243,0.03619790291553529,False
464,0.1930871037885732,-0.0018017156339562726,0.07929777313478037,0.00654024030211928,1.8625274,1.0,0.1939832783958755,0.03205084156284153,0.07501824495373483,0.007194993408566965,False
465,0.2041676224343745,0.033177313099736545,0.022631406660718445,0.00654024030211928,0.20050752,1.0,0.20256670386094083,-0.0015279626922444288,-0.1069824657898969,0.007194993408566965,False
465,0.1930871037885732,-0.028748686132958064,0.022631406660718445,-0.5466965657645024,0.68340135,1.0,0.1939832783958755,0.012714218038831458,0.14353258233738497,-0.5336605777396201,False
465,0.2563162722765129,-0.0018017156339562726,0.022631406660718445,0.46890669053458933,0.94176626,1.0,0.05581812635621597,-0.0015279626922444288,0.022172641909317305,-0.05258333148970845,False
465,0.1930871037885732,-0.0018017156339562726,0.06801165057086667,0.5855805409138388,-0.45894074,1.0,0.1939832783958755,0.013689770484604015,0.104053452248519,0.02130228447139632,False
465,0.1930871037885732,-0.017523452860643503,0.022631406660718445,0.00654024030211928,0.8767498,1.0,0.1939832783958755,-0.0015279626922444288,0.022172641909317305,0.007194993408566965,False
465,0.27281130201700343,-0.0018017156339562726,-0.3319196777309537,0.36181211866705426,-1.5920348,1.0,0.07619437302260054,0.046096019242501875,0.12209344154817715,0.5059254752010377,False
465,0.305276592934304,-0.07376043001121782,0.022631406660718445,-0.8590840515702781,1.4397237,1.0,0.1939832783958755,-0.0015279626922444288,0.022172641909317305,0.6547695250249044,False
465,0.1930871037885732,0.04878631513858267,0.022631406660718445,-0.06659935280946053,-0.29478094,1.0,0.30323192486739675,-0.01499869506718107,0.022172641909317305,0.6120034948333642,False
465,0.14561694460737085,-0.0018017156339562726,0.022631406660718445,0.21963567086804334,0.12857032,1.0,0.22262523503131945,-0.0015279626922444288,0.022172641909317305,0.007194993408566965,False
465,0.20385063869985695,0.0029285333491076435,0.022631406660718445,0.00654024030211928,-0.48648006,1.0,0.29375447622627776,-0.0015279626922444288,0.022172641909317305,0.007194993408566965,False
465,0.1930871037885732,0.006623088299784324,-0.12976756282794727,0.22363793024495413,0.10092306,1.0,0.3758435872095295,0.03825537796283721,-0.2268031897045713,0.14483091385745644,False
465,0.18194410492383142,-0.01578511155569575,0.022631406660718445,0.22146724441435306,-0.45939815,1.0,0.1939832783958755,0.0022299732761796075,-0.2120767255457716,0.11799011046604098,False
465,0.1930871037885732,-0.0018017156339562726,0.022631406660718445,-0.005296502421932754,1.5431657,1.0,0.1939832783958755,-0.0015279626922444288,0.12836294818573463,0.007194993408566965,False
465,0.18585268251189674,-0.0018017156339562726,-0.054433331737979554,0.00654024030211928,0.14000732,1.0,0.15040994548018408,-0.0015279626922444288,-0.14172510320815584,0.007194993408566965,False
465,0.1930871037885732,-0.0018017156339562726,0.008909064915594185,0.08701085274223787,0.31016973,1.0,0.2756275184233725,-0.0015279626922444288,0.022172641909317305,-0.22650781771376027,False
466,0.25632367015736435,0.008033096246556033,0.022631406660718445,-0.38104009788463045,-0.66783345,1.0,0.1939832783958755,-0.0015279626922444288,0.022172641909317305,-0.19724606041566464,False
466,0.1930871037885732,-0.016844514731989262,0.022631406660718445,-0.4940614214933441,-0.55292493,1.0,0.18375722876717382,-0.0015279626922444288,0.022172641909317305,0.22910828223351296,False
466,0.1930871037885732,-0.0018017156339562726,0.022631406660718445,0.00654024030211928,-1.4430763,1.0,0.3482277031709581,0.024882057266016167,0.051587308999980215,0.007194993408566965,False
466,0.1930871037885732,-0.0018017156339562726,0.022631406660718445,0.04546486827311137,-2.5782013,1.0,0.4751688485250015,-0.0019818606359522824,-0.15959493208276102,0.007194993408566965,False
466,0.1930871037885732,-0.027413666860641523,0.022631406660718445,0.34957023540626564,0.9147281,1.0,-0.008508311061672491,-0.035393328748598185,-0.25497377080241984,0.5096554458462692,False
466,0.30411205655073514,-0.029223487333923773,-0.14991380985693986,0.1262119555979108,1.4974332,1.0,0.1939832783958755,0.007224793912859014,-0.09622913247739218,0.007194993408566965,False
466,0.2651642981004565,-0.04946831770711925,0.022631406660718445,0.00654024030211928,-0.8900515,1.0,0.1939832783958755,-0.0015279626922444288,0.022172641909317305,0.007194993408566965,False
466,0.1930871037885732,-0.004183988923010019,-0.1256892561177115,-0.11965348678736054,1.3395965,1.0,0.17295956372436486,-0.0015279626922444288,0.022172641909317305,0.007194993408566965,False
467,0.2418016834878019,-0.0018017156339562726,0.022631406660718445,0.013106846198217288,-0.9680798,1.0,0.2249343969037542,-0.0015279626922444288,0.12431135902791103,-0.05310477156560188,False
467,-0.007976013886450917,-0.006531547707605145,-0.4037332213699285,0.03982007708297794,-0.80309325,1.0,0.15757503176577348,-0.0015279626922444288,0.03481951829602899,-0.09171080581875163,False
467,0.1930871037885732,-0.0018017156339562726,0.022631406660718445,0.00654024030211928,2.1121626,1.0,0.285240049523392,-0.013155313488662139,0.022172641909317305,0.009596819913962272,False
467,0.1930871037885732,-0.0018017156339562726,0.022631406660718445,0.12936215913444096,-0.39262572,1.0,0.1939832783958755,-0.0015279626922444288,0.022172641909317305,0.007194993408566965,False
467,0.1447016496244391,-0.0028842541715204274,0.022631406660718445,0.0809072096364576,-0.07048273,1.0,0.19262965671403487,-0.0015279626922444288,-0.16374201704996788,0.007194993408566965,False
467,0.29812455992512865,-0.0018017156339562726,0.022631406660718445,0.00654024030211928,1.327517,1.0,0.1939832783958755,-0.025239889407734972,0.022172641909317305,-1.0318043524315943,False
468,0.1930871037885732,-0.0016952426433176257,0.022631406660718445,-0.10469475413241512,0.38301462,1.0,0.1939832783958755,-0.028264798077382882,0.022172641909317305,0.8285414015215782,False
468,0.147466651491348,-0.0018017156339562726,0.022631406660718445,0.00654024030211928,-1.3119987,1.0,0.12561564691595783,0.005674394674037029,-0.05220096120404612,-0.07469983055691948,False
468,0.1930871037885732,0.0015827156971895107,0.022631406660718445,-0.7809449058367779,0.13996372,1.0,0.1939832783958755,0.006375034374596142,0.23354198582875887,-0.3904994954084472,False
468,0.1930871037885732,-0.006190370067929804,0.22227632872342873,-0.5196968989429711,-0.9849027,1.0,0.1551618560955399,-0.013514993322078587,0.022172641909317305,0.007194993408566965,False
468,0.1930871037885732,0.02195158333514138,-0.07199555393129653,-0.46828255169504335,1.4983163,1.0,0.1939832783958755,-0.0015279626922444288,0.022172641909317305,0.007194993408566965,False
468,0.1930871037885732,-0.0018017156339562726,0.11664447002814675,0.4053460789257166,0.9364282,1.0,0.1939832783958755,0.029636855344430932,0.29281422181106864,-0.09285352700141275,False
468,0.1930871037885732,-0.03436116063346245,0.022631406660718445,0.00654024030211928,-1.0898837,1.0,0.28493596937926347,-0.0015279626922444288,0.022172641909317305,0.007194993408566965,False
468,0.0947094047506642,-0.0018017156339562726,0.022631406660718445,0.00654024030211928,-1.0924631,1.0,0.1939832783958755,-0.0015279626922444288,0.0444333104624934,-0.16945995209795123,False
468,0.21713469040328504,-0.04317507499955428,0.022631406660718445,0.00654024030211928,-0.87976676,1.0,0.1939832783958755,0.007872686692843668,0.022172641909317305,-0.09563089482508917,False
469,0.23574455974829928,-0.0018017156339562726,0.3803418390444529,0.00654024030211928,0.6645411,1.0,0.22693853104550793,0.06950246115394028,0.022172641909317305,-0.7006043905601135,False
469,0.18027594291392274,-0.0018017156339562726,-0.11314201784107161,0.1467105182598216,-0.485348,1.0,0.2287776252932568,0.06363502037782173,-0.34536626930851927,-0.7846473891229001,False
469,0.1930871037885732,-0.0018017156339562726,-0.18173938592363562,-0.04448321609122341,2.1744516,1.0,0.1939832783958755,0.03170024859570744,0.022172641909317305,0.007194993408566965,False
469,0.1930871037885732,-0.023726157122326525,0.022631406660718445,0.00654024030211928,0.04101199,1.0,0.1939832783958755,-0.028506628970504492,0.022172641909317305,-0.9868310456107152,False
469,0.4067956505299313,-0.0018017156339562726,0.115951780733854,0.00654024030211928,-0.7283203,1.0,0.1939832783958755,-0.0015279626922444288,0.07951655886569582,0.039486701233081664,False
469,0.027244189837340393,-0.03964441752172904,0.26671484203451684,0.2251082688360561,-0.3798104,1.0,0.4994468227796215,0.0037841922212260948,0.022172641909317305,-0.48607724510725736,False
469,0.12211932439509099,-0.0018017156339562726,0.21731312870589736,0.00654024030211928,0.6344615,1.0,0.1939832783958755,-0.019427576319016336,-0.09909039835922913,-0.1857940612241153,False
470,0.24309536976964097,-0.05930888902908714,0.022631406660718445,0.00654024030211928,0.2943159,1.0,0.1939832783958755,-0.025222865778759106,0.022172641909317305,0.12577822955257392,False
470,0.1930871037885732,-0.0018017156339562726,0.12957527977301514,-0.013433257686103917,1.1157877,1.0,0.1939832783958755,-0.011943835892399373,0.022172641909317305,0.007194993408566965,False
470,0.1930871037885732,-0.015806177762461883,0.0918129693030731,0.4467663430821109,-1.7959359,1.0,0.1835865737568711,0.07176710681431143,0.022172641909317305,0.007194993408566965,False
470,0.24651475198889417,0.03383175280585902,0.022631406660718445,-0.2894728149147015,1.2944492,1.0,0.36011777567488057,-0.0015279626922444288,-0.17228350864757183,0.007194993408566965,False
470,0.1930871037885732,-0.0018017156339562726,0.022631406660718445,0.00654024030211928,-1.4161289,1.0,0.1939832783958755,-0.009075332796401957,0.022172641909317305,0.007194993408566965,False
470,0.1930871037885732,-0.012269323301171236,0.022631406660718445,0.00654024030211928,0.401629,1.0,0.17943740239746717,-0.0015279626922444288,0.022172641909317305,0.14735396550077617,False
470,0.16869272146825,0.02487956992464055,0.022631406660718445,0.5832019847791348,-1.6075497,1.0,0.1939832783958755,-0.0015279626922444288,0.10766916623226436,0.007194993408566965,False
470,0.1930871037885732,-0.0018017156339562726,-0.016095360083944327,0.09213962228293238,0.8870423,1.0,0.1939832783958755,-0.0015279626922444288,0.022172641909317305,-0.16179898200197662,False
471,0.1930871037885732,0.00457171647195302,-0.18167705264182366,0.2688524574703349,-0.2528588,1.0,0.11234409216332499,-0.0015279626922444288,-0.10868015931538957,0.42741955902276246,False
471,0.1148921979328145,-0.012594682945687736,0.022631406660718445,-0.16915871413722283,0.05245101,1.0,0.1939832783958755,-0.002984999193945311,0.022172641909317305,0.007194993408566965,False
471,0.1930871037885732,0.01542859046223529,0.13922387453415977,0.00654024030211928,0.124001265,1.0,0.2745797160304575,-0.0015279626922444288,0.21697736387337307,0.5340825022300614,False
471,0.1930871037885732,-0.01664639597194476,0.022631406660718445,0.4052830050128679,0.8859667,1.0,0.1939832783958755,-0.02939263838538045,0.022172641909317305,0.007194993408566965,False
471,0.14859593533123097,0.03018712742453028,0.022631406660718445,0.00654024030211928,-1.6282108,1.0,0.333927411923514,-0.0015279626922444288,-0.3079464626581096,0.007194993408566965,False
472,0.16186465685431875,-0.0018017156339562726,-0.08895474928742148,0.00654024030211928,-0.5243293,1.0,0.26449274470756423,-0.028793243168291148,-0.007255817557614012,0.007194993408566965,False
472,0.22738564913037218,-0.0018017156339562726,0.022631406660718445,-0.3000791145729866,0.6365063,1.0,0.1939832783958755,-0.0015279626922444288,0.022172641909317305,0.3452383791148242,False
472,0.18866990280558976,-0.0018017156339562726,0.022631406660718445,0.00654024030211928,0.9032342,1.0,0.33549421013511094,-0.0015279626922444288,0.16115062293516658,0.007194993408566965,False
472,0.1930871037885732,0.01360458786380845,-0.3703256561821905,0.00654024030211928,-0.59568036,1.0,0.1939832783958755,-0.0015279626922444288,-0.19598893897682204,-0.027451282044762163,False
472,0.19609935157510006,0.01838716307222918,0.022631406660718445,-0.0018413043858046332,1.1050014,1.0,0.21875791549053025,-0.0015279626922444288,0.022172641909317305,0.007194993408566965,False
472,0.1281354200523482,-0.0018017156339562726,0.0907766493107016,-0.07512712043190165,-0.061893404,1.0,0.1939832783958755,-0.0015279626922444288,0.10399010045340529,0.007194993408566965,False
473,0.15278772425888962,-0.00927825009688817,0.022631406660718445,0.4540278713031861,-0.10198876,1.0,0.1939832783958755,-0.0015279626922444288,0.17688829721277033,-0.6293344194258557,False
473,0.23824453959566502,0.03876361106000085,-0.14330179337035623,0.00654024030211928,0.8356942,1.0,0.1939832783958755,0.026316896637460774,0.022172641909317305,-0.19619676503176273,False
473,0.1930871037885732,0.037119115966129025,0.022631406660718445,0.00654024030211928,0.5770191,1.0,0.1939832783958755,-0.04827287251121113,0.022172641909317305,0.007194993408566965,False
473,0.1930871037885732,-0.006257538661463984,0.022631406660718445,0.2110651609493524,-0.46054873,1.0,0.1939832783958755,-0.0320500221528264,0.16042237961673578,0.007194993408566965,False
473,0.1930871037885732,-0.011643607441989723,0.022631406660718445,0.437205389126127,-0.44982368,1.0,0.4133106419366016,-0.0015279626922444288,0.006975491272150762,-0.10781167348452843,False
474,0.1930871037885732,-0.0018017156339562726,0.14847859649351802,0.00654024030211928,-1.332789,1.0,0.1939832783958755,-0.0015279626922444288,0.03779374781114435,0.8657719508617306,False
474,0.1930871037885732,0.02122766352986699,0.022631406660718445,0.00654024030211928,-1.5575277,1.0,0.1357410620916743,0.06978444349946018,0.022172641909317305,0.007194993408566965,False
474,0.26047657631187904,0.01858784158403172,-0.012666531054217126,0.43247491766465723,-1.0299287,1.0,0.20528801831409088,-0.05715567531124228,0.33823601554773824,0.007194993408566965,False
474,0.2994041184685615,-0.042805417501558723,0.022631406660718445,0.00654024030211928,0.15579325,1.0,0.31386784944407625,-0.05485385432074377,-0.2689846600513252,0.007194993408566965,False
474,0.1930871037885732,-0.06538166820396847,-0.5860060873586699,0.00654024030211928,-1.4050759,1.0,0.1939832783958755,-0.010811338843788603,-0.19747794022035067,-0.007508400112431,False
474,0.1930871037885732,-0.0018017156339562726,-0.1418771354759098,0.00654024030211928,-0.66556644,1.0,0.3609534785139201,-0.03786363860495155,-0.047799020820304614,0.07492088093538943,False
474,0.1930871037885732,-0.06764824061530843,0.2643914098101241,-0.3041982154933623,1.327915,1.0,0.1939832783958755,-0.0015279626922444288,0.022172641909317305,-0.2537964498049065,False
475,0.24085901100153334,0.034429275370536624,0.14825202551974093,-0.29939318577075685,-0.40080005,1.0,0.2714148835011487,-0.0015279626922444288,0.022172641909317305,-0.18419711430884844,False
475,0.1930871037885732,-0.029130696987697886,-0.29229633262050964,0.00654024030211928,-0.78816766,1.0,0.2085688750153334,-0.0015279626922444288,-0.27162926591465136,0.13984275695111295,False
475,0.1930871037885732,0.08823320585508329,0.3311086045611803,0.00654024030211928,0.43396068,1.0,0.3321110445307503,-0.014722158029883133,-0.3023007215401754,-0.2164611456390682,False
475,0.1930871037885732,0.0024798019228915967,0.022631406660718445,-0.11891263831957674,-1.0029728,1.0,0.1939832783958755,-0.0015279626922444288,0.022172641909317305,0.46622507059621027,False
475,0.1930871037885732,-0.0018017156339562726,0.33863752728115865,0.16810745216672485,1.0409765,1.0,0.1939832783958755,0.02954274333709021,0.022172641909317305,0.007194993408566965,False
476,0.045270985545338205,0.00970861686794142,0.28926081341169285,0.00654024030211928,-0.7681737,1.0,0.24800992187898344,-0.013652422841469397,0.022172641909317305,0.007194993408566965,False
476,0.1930871037885732,0.002117301642772216,-0.6290926649374255,0.5903998270688006,-0.33073723,1.0,0.21415160782814838,-0.0015279626922444288,-0.13589649424690622,0.007194993408566965,False
476,0.1930871037885732,-0.0018017156339562726,0.022631406660718445,-0.22115390300039098,-0.79789484,1.0,0.1939832783958755,-0.0015279626922444288,0.28000606093103547,1.3598510344856078,False
476,0.1930871037885732,-0.0064808802773678904,-0.09808486304765192,0.07328837957945475,0.5192473,1.0,0.20493953479689353,-0.0015279626922444288,0.022172641909317305,-0.04439564808803803,False
476,0.22664295991547997,-0.0018017156339562726,-0.3737578387385882,0.2647475409801318,-2.2830184,1.0,0.1939832783958755,-0.0015279626922444288,0.17642748507131126,0.11884329083924276,False
476,0.1930871037885732,-0.0018017156339562726,-0.17446148890129132,0.00654024030211928,-0.3258654,1.0,0.21703156501468207,-0.00422572387207624,0.005348585770801086,0.007194993408566965,False
476,0.23492216581092074,-0.0018017156339562726,-0.12076444048376783,0.00654024030211928,1.935195,1.0,0.3759705257518747,-0.0015279626922444288,0.058040887906145144,0.48119358154653025,False
477,0.1930871037885732,-0.0018017156339562726,0.022631406660718445,0.00654024030211928,0.58108884,1.0,0.1939832783958755,-0.025282563752516116,0.12011027484741221,0.28540561118996105,False
477,0.3071509670556713,-0.0018017156339562726,0.022631406660718445,-0.9487399465733576,1.119929,1.0,0.3904192037256386,0.004777338763073548,0.47063492825491865,0.007194993408566965,False
477,0.1930871037885732,-0.0018017156339562726,0.022631406660718445,-0.2770935694881171,-0.056809634,1.0,0.1939832783958755,-0.0015279626922444288,0.022172641909317305,0.45139549264437623,False
477,0.1930871037885732,-0.0018017156339562726,0.022631406660718445,-0.29690266624052797,-2.1941206,1.0,0.11824310387004328,-0.0015279626922444288,0.018742779708167158,-0.2117907838623503,False
477,0.3216007384982224,-0.0018017156339562726,0.022631406660718445,0.00654024030211928,-1.8727435,1.0,0.19553413127552538,0.0028360739377693302,-0.2530685747916078,-0.3443676977634101,False
478,0.1930871037885732,-0.0018017156339562726,0.1765820935517937,-0.22274086712840702,2.5385258,1.0,0.18267973913451677,-0.0015279626922444288,4.881216081936701e-05,0.007194993408566965,False
478,0.23896166833058743,0.040206994030078366,0.13116316370816136,0.00654024030211928,-0.091159314,1.0,0.1939832783958755,0.03467108143807144,0.022172641909317305,0.007194993408566965,False
478,0.28047660595460394,-0.0018017156339562726,0.022631406660718445,0.1395697467009455,-0.017027438,1.0,0.466954117951351,0.07081013679395066,0.022172641909317305,-0.37079525101117594,False
478,0.26532966249595985,0.02285941750521339,0.022631406660718445,0.20664870901118337,-0.6387014,1.0,0.1939832783958755,0.032937448298032426,0.277840689552298,0.007194993408566965,False
478,0.1930871037885732,0.005336511739985955,0.6093180526146122,0.00654024030211928,0.50449044,1.0,0.15437123021519072,-0.0015279626922444288,0.022172641909317305,0.007194993408566965,False
478,0.1930871037885732,-0.0018017156339562726,0.2743225957338653,-0.5301345154855869,-0.033776224,1.0,0.239635311762192,-0.005917801987968145,0.022172641909317305,-0.06804932321640567,False
479,0.225809915778114,-0.0018017156339562726,0.022631406660718445,0.00654024030211928,1.3588188,1.0,0.1939832783958755,-0.030057846249977097,0.022172641909317305,0.007194993408566965,False
479,0.1487595208761271,-0.0018017156339562726,0.022631406660718445,0.00654024030211928,1.3706329,1.0,0.1939832783958755,-0.0015279626922444288,0.39143652420359065,0.2726168232195552,False
479,0.1930871037885732,0.003687479440272798,-0.3914529812080162,-0.1687024362996403,1.2614329,1.0,0.1939832783958755,-0.0015279626922444288,0.022172641909317305,-0.7951744847362394,False
479,0.2655772357469932,-0.0018017156339562726,-0.35064001202883416,0.00654024030211928,-1.0881709,1.0,0.1939832783958755,-0.020072618073418813,0.022172641909317305,0.30055403982734313,False
479,0.274012545326407,0.010168195798984713,-0.06955673509815645,0.00654024030211928,1.7368231,1.0,0.14508491244560145,-0.0015279626922444288,0.028601391734375033,0.007194993408566965,False
480,0.08777540691098007,-0.0018017156339562726,0.022631406660718445,0.00654024030211928,1.1108072,1.0,0.1939832783958755,-0.0015279626922444288,0.022172641909317305,0.007194993408566965,False
480,0.1494189056772827,-0.000667291688060167,-0.019929306808369053,0.00654024030211928,0.37741268,1.0,0.20915411817018104,-0.00656393162509334,0.22175874698623818,0.007194993408566965,False
480,0.1930871037885732,-0.03584264381855061,0.022631406660718445,-0.13452923692568708,-1.3788939,1.0,0.1939832783958755,-0.0015279626922444288,0.022172641909317305,-0.14507806622794503,False
480,0.23279366035838445,-0.002688019200128975,-0.3219276370926346,0.00654024030211928,-1.8115485,1.0,0.3823157631967279,-0.0015279626922444288,0.0954146460130545,0.007194993408566965,False
480,0.2283065822299281,0.002253951972965836,-0.14423214289268102,0.00654024030211928,-0.09636113,1.0,0.1953991591781109,0.02604126475002605,0.022172641909317305,-0.19157343009131517,False
481,0.1930871037885732,-0.0018017156339562726,0.3554412493471462,0.027676605056716416,-1.0749958,1.0,0.1939832783958755,0.008425061273912834,0.022172641909317305,0.007194993408566965,False
481,0.13239639328988917,0.044160715331217335,-0.06052154146338183,-0.0024722010190684155,1.066843,1.0,0.1939832783958755,-0.0015279626922444288,0.022172641909317305,0.007194993408566965,False
481,0.1930871037885732,-0.0018017156339562726,0.23781463069510433,0.00654024030211928,-2.382172,1.0,0.1939832783958755,-0.03661013310595901,-0.23674394067091384,0.6768038545233226,False
481,0.2754993285137525,-0.07013200154428846,0.022631406660718445,0.15848742041908298,-0.07038522,1.0,0.1939832783958755,-0.0015279626922444288,0.022172641909317305,0.007194993408566965,False
481,0.1930871037885732,-0.0018017156339562726,0.2934855080055097,0.00654024030211928,-0.1471789,1.0,0.1939832783958755,0.0406443920003617,0.022172641909317305,0.007194993408566965,False
481,0.332844204249512,-0.0018017156339562726,0.022631406660718445,0.1638019195924182,-1.2629693,1.0,0.09621417492251969,-0.0015279626922444288,0.2788752469921461,0.16398967243292786,False
481,0.1930871037885732,-0.0018017156339562726,0.19629259125306348,-0.547863901166397,-1.3847941,1.0,0.30724427272031885,0.019787491341262675,0.022172641909317305,0.007194993408566965,False
481,0.13150040990614603,0.008665088999570015,-0.005469566133101823,0.00654024030211928,0.9150125,1.0,0.3874794020719131,0.011809076035095737,0.022172641909317305,0.13697726840714977,False
482,0.18511335536282492,0.057235796310676414,0.38286890499566384,-0.5010517894909168,1.870241,1.0,0.1939832783958755,-0.0015279626922444288,0.022172641909317305,0.007194993408566965,False
482,0.10929665157040037,-0.0018017156339562726,-0.037644050021063406,0.18954448228962997,-1.1896323,1.0,0.29832786381849064,-0.0015279626922444288,0.022172641909317305,0.6855002521822866,False
482,0.1930871037885732,-0.0018017156339562726,0.11520699139939507,0.019983484496698227,-0.6399939,1.0,0.3453142208288665,-0.0015279626922444288,0.022172641909317305,0.06404361829419855,False
482,0.1450230375411199,-0.0018017156339562726,0.022631406660718445,0.00654024030211928,1.5975938,1.0,0.1939832783958755,-0.0015279626922444288,-0.22738484422491803,-0.8045864037167222,False
482,0.21944374537517763,-0.0018017156339562726,-0.13220162495465695,0.00654024030211928,-0.07153517,1.0,0.26114821323445103,-0.0015279626922444288,-0.4887561918366275,-0.407479641157647,False
482,0.1930871037885732,-0.0018017156339562726,0.2654271072478708,0.45947530450802465,2.6549804,1.0,0.1939832783958755,-0.014506437632019751,0.22600435101659755,0.007194993408566965,False
482,0.1930871037885732,-0.0018017156339562726,0.022631406660718445,-0.6495824659952418,0.21420164,1.0,0.4213688875341989,-0.0015279626922444288,-0.0261089207109519,0.05195809445714278,False
483,0.17913392845864262,-0.017901211435850783,-0.4225665104225531,-1.1696899513457204,-0.4766975,1.0,0.1939832783958755,-0.0015279626922444288,0.022172641909317305,-0.5501191332691961,False
483,0.10103919651350021,-0.03464796549088027,0.022631406660718445,0.00654024030211928,1.2363155,1.0,0.4624381259430106,-0.0015279626922444288,0.022172641909317305,0.007194993408566965,False
483,0.2906090382624764,-0.0018017156339562726,0.10393943360894238,0.00654024030211928,1.3063385,1.0,0.1939832783958755,-0.0015279626922444288,0.022172641909317305,0.007194993408566965,False
483,0.1930871037885732,-0.0018017156339562726,-0.1995541172455286,0.00654024030211928,-1.0882152,1.0,0.2287442847077703,-0.031632573847459766,0.02445035215618933,0.007194993408566965,False
483,0.21420621369248344,0.022913646514310503,-0.12629303682964454,0.00654024030211928,2.3214693,1.0,0.16530773381299366,-0.0015279626922444288,0.04563297900597818,0.007194993408566965,False
484,0.2869639596008378,-0.0018017156339562726,-0.25148546456318643,0.00654024030211928,-1.0597352,1.0,0.3820962427843091,-0.03948465328719039,-0.19209643148185168,0.920862797598028,False
484,0.2445013030517057,-0.06132539177174977,0.022631406660718445,0.5319777592970484,0.7562641,1.0,0.379810298685194,-0.0074918255072287075,-0.10625536350595322,0.007194993408566965,False
484,0.2027708162591807,-0.0018017156339562726,0.1947907171303051,-0.3117890097001192,-0.5824751,1.0,0.25801469292262685,-0.0015279626922444288,0.0023642807748780192,0.007194993408566965,False
484,0.1930871037885732,0.011540691723447603,-0.235929458694367,0.00654024030211928,0.05974558,1.0,0.02068236288231176,0.03275464732305243,-0.03887338582158742,0.007194993408566965,False
484,0.1930871037885732,-0.0018017156339562726,0.02561666430432134,0.00654024030211928,0.51130295,1.0,0.1939832783958755,-0.004247281109846002,0.022172641909317305,0.007194993408566965,False
485,0.1930871037885732,-0.0018017156339562726,0.20339255438169618,0.25995478762983315,1.2435746,1.0,0.1939832783958755,-0.0015279626922444288,0.022172641909317305,0.007194993408566965,False
485,0.37016000087233014,-0.0018017156339562726,-0.10257724640273327,0.25194638075809617,0.44300723,1.0,0.25712053655167627,0.02662932921991304,0.022172641909317305,0.007194993408566965,False
485,0.1930871037885732,-0.00787708207072201,0.022631406660718445,0.00654024030211928,1.7227767,1.0,0.15813169510130792,-0.0015279626922444288,0.013388475682139446,0.5830101763258984,False
485,0.05535654933871417,-0.0018017156339562726,0.022631406660718445,-0.3922915911097638,-1.5116967,1.0,0.1939832783958755,-0.0015279626922444288,0.022172641909317305,0.007194993408566965,False
485,0.14457773702881505,0.0355264342302582,0.007180691558751789,0.00654024030211928,-1.259672,1.0,0.1939832783958755,0.09481856755016167,0.1305843082737929,-0.31285913508660285,False
485,0.1930871037885732,-0.0018017156339562726,-0.22750380440180518,-0.32878537715061396,1.0834128,1.0,0.20619891918637015,-0.0015279626922444288,-0.4290952239341772,0.007194993408566965,False
485,0.12016598610277764,-0.0018017156339562726,0.022631406660718445,-0.1244326497255015,0.89199406,1.0,0.2410357191029723,0.045712172824676704,-0.06264992112900482,0.2503050827051661,False
486,0.1900484394979378,-0.016415950193408385,-0.13327116407271317,-0.471056615824357,-2.2219954,1.0,0.2107047788686225,-0.07580811295152655,0.022172641909317305,0.24897408128464327,False
486,0.1930871037885732,-0.02862714115464981,-0.4393115178054856,0.31060978184878746,0.43847367,1.0,0.3648205145398573,0.04981926871544415,0.2506662218092702,0.007194993408566965,False
486,0.1930871037885732,-0.014875516737536332,0.06294509675819614,0.1366962925574212,0.30208907,1.0,0.2912611058113853,-0.001001463477055129,0.022172641909317305,0.3497949956412752,False
486,0.2549892382717025,0.020338331884785024,0.2769292903125594,-0.7856225996976562,-1.1156434,1.0,0.011145684373311121,-0.0015279626922444288,0.148283177023961,0.007194993408566965,False
486,0.3575212902117231,0.010519118900925144,0.05913039572635333,-0.10993443403669906,-1.3734955,1.0,0.1939832783958755,0.03637282867656148,-0.2481533102989211,0.26374940730191,False
486,0.1930871037885732,-0.0018017156339562726,0.05833360119403438,0.00654024030211928,-0.66312313,1.0,0.1939832783958755,-0.0015279626922444288,0.022172641909317305,-0.8808337942056983,False
486,0.25155953413819626,-0.0018017156339562726,0.0585846925517265,0.00654024030211928,0.40118575,1.0,0.3158533058557116,-0.0015279626922444288,-0.26781832775686254,0.007194993408566965,False
486,0.1930871037885732,-0.0206715492812016,-0.343993463215404,-0.40353833219077845,-0.86499226,1.0,0.12628567813662428,-0.0015279626922444288,0.14664878653142444,-0.15036427208846784,False
487,0.25178474960380803,-0.0018017156339562726,0.022631406660718445,0.00654024030211928,-0.5889969,1.0,0.1939832783958755,-0.008011010823342388,0.022172641909317305,0.007194993408566965,False
487,0.2615840596886337,-0.0018017156339562726,-0.5167474689903675,0.00654024030211928,-0.32920945,1.0,0.1939832783958755,0.027619893268337446,-0.1718309178058789,0.007194993408566965,False
487,0.10660053244857129,-0.025940502213763983,0.3569274428752915,0.00654024030211928,-0.44307438,1.0,0.1939832783958755,0.00811121595032095,0.022172641909317305,-0.771255369142039,False
487,0.1930871037885732,-0.0018017156339562726,0.022631406660718445,0.00654024030211928,2.391845,1.0,0.1939832783958755,-0.0015279626922444288,0.18748552335403348,-0.14687425842319934,False
487,0.1930871037885732,-0.01155295306057524,0.022631406660718445,0.0032440815891922395,-0.9812606,1.0,0.1939832783958755,-0.0015279626922444288,0.022172641909317305,0.007194993408566965,False
487,0.1930871037885732,0.023937230196069702,0.022631406660718445,-0.8100130513892655,0.34662935,1.0,0.1939832783958755,-0.0015279626922444288,0.3546821454602313,0.007194993408566965,False
487,0.1930871037885732,-0.023070193879205794,-0.05071438009380767,0.22423101223140943,0.80889976,1.0,0.4188597696769205,-0.0015279626922444288,0.022172641909317305,0.007194993408566965,False
488,0.3079813390998505,-0.0018017156339562726,0.022631406660718445,0.00654024030211928,-0.9270465,1.0,0.1939832783958755,-0.0015279626922444288,0.022172641909317305,0.007194993408566965,False
488,0.1930871037885732,-0.0007524538692466188,-0.017804233619461464,-0.2780266097845212,-0.16066195,1.0,0.1939832783958755,0.002363512026567219,-0.1330671090636879,0.007194993408566965,False
488,0.1930871037885732,-0.0018017156339562726,-0.2398234211437385,0.00654024030211928,-1.0439997,1.0,0.1939832783958755,-0.0015279626922444288,-0.10466681919396312,0.007194993408566965,False
488,0.1930871037885732,-0.0018017156339562726,0.022631406660718445,-0.040206619394457924,-0.82555133,1.0,0.1939832783958755,0.009592498941121809,0.022172641909317305,0.3283764192304617,False
488,0.3647017237541981,0.043320294070801756,0.022631406660718445,0.606725422176717,0.5192473,1.0,0.2507602404723327,-0.0015279626922444288,0.19231305497282195,0.007194993408566965,False
488,0.1930871037885732,-0.0018017156339562726,0.022631406660718445,0.00654024030211928,-1.5869833,1.0,0.1939832783958755,-0.0015279626922444288,0.022172641909317305,-0.22491014282889174,False
488,0.2662709035037355,-0.04100646221818496,0.4342284553452397,0.09295117689502831,1.1729597,1.0,0.1939832783958755,-0.0015279626922444288,0.022172641909317305,0.007194993408566965,False
488,0.1930871037885732,-0.0018017156339562726,0.022631406660718445,0.00654024030211928,-0.4946446,1.0,0.1939832783958755,0.07099150734396593,0.27622562837902187,0.7312736703924029,False
489,0.1266441095756891,-0.0018017156339562726,0.03475581848180896,0.03324755800755036,2.3486116,1.0,0.23371939572026873,-0.0015279626922444288,0.11490041865598782,-0.11702724086419053,False
489,0.21202962392305064,-0.0018017156339562726,0.4722965422738455,0.00654024030211928,-1.002096,1.0,0.1939832783958755,-0.0015279626922444288,0.022172641909317305,0.007194993408566965,False
489,0.1930871037885732,-0.04296111957676519,0.022631406660718445,0.00654024030211928,-0.34086335,1.0,0.1939832783958755,-0.0015279626922444288,0.022172641909317305,0.2752144553485699,False
489,0.1930871037885732,-0.0018017156339562726,0.022631406660718445,0.00654024030211928,-1.059848,1.0,0.1939832783958755,-0.10753298427910922,0.16219043693560062,0.3846961878498824,False
489,0.19859293939383535,0.02111468337090063,0.022631406660718445,0.026254694684301753,-1.8001342,1.0,0.1939832783958755,0.037156206410130954,-0.03960997234517827,-0.08189880384479013,False
490,0.1930871037885732,0.0401933699674972,0.022631406660718445,-0.020744696920835293,0.3846768,1.0,0.1939832783958755,0.004504533012874545,0.022172641909317305,0.007194993408566965,False
490,0.1930871037885732,-0.0018017156339562726,0.022631406660718445,0.023573340116600037,0.7186036,1.0,0.1939832783958755,-0.0015279626922444288,0.020394156498292862,-0.4063204223638872,False
490,0.1930871037885732,-0.04598155853093775,0.14282828099106942,-0.5151402047516616,-2.2103224,1.0,0.1939832783958755,-0.0015279626922444288,0.022172641909317305,0.32833208588171764,False
490,0.21899355111506497,-0.0018017156339562726,0.022631406660718445,0.00654024030211928,1.1975785,1.0,0.1939832783958755,0.00010120619824116324,0.022172641909317305,-0.2606743793988039,False
490,0.12992710052413592,-0.0018017156339562726,-0.3228997950489837,0.00654024030211928,0.18257649,1.0,0.31713610210250043,-0.0015279626922444288,0.022172641909317305,0.007194993408566965,False
491,0.3605121870193684,-0.0018017156339562726,0.022631406660718445,-0.21095887981492764,1.1708431,1.0,0.2612495859677222,0.030062721150551565,0.022172641909317305,-0.09779432948516514,False
491,0.1930871037885732,0.028106473687194596,0.022631406660718445,0.00654024030211928,2.815933,1.0,0.1458886370926718,0.004472994238262978,-0.11744017364592349,0.007194993408566965,False
491,0.1930871037885732,-0.0028563792084787577,0.022631406660718445,0.00654024030211928,0.3531484,1.0,0.1939832783958755,0.034283727073308956,0.15476183430776366,-0.15267208131980256,False
491,0.1930871037885732,-0.0018017156339562726,-0.0694530992079529,0.00654024030211928,0.37766755,1.0,0.1939832783958755,-0.0015279626922444288,0.07225241149047627,-0.15938055778966237,False
491,0.1930871037885732,-0.0418374881154436,0.022631406660718445,0.00654024030211928,-0.08959562,1.0,0.3798885259509467,0.029443742734540347,0.022172641909317305,-0.3811609557638166,False
492,0.1930871037885732,-0.02031111029555063,0.022631406660718445,0.3272831475035753,0.022583544,1.0,0.1939832783958755,-0.0007817439148901686,-0.13180456903234147,-0.9555663527504802,False
492,0.2146876638083298,0.016576749166221035,0.022631406660718445,0.00654024030211928,0.5687984,1.0,0.31547609790759856,-0.0015279626922444288,0.022172641909317305,0.007194993408566965,False
492,0.1930871037885732,0.017196150141395576,-0.310849511001621,0.2186041495849967,1.8380864,1.0,0.1939832783958755,0.022780501010231897,0.07165032074989237,0.007194993408566965,False
492,0.1930871037885732,-0.0018017156339562726,0.022631406660718445,-0.4498972621225718,-0.6033704,1.0,0.1939832783958755,0.025074281754912164,0.022172641909317305,0.007194993408566965,False
492,0.1930871037885732,-0.0018017156339562726,-0.13148841081257653,0.00654024030211928,-0.6858571,1.0,0.1621255516969673,0.04063658491905236,0.012506609014868256,-0.720389730771015,False
493,0.1930871037885732,0.04745435866033486,0.022631406660718445,0.00654024030211928,0.8747458,1.0,0.1939832783958755,-0.04999380997473167,0.09044737667932039,0.3909985846766695,False
493,0.11283515952119728,0.00566189889462882,0.022631406660718445,0.06707132403420435,-1.7145004,1.0,0.1939832783958755,-0.0015279626922444288,0.022172641909317305,-0.18338066000205283,False
493,0.1930871037885732,-0.0018017156339562726,0.022631406660718445,0.00654024030211928,0.25212723,1.0,0.30059911081212143,0.0249204272367734,0.022172641909317305,-1.2446387137711188,False
493,0.16920495409760833,-0.0018017156339562726,0.022631406660718445,0.00654024030211928,0.23569322,1.0,0.1939832783958755,0.02749950440679113,0.14704566173187897,0.007194993408566965,False
493,0.0957680957058278,-0.016565021018154668,-0.04152542033040599,-0.6928533302749668,0.8970469,1.0,0.1939832783958755,-0.055963785498596826,0.022172641909317305,-0.17523366100149784,False
494,0.318643868888673,0.060762122908608066,0.09860761316159465,-0.41235316351902856,0.6183082,1.0,0.1939832783958755,-0.0015279626922444288,0.022172641909317305,0.007194993408566965,False
494,0.1930871037885732,-7.710712208913403e-05,0.09788012403651503,0.00654024030211928,1.729462,1.0,0.24386835214262587,-0.0015279626922444288,-0.04132092430131397,0.007194993408566965,False
494,0.2739644858218043,-0.011898126546105215,0.3083895629982993,-0.44916950005166045,0.35667074,1.0,0.18709930755139922,-0.0015279626922444288,-0.2210250690812687,0.007194993408566965,False
494,0.09852061889755433,0.017508764737368596,0.5286703810298534,0.00654024030211928,1.0702173,1.0,0.0600649581168351,-0.0015279626922444288,0.20655850970449752,0.007194993408566965,False
494,0.19377207197335444,0.043173049394443754,0.022631406660718445,0.00654024030211928,1.0717938,1.0,0.3025114546420462,-0.08272289726372632,0.022172641909317305,0.007194993408566965,False
494,0.26392293522049104,-0.059642966763649566,0.3072118647415934,0.438019193806461,-0.780166,1.0,0.23109541058387575,-0.00409104189514287,-0.15971020582325426,0.007194993408566965,False
495,0.30850425246740404,-0.0018017156339562726,-0.07189666502010736,-0.683650155169377,1.1371977,1.0,0.1939832783958755,0.06117565877408302,0.022172641909317305,0.41702950368694475,False
495,0.1930871037885732,-0.03528899335539639,0.1327340635749487,0.00654024030211928,-0.68466634,1.0,0.1939832783958755,-0.027234501748711018,0.022172641909317305,0.007194993408566965,False
495,0.18182278425859857,-0.0018017156339562726,0.022631406660718445,-0.6008562122693887,-0.5489603,1.0,0.38381623796078934,-0.0024159219125782622,0.022172641909317305,-0.4570459993835425,False
495,0.1930871037885732,-0.0018017156339562726,-0.25149853821030804,-0.06147860251196639,-1.2431625,1.0,0.24685821224418708,0.024826705583498147,0.05682536678523467,0.14465975000485484,False
495,0.12937679056686563,-0.0018017156339562726,0.07941049929524815,-0.4549960967554274,-1.2504213,1.0,0.33668552051554956,-0.0015279626922444288,-0.2122157757142955,0.007194993408566965,False
496,0.32928922093558044,-0.0018017156339562726,0.022631406660718445,0.00654024030211928,-0.83044815,1.0,0.12621123360594444,0.03244812244810102,0.022172641909317305,0.007194993408566965,False
496,0.27915680568777784,0.049576542208434785,0.022390567999504136,-0.3946469625413431,0.57833356,1.0,0.1939832783958755,-0.0015279626922444288,0.022172641909317305,-0.15440641429815175,False
496,0.1930871037885732,-0.0018017156339562726,0.04657630691698622,0.2959350888079392,0.7467538,1.0,0.1939832783958755,-0.0015279626922444288,-0.282932275524569,0.007194993408566965,False
496,0.20094057843702642,0.045493159131703625,0.4234088450621902,0.1696223781100318,0.12675834,1.0,0.1939832783958755,-0.0015279626922444288,0.10412496682880977,0.46277085483610575,False
496,0.1930871037885732,-0.0018017156339562726,0.022631406660718445,-0.1636408087951689,1.3684378,1.0,0.1939832783958755,-0.0015279626922444288,0.16319251877850768,0.2898805677263404,False
496,0.1930871037885732,-0.0018017156339562726,0.010229978702333904,-0.21448565477177603,1.2033126,1.0,0.1939832783958755,0.04676480316951035,0.022172641909317305,0.9350316339408717,False
496,0.3020168530138584,-0.037656651071064536,0.022631406660718445,-0.475720629270348,-1.8115485,1.0,0.1939832783958755,0.024653616303287853,-0.23553569242580477,0.007194993408566965,False
496,0.1930871037885732,0.05238136989221224,0.022631406660718445,-0.2712002447606828,-0.6873103,1.0,0.1939832783958755,-0.028379913229306483,0.022172641909317305,0.006181345786098686,False
496,0.1930871037885732,0.0009044977443433458,0.022631406660718445,0.16442227240591853,-1.1947311,1.0,0.1939832783958755,-0.005587329939030718,-0.035690392100325596,0.40301976510055426,False
496,0.1930871037885732,0.018531963277358673,0.19705426738172116,-0.16391819720755435,1.4844476,1.0,0.1939832783958755,-0.030503305734323412,-0.12398241678319621,0.7071426428471452,False
496,0.24434647433791032,-0.0026141175031667604,-0.2975307524513182,0.00654024030211928,-0.8271684,1.0,0.28775789735477214,-0.0015279626922444288,0.022172641909317305,0.07716181705918723,False
496,0.1930871037885732,0.04861398122697904,0.209813874604759,-0.06456709117686361,-1.2928337,1.0,0.1939832783958755,0.07055434746820619,0.05420352797327753,0.007194993408566965,False
496,0.1930871037885732,-0.002907631474527414,0.022631406660718445,0.00654024030211928,0.5714989,1.0,0.1939832783958755,-0.0450647384547805,0.10009080526610134,-0.34613382481411387,False
496,0.12519601066313663,-0.0018017156339562726,-0.15085462607889474,-0.46496123496914676,-0.4313035,1.0,0.1939832783958755,-0.03175638682151323,0.022172641909317305,-0.33628297656228123,False
496,0.13076680580808897,0.03262917514190363,0.022631406660718445,0.2549107106576184,0.6571319,1.0,0.2499780933985654,-0.0015279626922444288,-0.13344613731447216,-0.2885448411941152,False
497,0.1930871037885732,-0.0018017156339562726,0.1314362609127291,0.7356927453813169,-0.66950965,1.0,0.1939832783958755,-0.0015279626922444288,0.14272724604783749,0.6037918885306577,False
497,0.1930871037885732,0.0358211043638046,0.18153354285078122,0.00654024030211928,-0.36758062,1.0,0.31117247184292746,-0.018002391006170692,0.21934619047835166,0.8288125701982144,False
497,0.1930871037885732,-0.0018017156339562726,0.4504944847636872,0.00654024030211928,1.729462,1.0,0.1939832783958755,-0.0015279626922444288,0.022172641909317305,0.007194993408566965,False
497,0.07698460138008699,0.012611658322856878,0.03112905720697423,-0.32373629602663784,-0.2151775,1.0,0.1939832783958755,-0.0015279626922444288,-0.0050383876994558215,0.007194993408566965,False
497,0.1930871037885732,0.027497724370947697,0.022631406660718445,0.00654024030211928,-1.1047744,1.0,0.16796142902253955,0.006806417534152166,0.007996018620212285,0.3473555331074716,False
497,0.1930871037885732,-0.010675568015369133,0.022631406660718445,-0.1738882315697597,-1.4484787,1.0,0.26019241426520007,-0.0015279626922444288,0.06753446306839274,0.007194993408566965,False
498,0.1930871037885732,-0.024896238777013795,-0.33372465813668023,0.00654024030211928,0.5761395,1.0,0.1939832783958755,-0.0015279626922444288,-0.28811887216683296,0.007194993408566965,False
498,0.1930871037885732,-0.0018017156339562726,0.022631406660718445,-0.14579139547426875,0.39773124,1.0,0.1939832783958755,-0.0015279626922444288,0.022172641909317305,-0.24639893190778997,False
498,0.1930871037885732,-0.0018017156339562726,0.022631406660718445,-0.1581535943838818,-0.87062895,1.0,0.1939832783958755,-0.0015279626922444288,0.022172641909317305,0.007194993408566965,False
498,0.2504858603748067,-0.0018017156339562726,0.07518639807380806,0.00654024030211928,1.0166572,1.0,0.1939832783958755,-0.0015279626922444288,0.022172641909317305,0.5590908059423374,False
498,0.29019801688848224,-0.02028382942023786,0.03237149688891878,0.40299380358803283,-0.44074106,1.0,0.1939832783958755,0.018812363307292843,0.022172641909317305,-0.28033288910584786,False
498,0.1930871037885732,0.019511356526132242,0.022631406660718445,0.075774790485081,0.26152873,1.0,0.1939832783958755,-0.02235783984674418,0.16814476449149476,0.007194993408566965,False
499,0.1930871037885732,0.027446228034402918,0.022631406660718445,0.08363616439773502,-1.3486017,1.0,0.41933846452535917,-0.0015279626922444288,-0.39366959447971156,0.007194993408566965,False
499,0.1930871037885732,-0.0018017156339562726,0.022631406660718445,0.00654024030211928,-0.59146124,1.0,0.1939832783958755,-0.0015279626922444288,-0.032164307838407916,-0.2337007579535568,False
499,0.30900822451153914,0.010662023527347433,0.24666622908004773,0.00654024030211928,-0.3315251,1.0,0.18397537917493842,-0.0015279626922444288,-0.20467913565014856,-0.5315919065224465,False
499,0.1930871037885732,-0.02565323885424007,0.022631406660718445,-0.13227605459320654,0.7428673,1.0,0.17727319843414838,-0.0015279626922444288,-0.2064736220584158,-0.13596606162374592,False
499,0.1930871037885732,0.026639295767816665,0.022631406660718445,-0.5937107155672128,0.41244918,1.0,0.10153615589117831,-0.01632017326017074,0.32135652658849756,0.007194993408566965,False
